lever,draw,channel,err,peak_month,n_sharing,demand_rel,corr_demand
unphased,0,Channel 1,94.2403,-1,0,,0.6450413495792597
unphased,0,Channel 2,137.9459,-1,0,,0.6706695513640966
unphased,0,Channel 3,13.8825,-1,0,,0.6238113207949687
unphased,0,Channel 4,98.1745,-1,0,,0.6963522954827871
unphased,0,Channel 5,147.4706,-1,0,,0.6135988261749018
unphased,0,Channel 6,-106.9994,-1,0,,0.6392674118653945
unphased,0,Channel 7,34.8719,-1,0,,0.6758947609987793
unphased,0,Channel 8,-24.6532,-1,0,,0.6451915937988449
unphased,0,Channel 9,96.814,-1,0,,0.6624558711643339
unphased,0,Channel 10,-57.5365,-1,0,,0.616810797743727
unphased,0,Channel 11,39.2241,-1,0,,0.6761280999682322
unphased,0,Channel 12,-9.5435,-1,0,,0.6431255516693336
unphased,0,Channel 13,-5.8387,-1,0,,0.6541788645858037
unphased,0,Channel 14,53.1229,-1,0,,0.6585475641280332
unphased,0,Channel 15,2.6585,-1,0,,0.6289261406815088
peak_all,0,Channel 1,128.6598,8,2,1.4372487199420307,0.40808612736088185
peak_all,0,Channel 2,132.6155,5,2,0.8218809245964301,0.49574314622001336
peak_all,0,Channel 3,3.5599,10,2,1.4269335806434356,0.3898656743405667
peak_all,0,Channel 4,-5.6731,11,1,1.4608553938712743,0.39112167706558254
peak_all,0,Channel 5,13.5801,2,1,0.4895568352467503,0.36589118256157255
peak_all,0,Channel 6,18.6762,4,1,1.0194759188065914,0.5023703868015037
peak_all,0,Channel 7,15.3356,9,1,1.5241937861666233,0.41648938560756193
peak_all,0,Channel 8,44.8291,3,1,0.8243195387748437,0.40979201411664057
peak_all,0,Channel 9,138.23,1,1,0.38748202292875633,0.45233470196464626
peak_all,0,Channel 10,31.0547,7,1,1.1485587806295792,0.4013031783885763
peak_all,0,Channel 11,30.18,6,1,0.7703270526286072,0.44942477559310234
peak_all,0,Channel 12,4.2465,0,1,0.689167445765078,0.36487041006294274
peak_all,0,Channel 13,-135.0674,8,2,1.4372487199420307,0.4083126474186708
peak_all,0,Channel 14,-3.678,5,2,0.8218809245964301,0.42680725621076815
peak_all,0,Channel 15,8.3396,10,2,1.4269335806434356,0.3960500730595599
peak_12,0,Channel 1,-31.0219,8,1,1.4372487199420307,0.40808612736088185
peak_12,0,Channel 2,109.4652,5,1,0.8218809245964301,0.49574314622001336
peak_12,0,Channel 3,3.4301,10,1,1.4269335806434356,0.3898656743405667
peak_12,0,Channel 4,-14.5143,11,1,1.4608553938712743,0.39112167706558254
peak_12,0,Channel 5,-8.4504,2,1,0.4895568352467503,0.36589118256157255
peak_12,0,Channel 6,-3.4692,4,1,1.0194759188065914,0.5023703868015037
peak_12,0,Channel 7,8.8585,9,1,1.5241937861666233,0.41648938560756193
peak_12,0,Channel 8,31.0885,3,1,0.8243195387748437,0.40979201411664057
peak_12,0,Channel 9,103.8689,1,1,0.38748202292875633,0.45233470196464626
peak_12,0,Channel 10,20.5449,7,1,1.1485587806295792,0.4013031783885763
peak_12,0,Channel 11,23.2363,6,1,0.7703270526286072,0.44942477559310234
peak_12,0,Channel 12,-9.5799,0,1,0.689167445765078,0.36487041006294274
peak_12,0,Channel 13,72.3941,-1,0,,0.6541788645858037
peak_12,0,Channel 14,104.5139,-1,0,,0.6585475641280332
peak_12,0,Channel 15,27.9322,-1,0,,0.6289261406815088
unphased,1,Channel 1,223.8835,-1,0,,0.679700714855111
unphased,1,Channel 2,66.5172,-1,0,,0.6592376263116151
unphased,1,Channel 3,-34.1472,-1,0,,0.5960257636897589
unphased,1,Channel 4,108.8916,-1,0,,0.7031876473691003
unphased,1,Channel 5,629.2182,-1,0,,0.6374559279450501
unphased,1,Channel 6,-38.9352,-1,0,,0.648229773417364
unphased,1,Channel 7,69.2075,-1,0,,0.656876574813813
unphased,1,Channel 8,32.8085,-1,0,,0.6518921225779118
unphased,1,Channel 9,-279.6678,-1,0,,0.6083323089621849
unphased,1,Channel 10,-42.2436,-1,0,,0.6414227173896391
unphased,1,Channel 11,74.3289,-1,0,,0.677402961455985
unphased,1,Channel 12,-66.9671,-1,0,,0.648084805398754
unphased,1,Channel 13,-171.6717,-1,0,,0.6087060859169432
unphased,1,Channel 14,-10.6143,-1,0,,0.6290298426633175
unphased,1,Channel 15,56.1969,-1,0,,0.7044151272334489
peak_all,1,Channel 1,217.5036,8,2,3.7248544191219612,0.5145841789720408
peak_all,1,Channel 2,7.2837,7,2,0.9071269297143458,0.37547656209454777
peak_all,1,Channel 3,15.5782,1,2,1.902133970043568,0.594090397541714
peak_all,1,Channel 4,26.1302,10,1,1.6441608281168707,0.40466158808802133
peak_all,1,Channel 5,286.1283,2,1,0.9750768816233956,0.4526309189385436
peak_all,1,Channel 6,26.3033,9,1,2.1216841581483155,0.4169184107099939
peak_all,1,Channel 7,8.6747,4,1,-1.7765194167095295,0.23551992162832197
peak_all,1,Channel 8,47.0438,6,1,1.1611420556491654,0.4441507012545433
peak_all,1,Channel 9,-14.3795,0,1,0.8420351432895256,0.3467132759580167
peak_all,1,Channel 10,17.924,5,1,-1.1821370784337364,0.35451870553320564
peak_all,1,Channel 11,25.1571,11,1,3.7829875647014073,0.479919220139902
peak_all,1,Channel 12,-56.5194,3,1,-2.1025454552652882,0.3321736124783573
peak_all,1,Channel 13,-27.8682,8,2,3.7248544191219612,0.472397901372342
peak_all,1,Channel 14,35.2559,7,2,0.9071269297143458,0.34995203866392827
peak_all,1,Channel 15,56.1694,1,2,1.902133970043568,0.5235862724020718
peak_12,1,Channel 1,157.9869,8,1,3.7248544191219612,0.5145841789720408
peak_12,1,Channel 2,21.5359,7,1,0.9071269297143458,0.37547656209454777
peak_12,1,Channel 3,61.0323,1,1,1.902133970043568,0.594090397541714
peak_12,1,Channel 4,14.3028,10,1,1.6441608281168707,0.40466158808802133
peak_12,1,Channel 5,255.8989,2,1,0.9750768816233956,0.4526309189385436
peak_12,1,Channel 6,22.0239,9,1,2.1216841581483155,0.4169184107099939
peak_12,1,Channel 7,-2.1868,4,1,-1.7765194167095295,0.23551992162832197
peak_12,1,Channel 8,34.0307,6,1,1.1611420556491654,0.4441507012545433
peak_12,1,Channel 9,-40.9554,0,1,0.8420351432895256,0.3467132759580167
peak_12,1,Channel 10,-5.3798,5,1,-1.1821370784337364,0.35451870553320564
peak_12,1,Channel 11,18.5099,11,1,3.7829875647014073,0.479919220139902
peak_12,1,Channel 12,-67.8552,3,1,-2.1025454552652882,0.3321736124783573
peak_12,1,Channel 13,32.0716,-1,0,,0.6087060859169432
peak_12,1,Channel 14,48.5418,-1,0,,0.6290298426633175
peak_12,1,Channel 15,63.2984,-1,0,,0.7044151272334489
unphased,2,Channel 1,91.4779,-1,0,,0.63476086775764
unphased,2,Channel 2,19.2629,-1,0,,0.654511487454223
unphased,2,Channel 3,-18.385,-1,0,,0.6107760834351665
unphased,2,Channel 4,44.0111,-1,0,,0.6792986666807916
unphased,2,Channel 5,19.304,-1,0,,0.6191832602263405
unphased,2,Channel 6,50.6841,-1,0,,0.6601304322596389
unphased,2,Channel 7,34.1628,-1,0,,0.6639085830768685
unphased,2,Channel 8,-0.1123,-1,0,,0.6535203958820808
unphased,2,Channel 9,165.2766,-1,0,,0.6528164613044626
unphased,2,Channel 10,56.3618,-1,0,,0.6448957826907592
unphased,2,Channel 11,64.9187,-1,0,,0.6962663415288834
unphased,2,Channel 12,68.9501,-1,0,,0.6506817823613191
unphased,2,Channel 13,116.2005,-1,0,,0.6596751167865442
unphased,2,Channel 14,11.2695,-1,0,,0.657158387114191
unphased,2,Channel 15,-99.2901,-1,0,,0.612416351441095
peak_all,2,Channel 1,78.2563,9,2,1.5624451181275518,0.4052161329314918
peak_all,2,Channel 2,-35.616,0,2,0.46678975191792715,0.3587606087627912
peak_all,2,Channel 3,31.586,11,2,1.8407553427027663,0.43699211841814134
peak_all,2,Channel 4,8.7543,6,1,0.6380010384439654,0.39858930501148954
peak_all,2,Channel 5,128.7314,4,1,0.8404977235116877,0.35893586679551326
peak_all,2,Channel 6,28.5875,7,1,0.9021447771075564,0.3522592517794633
peak_all,2,Channel 7,55.2805,1,1,0.44058924424466417,0.46857505455273246
peak_all,2,Channel 8,30.1598,10,1,1.671394335977595,0.43751172250432124
peak_all,2,Channel 9,179.4207,5,1,0.766823350055211,0.5078495101301918
peak_all,2,Channel 10,57.1342,3,1,0.783788009336109,0.4565942647674999
peak_all,2,Channel 11,41.4671,2,1,0.6585653504053324,0.38339169204874446
peak_all,2,Channel 12,20.8661,8,1,1.428205958169633,0.42258152616766803
peak_all,2,Channel 13,2.856,9,2,1.5624451181275518,0.4266090753057115
peak_all,2,Channel 14,-8.9827,0,2,0.46678975191792715,0.313218737108347
peak_all,2,Channel 15,-17.2702,11,2,1.8407553427027663,0.41308335699590637
peak_12,2,Channel 1,45.2875,9,1,1.5624451181275518,0.4052161329314918
peak_12,2,Channel 2,-48.4911,0,1,0.46678975191792715,0.3587606087627912
peak_12,2,Channel 3,13.753,11,1,1.8407553427027663,0.43699211841814134
peak_12,2,Channel 4,4.1305,6,1,0.6380010384439654,0.39858930501148954
peak_12,2,Channel 5,87.6738,4,1,0.8404977235116877,0.35893586679551326
peak_12,2,Channel 6,22.6488,7,1,0.9021447771075564,0.3522592517794633
peak_12,2,Channel 7,44.2377,1,1,0.44058924424466417,0.46857505455273246
peak_12,2,Channel 8,23.0222,10,1,1.671394335977595,0.43751172250432124
peak_12,2,Channel 9,154.0529,5,1,0.766823350055211,0.5078495101301918
peak_12,2,Channel 10,43.6069,3,1,0.783788009336109,0.4565942647674999
peak_12,2,Channel 11,36.0774,2,1,0.6585653504053324,0.38339169204874446
peak_12,2,Channel 12,19.4566,8,1,1.428205958169633,0.42258152616766803
peak_12,2,Channel 13,192.3194,-1,0,,0.6596751167865442
peak_12,2,Channel 14,86.4239,-1,0,,0.657158387114191
peak_12,2,Channel 15,-45.3411,-1,0,,0.612416351441095
unphased,3,Channel 1,-73.0146,-1,0,,0.6410755188848113
unphased,3,Channel 2,-38.1834,-1,0,,0.6603902103036683
unphased,3,Channel 3,16.0224,-1,0,,0.6257547437678758
unphased,3,Channel 4,77.9291,-1,0,,0.684777255691383
unphased,3,Channel 5,-4.5975,-1,0,,0.6155246815483203
unphased,3,Channel 6,-59.1236,-1,0,,0.6509551417166406
unphased,3,Channel 7,52.8992,-1,0,,0.6768092059991082
unphased,3,Channel 8,-28.5049,-1,0,,0.639506737979655
unphased,3,Channel 9,258.9621,-1,0,,0.657048228045539
unphased,3,Channel 10,78.3272,-1,0,,0.6332315266457245
unphased,3,Channel 11,74.7781,-1,0,,0.6815037625191991
unphased,3,Channel 12,29.6994,-1,0,,0.6422823020568066
unphased,3,Channel 13,-119.2404,-1,0,,0.6534597743692245
unphased,3,Channel 14,127.615,-1,0,,0.6631217833520815
unphased,3,Channel 15,-18.4935,-1,0,,0.6245591271199669
peak_all,3,Channel 1,74.7033,11,2,1.6185987691324288,0.3956015242444424
peak_all,3,Channel 2,-70.3313,2,2,0.419747912859159,0.381980690177244
peak_all,3,Channel 3,35.5398,3,2,0.6135961379458733,0.4095963806388932
peak_all,3,Channel 4,47.7267,6,1,0.9958394159244135,0.4505058947943656
peak_all,3,Channel 5,37.9214,9,1,1.4736923352884272,0.3995433016346803
peak_all,3,Channel 6,52.3295,1,1,0.3556358021211009,0.45703447873401776
peak_all,3,Channel 7,19.2184,10,1,1.5332000453924899,0.4415906198330952
peak_all,3,Channel 8,21.828,5,1,0.978017420085124,0.42803655818045294
peak_all,3,Channel 9,47.4155,7,1,1.1849106694551326,0.4116560570135946
peak_all,3,Channel 10,21.0703,0,1,0.48637151280391855,0.3534266913931245
peak_all,3,Channel 11,42.9014,8,1,1.4524100943331126,0.45797307397107834
peak_all,3,Channel 12,52.863,4,1,0.8879798846588192,0.3664408172621359
peak_all,3,Channel 13,-70.6391,11,2,1.6185987691324288,0.4117229380716428
peak_all,3,Channel 14,92.1134,2,2,0.419747912859159,0.33366034254723914
peak_all,3,Channel 15,-11.1658,3,2,0.6135961379458733,0.38490756060175696
peak_12,3,Channel 1,-20.4241,11,1,1.6185987691324288,0.3956015242444424
peak_12,3,Channel 2,1.9009,2,1,0.419747912859159,0.381980690177244
peak_12,3,Channel 3,18.6641,3,1,0.6135961379458733,0.4095963806388932
peak_12,3,Channel 4,32.3138,6,1,0.9958394159244135,0.4505058947943656
peak_12,3,Channel 5,-13.5746,9,1,1.4736923352884272,0.3995433016346803
peak_12,3,Channel 6,31.0862,1,1,0.3556358021211009,0.45703447873401776
peak_12,3,Channel 7,9.8901,10,1,1.5332000453924899,0.4415906198330952
peak_12,3,Channel 8,12.1135,5,1,0.978017420085124,0.42803655818045294
peak_12,3,Channel 9,18.4827,7,1,1.1849106694551326,0.4116560570135946
peak_12,3,Channel 10,6.9974,0,1,0.48637151280391855,0.3534266913931245
peak_12,3,Channel 11,37.9788,8,1,1.4524100943331126,0.45797307397107834
peak_12,3,Channel 12,32.4005,4,1,0.8879798846588192,0.3664408172621359
peak_12,3,Channel 13,92.9471,-1,0,,0.6534597743692245
peak_12,3,Channel 14,169.5872,-1,0,,0.6631217833520815
peak_12,3,Channel 15,-13.8103,-1,0,,0.6245591271199669
unphased,4,Channel 1,-80.1785,-1,0,,0.652825466342628
unphased,4,Channel 2,-31.9542,-1,0,,0.6578913275165853
unphased,4,Channel 3,-12.1962,-1,0,,0.6267786189421598
unphased,4,Channel 4,11.281,-1,0,,0.6599717092903225
unphased,4,Channel 5,210.5871,-1,0,,0.636452864317178
unphased,4,Channel 6,25.2077,-1,0,,0.6676222845222446
unphased,4,Channel 7,72.7849,-1,0,,0.6658508313759318
unphased,4,Channel 8,76.2577,-1,0,,0.6552372901469085
unphased,4,Channel 9,301.852,-1,0,,0.6536643921009642
unphased,4,Channel 10,43.9087,-1,0,,0.6236418761748651
unphased,4,Channel 11,50.2226,-1,0,,0.6731473766985653
unphased,4,Channel 12,8.7563,-1,0,,0.6591187284337804
unphased,4,Channel 13,-412.6791,-1,0,,0.6316108307840403
unphased,4,Channel 14,56.1729,-1,0,,0.6530749954040901
unphased,4,Channel 15,42.3308,-1,0,,0.6331114079497403
peak_all,4,Channel 1,267.2624,10,2,1.6000278105392207,0.40583154546971356
peak_all,4,Channel 2,-0.3054,6,2,0.951494685317256,0.4179994321185133
peak_all,4,Channel 3,-15.3224,1,2,0.2291898851924083,0.5005761831738322
peak_all,4,Channel 4,0.7838,9,1,1.4925930188571934,0.413293710873325
peak_all,4,Channel 5,174.6482,4,1,0.605028324447953,0.33567490006615136
peak_all,4,Channel 6,59.3709,8,1,1.5151903335234205,0.453552956563342
peak_all,4,Channel 7,48.7502,2,1,0.35138966163845603,0.41110622041880557
peak_all,4,Channel 8,5.0022,11,1,2.038159235642205,0.47266498932714707
peak_all,4,Channel 9,48.4731,0,1,0.8287583973609031,0.3576450470522786
peak_all,4,Channel 10,13.7657,7,1,1.0541743635626013,0.3887529280598724
peak_all,4,Channel 11,18.8965,5,1,0.899535062246415,0.42469437549645606
peak_all,4,Channel 12,77.4459,3,1,0.43445922167196693,0.42997253400858865
peak_all,4,Channel 13,-200.36,10,2,1.6000278105392207,0.40501002306786976
peak_all,4,Channel 14,63.5672,6,2,0.951494685317256,0.4330429738599878
peak_all,4,Channel 15,8.9511,1,2,0.2291898851924083,0.33556321790027693
peak_12,4,Channel 1,77.3725,10,1,1.6000278105392207,0.40583154546971356
peak_12,4,Channel 2,39.7883,6,1,0.951494685317256,0.4179994321185133
peak_12,4,Channel 3,-8.4466,1,1,0.2291898851924083,0.5005761831738322
peak_12,4,Channel 4,2.2822,9,1,1.4925930188571934,0.413293710873325
peak_12,4,Channel 5,161.3071,4,1,0.605028324447953,0.33567490006615136
peak_12,4,Channel 6,48.0285,8,1,1.5151903335234205,0.453552956563342
peak_12,4,Channel 7,46.8848,2,1,0.35138966163845603,0.41110622041880557
peak_12,4,Channel 8,1.7389,11,1,2.038159235642205,0.47266498932714707
peak_12,4,Channel 9,39.9192,0,1,0.8287583973609031,0.3576450470522786
peak_12,4,Channel 10,12.1642,7,1,1.0541743635626013,0.3887529280598724
peak_12,4,Channel 11,17.7342,5,1,0.899535062246415,0.42469437549645606
peak_12,4,Channel 12,70.7558,3,1,0.43445922167196693,0.42997253400858865
peak_12,4,Channel 13,-214.9981,-1,0,,0.6316108307840403
peak_12,4,Channel 14,76.2826,-1,0,,0.6530749954040901
peak_12,4,Channel 15,56.4729,-1,0,,0.6331114079497403
unphased,5,Channel 1,-77.0815,-1,0,,0.6297845677009308
unphased,5,Channel 2,-37.183,-1,0,,0.6526327144669359
unphased,5,Channel 3,66.0844,-1,0,,0.6793397384327988
unphased,5,Channel 4,110.4779,-1,0,,0.7005700183937479
unphased,5,Channel 5,-224.136,-1,0,,0.5905598465613399
unphased,5,Channel 6,-32.6756,-1,0,,0.6375562930010645
unphased,5,Channel 7,32.3041,-1,0,,0.6520731687527247
unphased,5,Channel 8,65.7916,-1,0,,0.697494460263135
unphased,5,Channel 9,283.3807,-1,0,,0.6597025246587404
unphased,5,Channel 10,-63.3912,-1,0,,0.6094058020952171
unphased,5,Channel 11,23.6686,-1,0,,0.6607213395756937
unphased,5,Channel 12,32.6224,-1,0,,0.6266957017292781
unphased,5,Channel 13,158.0653,-1,0,,0.6637872817882494
unphased,5,Channel 14,7.3848,-1,0,,0.6392965861217152
unphased,5,Channel 15,-0.4041,-1,0,,0.6503799564584297
peak_all,5,Channel 1,254.5274,7,2,1.0428342063695002,0.38281477746588655
peak_all,5,Channel 2,50.4916,0,2,2.2433819873887186,0.5101916336475939
peak_all,5,Channel 3,0.3587,10,2,-0.27901158029633927,0.2793119135781755
peak_all,5,Channel 4,119.8288,4,1,1.5550401081186522,0.538354069997999
peak_all,5,Channel 5,271.7899,5,1,1.1460983410423418,0.4440917323994488
peak_all,5,Channel 6,98.3133,1,1,0.5673791576293863,0.5176934777206746
peak_all,5,Channel 7,-28.9891,9,1,0.06558756144560106,0.2936340291878649
peak_all,5,Channel 8,-73.5747,11,1,0.2552482470226024,0.3285808156282023
peak_all,5,Channel 9,80.4231,8,1,1.7328686798036919,0.4008655725883814
peak_all,5,Channel 10,163.8925,3,1,2.005181893705245,0.5293527788744948
peak_all,5,Channel 11,71.304,2,1,1.1265070251050686,0.43879207432860273
peak_all,5,Channel 12,47.5654,6,1,0.5388843726655312,0.4034574819892202
peak_all,5,Channel 13,-183.7286,7,2,1.0428342063695002,0.4136844875291136
peak_all,5,Channel 14,41.7609,0,2,2.2433819873887186,0.45782411430231307
peak_all,5,Channel 15,-49.4405,10,2,-0.27901158029633927,0.26778142980102826
peak_12,5,Channel 1,104.05,7,1,1.0428342063695002,0.38281477746588655
peak_12,5,Channel 2,94.3364,0,1,2.2433819873887186,0.5101916336475939
peak_12,5,Channel 3,-41.9965,10,1,-0.27901158029633927,0.2793119135781755
peak_12,5,Channel 4,116.2857,4,1,1.5550401081186522,0.538354069997999
peak_12,5,Channel 5,283.4154,5,1,1.1460983410423418,0.4440917323994488
peak_12,5,Channel 6,80.3713,1,1,0.5673791576293863,0.5176934777206746
peak_12,5,Channel 7,-31.6372,9,1,0.06558756144560106,0.2936340291878649
peak_12,5,Channel 8,-72.4664,11,1,0.2552482470226024,0.3285808156282023
peak_12,5,Channel 9,57.9309,8,1,1.7328686798036919,0.4008655725883814
peak_12,5,Channel 10,156.7743,3,1,2.005181893705245,0.5293527788744948
peak_12,5,Channel 11,72.8343,2,1,1.1265070251050686,0.43879207432860273
peak_12,5,Channel 12,36.7998,6,1,0.5388843726655312,0.4034574819892202
peak_12,5,Channel 13,-47.6174,-1,0,,0.6637872817882494
peak_12,5,Channel 14,49.8572,-1,0,,0.6392965861217152
peak_12,5,Channel 15,-4.2991,-1,0,,0.6503799564584297
unphased,6,Channel 1,215.8296,-1,0,,0.6413319770125183
unphased,6,Channel 2,66.5804,-1,0,,0.6588087207765992
unphased,6,Channel 3,54.8153,-1,0,,0.6395672893626333
unphased,6,Channel 4,-23.3739,-1,0,,0.6692724993182934
unphased,6,Channel 5,-264.6759,-1,0,,0.6178427344230895
unphased,6,Channel 6,68.3615,-1,0,,0.6744411534210168
unphased,6,Channel 7,18.4998,-1,0,,0.6595934603905655
unphased,6,Channel 8,-7.9364,-1,0,,0.6417779864201837
unphased,6,Channel 9,236.5432,-1,0,,0.6680983070272821
unphased,6,Channel 10,-51.6733,-1,0,,0.5937947256531089
unphased,6,Channel 11,40.3318,-1,0,,0.6781046461435183
unphased,6,Channel 12,24.4157,-1,0,,0.6549724059639317
unphased,6,Channel 13,-15.8442,-1,0,,0.6460874246228449
unphased,6,Channel 14,82.2738,-1,0,,0.6544480481381961
unphased,6,Channel 15,2.93,-1,0,,0.6518586213262193
peak_all,6,Channel 1,365.0634,8,2,1.3435606430070126,0.3929408565348932
peak_all,6,Channel 2,36.3513,1,2,0.529655450255432,0.44968230678077287
peak_all,6,Channel 3,37.3634,11,2,1.9198777422116475,0.4516732545039384
peak_all,6,Channel 4,25.3314,7,1,1.0216957899550336,0.3934288091110275
peak_all,6,Channel 5,14.0495,0,1,1.0971097653771549,0.4020380709083952
peak_all,6,Channel 6,62.575,2,1,0.4743485262257965,0.4148841098381552
peak_all,6,Channel 7,39.0023,6,1,0.9738745152915035,0.48651309363033435
peak_all,6,Channel 8,27.6374,5,1,0.6605879645111208,0.39569396082251795
peak_all,6,Channel 9,228.5744,3,1,0.7440950753262894,0.4755221961936747
peak_all,6,Channel 10,58.4137,4,1,0.9105539257936693,0.367933515233777
peak_all,6,Channel 11,2.1608,9,1,1.1202927062745889,0.42452745413161136
peak_all,6,Channel 12,11.4621,10,1,1.2043478957707516,0.3581309064665251
peak_all,6,Channel 13,-362.7911,8,2,1.3435606430070126,0.3923624565025275
peak_all,6,Channel 14,54.4992,1,2,0.529655450255432,0.4617660970294417
peak_all,6,Channel 15,-22.9191,11,2,1.9198777422116475,0.431560396543139
peak_12,6,Channel 1,-12.7773,8,1,1.3435606430070126,0.3929408565348932
peak_12,6,Channel 2,64.1675,1,1,0.529655450255432,0.44968230678077287
peak_12,6,Channel 3,12.1213,11,1,1.9198777422116475,0.4516732545039384
peak_12,6,Channel 4,20.7127,7,1,1.0216957899550336,0.3934288091110275
peak_12,6,Channel 5,-7.9818,0,1,1.0971097653771549,0.4020380709083952
peak_12,6,Channel 6,51.4742,2,1,0.4743485262257965,0.4148841098381552
peak_12,6,Channel 7,24.8645,6,1,0.9738745152915035,0.48651309363033435
peak_12,6,Channel 8,20.5739,5,1,0.6605879645111208,0.39569396082251795
peak_12,6,Channel 9,179.572,3,1,0.7440950753262894,0.4755221961936747
peak_12,6,Channel 10,42.1686,4,1,0.9105539257936693,0.367933515233777
peak_12,6,Channel 11,-2.4816,9,1,1.1202927062745889,0.42452745413161136
peak_12,6,Channel 12,2.1352,10,1,1.2043478957707516,0.3581309064665251
peak_12,6,Channel 13,-129.2885,-1,0,,0.6460874246228449
peak_12,6,Channel 14,161.796,-1,0,,0.6544480481381961
peak_12,6,Channel 15,41.4134,-1,0,,0.6518586213262193
unphased,7,Channel 1,-218.5153,-1,0,,0.6549128357308909
unphased,7,Channel 2,55.7651,-1,0,,0.6555103159181561
unphased,7,Channel 3,-0.673,-1,0,,0.6080642028471448
unphased,7,Channel 4,48.9909,-1,0,,0.648601019231129
unphased,7,Channel 5,265.4911,-1,0,,0.6254729782045574
unphased,7,Channel 6,-21.2917,-1,0,,0.6548900132436124
unphased,7,Channel 7,42.5162,-1,0,,0.6693454720363662
unphased,7,Channel 8,20.5957,-1,0,,0.6396098170815754
unphased,7,Channel 9,112.3992,-1,0,,0.6466209504996391
unphased,7,Channel 10,34.1916,-1,0,,0.653066741955073
unphased,7,Channel 11,-2.9622,-1,0,,0.6714204432565088
unphased,7,Channel 12,46.3579,-1,0,,0.6578495889461082
unphased,7,Channel 13,-288.0553,-1,0,,0.6579203431760633
unphased,7,Channel 14,141.8686,-1,0,,0.6578259357540994
unphased,7,Channel 15,50.7562,-1,0,,0.6488893421190793
peak_all,7,Channel 1,171.0035,8,2,1.6409629242393897,0.4410075385421974
peak_all,7,Channel 2,36.6436,3,2,0.65045626018383,0.45796411644389784
peak_all,7,Channel 3,-15.9733,5,2,0.5144617552715121,0.30808611617369724
peak_all,7,Channel 4,21.6569,11,1,2.4540971074988094,0.510341150041421
peak_all,7,Channel 5,87.2693,10,1,1.7417210100420084,0.41533684143460364
peak_all,7,Channel 6,6.9212,6,1,0.594918495832382,0.4237881842217858
peak_all,7,Channel 7,26.8507,2,1,0.29347758197170803,0.3890045304118904
peak_all,7,Channel 8,10.1885,4,1,0.6844253274116353,0.35315097520863364
peak_all,7,Channel 9,-34.6735,0,1,0.6155764191386545,0.31805181914793484
peak_all,7,Channel 10,7.5976,9,1,1.6637415092644883,0.42822040968945235
peak_all,7,Channel 11,-10.3058,1,1,0.06727822866574726,0.3855811689723627
peak_all,7,Channel 12,37.1979,7,1,1.078883380479836,0.39356136792910623
peak_all,7,Channel 13,-15.8938,8,2,1.6409629242393897,0.43997124043887537
peak_all,7,Channel 14,61.7473,3,2,0.65045626018383,0.4143515929579347
peak_all,7,Channel 15,50.0681,5,2,0.5144617552715121,0.39753361924916125
peak_12,7,Channel 1,87.9176,8,1,1.6409629242393897,0.4410075385421974
peak_12,7,Channel 2,59.768,3,1,0.65045626018383,0.45796411644389784
peak_12,7,Channel 3,4.9373,5,1,0.5144617552715121,0.30808611617369724
peak_12,7,Channel 4,9.3698,11,1,2.4540971074988094,0.510341150041421
peak_12,7,Channel 5,32.6733,10,1,1.7417210100420084,0.41533684143460364
peak_12,7,Channel 6,-24.2598,6,1,0.594918495832382,0.4237881842217858
peak_12,7,Channel 7,12.7042,2,1,0.29347758197170803,0.3890045304118904
peak_12,7,Channel 8,-9.5871,4,1,0.6844253274116353,0.35315097520863364
peak_12,7,Channel 9,-100.048,0,1,0.6155764191386545,0.31805181914793484
peak_12,7,Channel 10,-5.2635,9,1,1.6637415092644883,0.42822040968945235
peak_12,7,Channel 11,-16.2868,1,1,0.06727822866574726,0.3855811689723627
peak_12,7,Channel 12,20.575,7,1,1.078883380479836,0.39356136792910623
peak_12,7,Channel 13,41.0061,-1,0,,0.6579203431760633
peak_12,7,Channel 14,177.3935,-1,0,,0.6578259357540994
peak_12,7,Channel 15,81.8755,-1,0,,0.6488893421190793
unphased,8,Channel 1,-109.0737,-1,0,,0.6491591466855348
unphased,8,Channel 2,-4.5096,-1,0,,0.6589008128942845
unphased,8,Channel 3,-3.6509,-1,0,,0.5906333525666643
unphased,8,Channel 4,14.717,-1,0,,0.670245029865028
unphased,8,Channel 5,-10.0453,-1,0,,0.6229163822979172
unphased,8,Channel 6,64.2422,-1,0,,0.6637753116891651
unphased,8,Channel 7,48.4971,-1,0,,0.6601775292031525
unphased,8,Channel 8,-24.0499,-1,0,,0.6338181964466936
unphased,8,Channel 9,58.4443,-1,0,,0.6542716915777333
unphased,8,Channel 10,93.7056,-1,0,,0.653727774125941
unphased,8,Channel 11,79.5184,-1,0,,0.6875795881442622
unphased,8,Channel 12,13.7013,-1,0,,0.6527942441666913
unphased,8,Channel 13,-119.3489,-1,0,,0.6435719408264785
unphased,8,Channel 14,135.594,-1,0,,0.6751402816983674
unphased,8,Channel 15,25.0379,-1,0,,0.6332887178120862
peak_all,8,Channel 1,-20.067,6,2,0.6901404021033066,0.4191182685625404
peak_all,8,Channel 2,-54.1747,4,2,0.43307748078240677,0.30188020492539813
peak_all,8,Channel 3,24.6304,10,2,1.9873959990407246,0.46744280814569217
peak_all,8,Channel 4,28.8551,1,1,0.36391326810174673,0.39758129767857053
peak_all,8,Channel 5,14.1059,5,1,0.5820675582480174,0.3838416261596797
peak_all,8,Channel 6,33.3642,7,1,1.067825139934836,0.37276813736712644
peak_all,8,Channel 7,26.9607,9,1,1.8038614256719208,0.4503014296081467
peak_all,8,Channel 8,34.0626,3,1,0.5348171241433374,0.3554546198464591
peak_all,8,Channel 9,96.4772,2,1,0.4667545173272342,0.40297347013312323
peak_all,8,Channel 10,12.438,0,1,0.6168484996792698,0.3817819006973821
peak_all,8,Channel 11,33.2263,11,1,2.0671819948361634,0.48368187099201304
peak_all,8,Channel 12,19.2022,8,1,1.3861165901310348,0.4168895757755632
peak_all,8,Channel 13,65.0472,6,2,0.6901404021033066,0.40731977007485537
peak_all,8,Channel 14,69.0268,4,2,0.43307748078240677,0.3256096472408446
peak_all,8,Channel 15,17.9031,10,2,1.9873959990407246,0.4911344481448045
peak_12,8,Channel 1,-24.4288,6,1,0.6901404021033066,0.4191182685625404
peak_12,8,Channel 2,-15.4226,4,1,0.43307748078240677,0.30188020492539813
peak_12,8,Channel 3,28.6697,10,1,1.9873959990407246,0.46744280814569217
peak_12,8,Channel 4,14.4789,1,1,0.36391326810174673,0.39758129767857053
peak_12,8,Channel 5,-15.3965,5,1,0.5820675582480174,0.3838416261596797
peak_12,8,Channel 6,20.1851,7,1,1.067825139934836,0.37276813736712644
peak_12,8,Channel 7,15.3794,9,1,1.8038614256719208,0.4503014296081467
peak_12,8,Channel 8,21.6522,3,1,0.5348171241433374,0.3554546198464591
peak_12,8,Channel 9,59.9296,2,1,0.4667545173272342,0.40297347013312323
peak_12,8,Channel 10,-13.4279,0,1,0.6168484996792698,0.3817819006973821
peak_12,8,Channel 11,24.532,11,1,2.0671819948361634,0.48368187099201304
peak_12,8,Channel 12,5.6674,8,1,1.3861165901310348,0.4168895757755632
peak_12,8,Channel 13,52.6116,-1,0,,0.6435719408264785
peak_12,8,Channel 14,150.6018,-1,0,,0.6751402816983674
peak_12,8,Channel 15,44.851,-1,0,,0.6332887178120862
unphased,9,Channel 1,-24.0894,-1,0,,0.6472265187982273
unphased,9,Channel 2,104.4923,-1,0,,0.6563728906086963
unphased,9,Channel 3,19.2018,-1,0,,0.6344142912744369
unphased,9,Channel 4,52.8942,-1,0,,0.6764275025669972
unphased,9,Channel 5,118.3267,-1,0,,0.625831476421856
unphased,9,Channel 6,74.3905,-1,0,,0.666381364691298
unphased,9,Channel 7,43.5917,-1,0,,0.6654813459866215
unphased,9,Channel 8,86.3591,-1,0,,0.6709417680672345
unphased,9,Channel 9,109.1796,-1,0,,0.6472272646685758
unphased,9,Channel 10,-34.8246,-1,0,,0.636058982046994
unphased,9,Channel 11,22.9645,-1,0,,0.6764567847234999
unphased,9,Channel 12,-19.0653,-1,0,,0.6460542274685405
unphased,9,Channel 13,-232.1332,-1,0,,0.6302200520629229
unphased,9,Channel 14,30.2682,-1,0,,0.6544811572264067
unphased,9,Channel 15,-9.9394,-1,0,,0.6164243733876946
peak_all,9,Channel 1,301.0178,6,2,0.8174984666651516,0.44138018508764504
peak_all,9,Channel 2,95.9862,3,2,0.4978950380976803,0.4479271536676095
peak_all,9,Channel 3,29.8116,4,2,0.9437426270766689,0.39848757907939786
peak_all,9,Channel 4,15.7319,7,1,1.1473712398774656,0.41129328312287833
peak_all,9,Channel 5,100.8332,8,1,1.5876993160187827,0.3718852523576476
peak_all,9,Channel 6,62.7738,5,1,0.8383083428361449,0.47584498541597603
peak_all,9,Channel 7,11.4162,10,1,1.70766926445017,0.4451789842944236
peak_all,9,Channel 8,24.6175,11,1,1.9492876078167163,0.4633058635297638
peak_all,9,Channel 9,33.6666,1,1,0.0531623430808643,0.40151219996869436
peak_all,9,Channel 10,2.1401,9,1,1.7523379904717307,0.42094933045596145
peak_all,9,Channel 11,3.6818,0,1,0.39504506192966854,0.4019554579397201
peak_all,9,Channel 12,-3.9167,2,1,0.30998270167895564,0.3065217772035643
peak_all,9,Channel 13,-187.559,6,2,0.8174984666651516,0.42018067269950526
peak_all,9,Channel 14,19.6462,3,2,0.4978950380976803,0.4040334174370003
peak_all,9,Channel 15,3.7439,4,2,0.9437426270766689,0.4251172712771957
peak_12,9,Channel 1,138.1016,6,1,0.8174984666651516,0.44138018508764504
peak_12,9,Channel 2,116.0438,3,1,0.4978950380976803,0.4479271536676095
peak_12,9,Channel 3,33.3586,4,1,0.9437426270766689,0.39848757907939786
peak_12,9,Channel 4,12.843,7,1,1.1473712398774656,0.41129328312287833
peak_12,9,Channel 5,105.9888,8,1,1.5876993160187827,0.3718852523576476
peak_12,9,Channel 6,65.4769,5,1,0.8383083428361449,0.47584498541597603
peak_12,9,Channel 7,12.5504,10,1,1.70766926445017,0.4451789842944236
peak_12,9,Channel 8,29.8915,11,1,1.9492876078167163,0.4633058635297638
peak_12,9,Channel 9,69.0017,1,1,0.0531623430808643,0.40151219996869436
peak_12,9,Channel 10,7.6495,9,1,1.7523379904717307,0.42094933045596145
peak_12,9,Channel 11,6.1639,0,1,0.39504506192966854,0.4019554579397201
peak_12,9,Channel 12,-4.6169,2,1,0.30998270167895564,0.3065217772035643
peak_12,9,Channel 13,-233.5214,-1,0,,0.6302200520629229
peak_12,9,Channel 14,78.8016,-1,0,,0.6544811572264067
peak_12,9,Channel 15,-5.5632,-1,0,,0.6164243733876946
unphased,10,Channel 1,-86.7607,-1,0,,0.6342696721964317
unphased,10,Channel 2,-6.0326,-1,0,,0.66008237425773
unphased,10,Channel 3,39.5927,-1,0,,0.6346826607577545
unphased,10,Channel 4,126.7223,-1,0,,0.706664536524182
unphased,10,Channel 5,-61.3922,-1,0,,0.6131954982214477
unphased,10,Channel 6,-49.9189,-1,0,,0.6411162599970834
unphased,10,Channel 7,42.3613,-1,0,,0.6646915901976598
unphased,10,Channel 8,-44.6134,-1,0,,0.6521257543540233
unphased,10,Channel 9,102.1805,-1,0,,0.6519035649317585
unphased,10,Channel 10,-67.9251,-1,0,,0.618863757995914
unphased,10,Channel 11,75.4551,-1,0,,0.6915971554090541
unphased,10,Channel 12,-25.3661,-1,0,,0.6382909763641748
unphased,10,Channel 13,286.0535,-1,0,,0.6614226849867365
unphased,10,Channel 14,76.8665,-1,0,,0.6532504733604436
unphased,10,Channel 15,21.9271,-1,0,,0.6278430404456127
peak_all,10,Channel 1,106.6443,5,2,1.1097154928113249,0.47357788124233163
peak_all,10,Channel 2,-7.3082,3,2,0.6775226031879963,0.47945469253485046
peak_all,10,Channel 3,53.3495,9,2,1.189813121166387,0.4597352193985224
peak_all,10,Channel 4,-7.0619,10,1,1.2330721388585315,0.4080372101082588
peak_all,10,Channel 5,93.7698,4,1,0.785319667124998,0.35673045752628574
peak_all,10,Channel 6,69.7191,2,1,0.7073665764356284,0.4213771350505231
peak_all,10,Channel 7,104.5501,1,1,0.7240187606007057,0.5129392908072632
peak_all,10,Channel 8,-48.0875,11,1,1.2165271306229122,0.36935860323473085
peak_all,10,Channel 9,20.3197,8,1,1.203834299960224,0.37332325569381414
peak_all,10,Channel 10,-7.2761,0,1,0.6398298622669671,0.3783536388809031
peak_all,10,Channel 11,74.8173,6,1,1.2481842671353258,0.5198291776873958
peak_all,10,Channel 12,13.9813,7,1,1.2647960798289992,0.4184978829126212
peak_all,10,Channel 13,91.4943,5,2,1.1097154928113249,0.4796804018187501
peak_all,10,Channel 14,65.7841,3,2,0.6775226031879963,0.4303870165031825
peak_all,10,Channel 15,-44.0902,9,2,1.189813121166387,0.38321205157963223
peak_12,10,Channel 1,160.7682,5,1,1.1097154928113249,0.47357788124233163
peak_12,10,Channel 2,30.4061,3,1,0.6775226031879963,0.47945469253485046
peak_12,10,Channel 3,-1.3832,9,1,1.189813121166387,0.4597352193985224
peak_12,10,Channel 4,-17.9983,10,1,1.2330721388585315,0.4080372101082588
peak_12,10,Channel 5,79.3143,4,1,0.785319667124998,0.35673045752628574
peak_12,10,Channel 6,57.5756,2,1,0.7073665764356284,0.4213771350505231
peak_12,10,Channel 7,78.8557,1,1,0.7240187606007057,0.5129392908072632
peak_12,10,Channel 8,-58.5252,11,1,1.2165271306229122,0.36935860323473085
peak_12,10,Channel 9,-21.8486,8,1,1.203834299960224,0.37332325569381414
peak_12,10,Channel 10,-22.3266,0,1,0.6398298622669671,0.3783536388809031
peak_12,10,Channel 11,65.6237,6,1,1.2481842671353258,0.5198291776873958
peak_12,10,Channel 12,7.2226,7,1,1.2647960798289992,0.4184978829126212
peak_12,10,Channel 13,162.6089,-1,0,,0.6614226849867365
peak_12,10,Channel 14,103.8836,-1,0,,0.6532504733604436
peak_12,10,Channel 15,13.4266,-1,0,,0.6278430404456127
unphased,11,Channel 1,113.512,-1,0,,0.6462309004717062
unphased,11,Channel 2,-4.3925,-1,0,,0.6528446742187581
unphased,11,Channel 3,-39.7348,-1,0,,0.6091205882280114
unphased,11,Channel 4,134.2905,-1,0,,0.71306099911681
unphased,11,Channel 5,398.2546,-1,0,,0.6241824386924397
unphased,11,Channel 6,-102.8872,-1,0,,0.6271568197289332
unphased,11,Channel 7,-51.0388,-1,0,,0.6340920743147265
unphased,11,Channel 8,81.2209,-1,0,,0.6697021823680486
unphased,11,Channel 9,349.1431,-1,0,,0.6685638217527254
unphased,11,Channel 10,-152.5671,-1,0,,0.6013836586284637
unphased,11,Channel 11,2.669,-1,0,,0.673303747973119
unphased,11,Channel 12,38.6965,-1,0,,0.6705935945807278
unphased,11,Channel 13,339.8659,-1,0,,0.6636983142527899
unphased,11,Channel 14,-4.9874,-1,0,,0.6349575188845356
unphased,11,Channel 15,12.973,-1,0,,0.6611086667882087
peak_all,11,Channel 1,95.2049,3,2,0.8051297631680592,0.49685456009226797
peak_all,11,Channel 2,108.3023,2,2,1.5224537711167605,0.5149279160294629
peak_all,11,Channel 3,-0.5476,0,2,2.2945211124132214,0.4118454249076142
peak_all,11,Channel 4,168.8749,1,1,2.449104213022937,0.606515415528761
peak_all,11,Channel 5,159.8947,4,1,-0.08739082719749813,0.32787973142484494
peak_all,11,Channel 6,13.2161,7,1,0.1793637509556586,0.30690489340340693
peak_all,11,Channel 7,-5.738,9,1,1.2250282203923906,0.3494264643500439
peak_all,11,Channel 8,-17.0597,8,1,0.36227177156520596,0.3080961008811871
peak_all,11,Channel 9,16.7609,10,1,1.3620189225985484,0.3862004181638714
peak_all,11,Channel 10,-41.3051,11,1,1.4958751763016194,0.31640384867580973
peak_all,11,Channel 11,53.9373,6,1,0.6661401979459003,0.46428514719693825
peak_all,11,Channel 12,39.4379,5,1,-0.27451607228280145,0.3638620410347981
peak_all,11,Channel 13,199.5538,3,2,0.8051297631680592,0.46789840326506005
peak_all,11,Channel 14,44.1229,2,2,1.5224537711167605,0.45521840680843423
peak_all,11,Channel 15,46.7853,0,2,2.2945211124132214,0.45216603523112026
peak_12,11,Channel 1,283.1024,3,1,0.8051297631680592,0.49685456009226797
peak_12,11,Channel 2,145.3822,2,1,1.5224537711167605,0.5149279160294629
peak_12,11,Channel 3,37.2261,0,1,2.2945211124132214,0.4118454249076142
peak_12,11,Channel 4,165.0222,1,1,2.449104213022937,0.606515415528761
peak_12,11,Channel 5,130.6748,4,1,-0.08739082719749813,0.32787973142484494
peak_12,11,Channel 6,4.7679,7,1,0.1793637509556586,0.30690489340340693
peak_12,11,Channel 7,-8.3085,9,1,1.2250282203923906,0.3494264643500439
peak_12,11,Channel 8,-17.2526,8,1,0.36227177156520596,0.3080961008811871
peak_12,11,Channel 9,-1.3975,10,1,1.3620189225985484,0.3862004181638714
peak_12,11,Channel 10,-44.8522,11,1,1.4958751763016194,0.31640384867580973
peak_12,11,Channel 11,52.8621,6,1,0.6661401979459003,0.46428514719693825
peak_12,11,Channel 12,34.747,5,1,-0.27451607228280145,0.3638620410347981
peak_12,11,Channel 13,265.8276,-1,0,,0.6636983142527899
peak_12,11,Channel 14,-36.4093,-1,0,,0.6349575188845356
peak_12,11,Channel 15,-23.6621,-1,0,,0.6611086667882087
unphased,12,Channel 1,16.7526,-1,0,,0.6308954962070192
unphased,12,Channel 2,24.8296,-1,0,,0.6549383534454623
unphased,12,Channel 3,1.1607,-1,0,,0.6441036076188
unphased,12,Channel 4,64.7546,-1,0,,0.6920096017303089
unphased,12,Channel 5,-196.9901,-1,0,,0.6194088761473909
unphased,12,Channel 6,9.6696,-1,0,,0.6499851644967369
unphased,12,Channel 7,7.9779,-1,0,,0.6728404359465114
unphased,12,Channel 8,-27.6815,-1,0,,0.6496541456375389
unphased,12,Channel 9,238.077,-1,0,,0.6563058122749831
unphased,12,Channel 10,-9.8236,-1,0,,0.6247012754312687
unphased,12,Channel 11,56.9118,-1,0,,0.687898073070898
unphased,12,Channel 12,63.4694,-1,0,,0.638791802434746
unphased,12,Channel 13,86.7783,-1,0,,0.6569166845055809
unphased,12,Channel 14,141.0313,-1,0,,0.6571811697770611
unphased,12,Channel 15,-58.0507,-1,0,,0.6143695012756956
peak_all,12,Channel 1,237.9893,1,2,0.2949029802968886,0.373326701176457
peak_all,12,Channel 2,-70.4682,9,2,1.424727739313911,0.39356209660387564
peak_all,12,Channel 3,28.9377,5,2,1.1061792335791372,0.4160290355256546
peak_all,12,Channel 4,4.1676,10,1,1.2954139584317435,0.4104112077712738
peak_all,12,Channel 5,221.4085,6,1,1.1563188668325746,0.446086970150301
peak_all,12,Channel 6,74.3433,3,1,0.7071122886396661,0.46283342116151827
peak_all,12,Channel 7,44.2459,2,1,0.4986974336568562,0.4402831460904552
peak_all,12,Channel 8,-29.1824,0,1,0.48752042945253227,0.35596309563177175
peak_all,12,Channel 9,177.5548,4,1,0.9621414457451334,0.44031811623979455
peak_all,12,Channel 10,-1.6461,8,1,1.480065632830489,0.3798730391725171
peak_all,12,Channel 11,-1.8349,11,1,1.4002661031175574,0.3926669806311321
peak_all,12,Channel 12,4.8575,7,1,1.1866538881035122,0.4061146709941607
peak_all,12,Channel 13,-117.9422,1,2,0.2949029802968886,0.35984051198399275
peak_all,12,Channel 14,115.1697,9,2,1.424727739313911,0.3925131616757149
peak_all,12,Channel 15,-1.1595,5,2,1.1061792335791372,0.4568204711993438
peak_12,12,Channel 1,83.4795,1,1,0.2949029802968886,0.373326701176457
peak_12,12,Channel 2,13.2633,9,1,1.424727739313911,0.39356209660387564
peak_12,12,Channel 3,22.6997,5,1,1.1061792335791372,0.4160290355256546
peak_12,12,Channel 4,-8.7728,10,1,1.2954139584317435,0.4104112077712738
peak_12,12,Channel 5,165.0516,6,1,1.1563188668325746,0.446086970150301
peak_12,12,Channel 6,50.7759,3,1,0.7071122886396661,0.46283342116151827
peak_12,12,Channel 7,33.6553,2,1,0.4986974336568562,0.4402831460904552
peak_12,12,Channel 8,-36.1481,0,1,0.48752042945253227,0.35596309563177175
peak_12,12,Channel 9,106.5287,4,1,0.9621414457451334,0.44031811623979455
peak_12,12,Channel 10,-11.5242,8,1,1.480065632830489,0.3798730391725171
peak_12,12,Channel 11,-7.1718,11,1,1.4002661031175574,0.3926669806311321
peak_12,12,Channel 12,-2.8536,7,1,1.1866538881035122,0.4061146709941607
peak_12,12,Channel 13,105.052,-1,0,,0.6569166845055809
peak_12,12,Channel 14,184.7518,-1,0,,0.6571811697770611
peak_12,12,Channel 15,-17.2731,-1,0,,0.6143695012756956
unphased,13,Channel 1,-49.4861,-1,0,,0.6385221018013705
unphased,13,Channel 2,-66.7236,-1,0,,0.6516187329568168
unphased,13,Channel 3,49.7272,-1,0,,0.6109263274058944
unphased,13,Channel 4,41.4461,-1,0,,0.6893106129872657
unphased,13,Channel 5,-130.5011,-1,0,,0.6159460681954674
unphased,13,Channel 6,-68.6054,-1,0,,0.642741060655808
unphased,13,Channel 7,40.4039,-1,0,,0.6734378534875436
unphased,13,Channel 8,-31.7706,-1,0,,0.6345088433360492
unphased,13,Channel 9,256.9375,-1,0,,0.6357168352906475
unphased,13,Channel 10,99.6638,-1,0,,0.6447761205784809
unphased,13,Channel 11,101.0293,-1,0,,0.7222929728213384
unphased,13,Channel 12,28.7169,-1,0,,0.660054912563671
unphased,13,Channel 13,-39.1081,-1,0,,0.6507446937631846
unphased,13,Channel 14,8.5347,-1,0,,0.6517312504804834
unphased,13,Channel 15,-0.9374,-1,0,,0.6276716136759797
peak_all,13,Channel 1,124.4665,7,2,1.197570709280574,0.3979184417409602
peak_all,13,Channel 2,7.6718,4,2,0.7642247227635101,0.3530070602822175
peak_all,13,Channel 3,38.0282,6,2,1.0820288172536545,0.44891828415555013
peak_all,13,Channel 4,-29.0919,9,1,1.286458183988045,0.40337364137013954
peak_all,13,Channel 5,93.8832,10,1,1.8348327331714418,0.4210067753171139
peak_all,13,Channel 6,4.9512,11,1,2.2684917069975876,0.4857907332618794
peak_all,13,Channel 7,10.2094,1,1,0.1247948699944045,0.4331869708528388
peak_all,13,Channel 8,40.7887,2,1,0.519052716793754,0.32525133220772623
peak_all,13,Channel 9,9.484,8,1,1.4604470704578154,0.39327634200879164
peak_all,13,Channel 10,70.3433,3,1,0.5098245471088808,0.419186537109527
peak_all,13,Channel 11,-10.4541,0,1,-0.02496943773763109,0.3698793236178798
peak_all,13,Channel 12,39.6364,5,1,0.9772433599279635,0.4130603444238446
peak_all,13,Channel 13,2.6183,7,2,1.197570709280574,0.41838961637265987
peak_all,13,Channel 14,25.8414,4,2,0.7642247227635101,0.36616304193059707
peak_all,13,Channel 15,2.3037,6,2,1.0820288172536545,0.4190760489581506
peak_12,13,Channel 1,106.7298,7,1,1.197570709280574,0.3979184417409602
peak_12,13,Channel 2,14.826,4,1,0.7642247227635101,0.3530070602822175
peak_12,13,Channel 3,32.3164,6,1,1.0820288172536545,0.44891828415555013
peak_12,13,Channel 4,-37.9686,9,1,1.286458183988045,0.40337364137013954
peak_12,13,Channel 5,65.7409,10,1,1.8348327331714418,0.4210067753171139
peak_12,13,Channel 6,-3.9185,11,1,2.2684917069975876,0.4857907332618794
peak_12,13,Channel 7,-7.0037,1,1,0.1247948699944045,0.4331869708528388
peak_12,13,Channel 8,34.9449,2,1,0.519052716793754,0.32525133220772623
peak_12,13,Channel 9,-20.6276,8,1,1.4604470704578154,0.39327634200879164
peak_12,13,Channel 10,49.8223,3,1,0.5098245471088808,0.419186537109527
peak_12,13,Channel 11,-17.5739,0,1,-0.02496943773763109,0.3698793236178798
peak_12,13,Channel 12,29.0562,5,1,0.9772433599279635,0.4130603444238446
peak_12,13,Channel 13,203.686,-1,0,,0.6507446937631846
peak_12,13,Channel 14,26.7374,-1,0,,0.6517312504804834
peak_12,13,Channel 15,23.0194,-1,0,,0.6276716136759797
unphased,14,Channel 1,-305.6658,-1,0,,0.6242751879280892
unphased,14,Channel 2,-40.4618,-1,0,,0.6451828042613098
unphased,14,Channel 3,-28.7886,-1,0,,0.625305961686935
unphased,14,Channel 4,104.4019,-1,0,,0.6866794997756989
unphased,14,Channel 5,24.5589,-1,0,,0.6203467151784631
unphased,14,Channel 6,-17.373,-1,0,,0.648151014778696
unphased,14,Channel 7,44.5114,-1,0,,0.6779751246439616
unphased,14,Channel 8,-13.3551,-1,0,,0.6444278118897516
unphased,14,Channel 9,370.3027,-1,0,,0.6525363423630218
unphased,14,Channel 10,-5.618,-1,0,,0.6591743735326091
unphased,14,Channel 11,83.6244,-1,0,,0.6795204273717668
unphased,14,Channel 12,-1.106,-1,0,,0.6449397883100035
unphased,14,Channel 13,206.7303,-1,0,,0.6747988960624647
unphased,14,Channel 14,125.4146,-1,0,,0.6582448927034882
unphased,14,Channel 15,-35.2044,-1,0,,0.6084411595137432
peak_all,14,Channel 1,-150.3261,7,2,1.0856841562778545,0.3761790126391595
peak_all,14,Channel 2,-57.8422,9,2,1.5181025612111476,0.40105263846327743
peak_all,14,Channel 3,0.302,6,2,1.2871221753966982,0.49006795746087994
peak_all,14,Channel 4,63.7124,5,1,1.280985954717886,0.4959776386079384
peak_all,14,Channel 5,79.2983,1,1,0.10673388276864487,0.29398207246280156
peak_all,14,Channel 6,81.1869,4,1,1.0320878442376684,0.5097197910913908
peak_all,14,Channel 7,40.1244,3,1,0.6269948368746652,0.46541927232618
peak_all,14,Channel 8,-6.0109,8,1,1.324921145232848,0.36491105267095536
peak_all,14,Channel 9,-22.0894,0,1,0.10485225435067123,0.2643494693216618
peak_all,14,Channel 10,-6.1758,11,1,1.7738003028567846,0.41355142044155324
peak_all,14,Channel 11,39.2975,2,1,0.27635601093009804,0.3133524174323462
peak_all,14,Channel 12,14.0661,10,1,1.5823588751450335,0.4139445768287488
peak_all,14,Channel 13,312.0579,7,2,1.0856841562778545,0.41823189420077245
peak_all,14,Channel 14,91.2803,9,2,1.5181025612111476,0.4049823241266383
peak_all,14,Channel 15,33.4582,6,2,1.2871221753966982,0.4358280188413188
peak_12,14,Channel 1,55.1238,7,1,1.0856841562778545,0.3761790126391595
peak_12,14,Channel 2,-11.9522,9,1,1.5181025612111476,0.40105263846327743
peak_12,14,Channel 3,17.1604,6,1,1.2871221753966982,0.49006795746087994
peak_12,14,Channel 4,36.23,5,1,1.280985954717886,0.4959776386079384
peak_12,14,Channel 5,14.4782,1,1,0.10673388276864487,0.29398207246280156
peak_12,14,Channel 6,39.1657,4,1,1.0320878442376684,0.5097197910913908
peak_12,14,Channel 7,18.3159,3,1,0.6269948368746652,0.46541927232618
peak_12,14,Channel 8,-15.9516,8,1,1.324921145232848,0.36491105267095536
peak_12,14,Channel 9,-110.8905,0,1,0.10485225435067123,0.2643494693216618
peak_12,14,Channel 10,-29.8676,11,1,1.7738003028567846,0.41355142044155324
peak_12,14,Channel 11,26.1863,2,1,0.27635601093009804,0.3133524174323462
peak_12,14,Channel 12,-12.6299,10,1,1.5823588751450335,0.4139445768287488
peak_12,14,Channel 13,539.3449,-1,0,,0.6747988960624647
peak_12,14,Channel 14,138.4598,-1,0,,0.6582448927034882
peak_12,14,Channel 15,0.328,-1,0,,0.6084411595137432
unphased,15,Channel 1,18.3123,-1,0,,0.6515348070681743
unphased,15,Channel 2,36.0359,-1,0,,0.6591334315929761
unphased,15,Channel 3,7.8449,-1,0,,0.6227618713925014
unphased,15,Channel 4,32.5242,-1,0,,0.6689205919418897
unphased,15,Channel 5,125.5729,-1,0,,0.6106614120476069
unphased,15,Channel 6,-153.2537,-1,0,,0.6358884247388996
unphased,15,Channel 7,57.2299,-1,0,,0.6683245776233255
unphased,15,Channel 8,-24.8936,-1,0,,0.638712610911018
unphased,15,Channel 9,119.416,-1,0,,0.6541508304140743
unphased,15,Channel 10,-49.4371,-1,0,,0.6290952891917069
unphased,15,Channel 11,14.8814,-1,0,,0.6739204875323163
unphased,15,Channel 12,17.4721,-1,0,,0.6513161185781636
unphased,15,Channel 13,92.1011,-1,0,,0.6556556541497087
unphased,15,Channel 14,106.1714,-1,0,,0.6693951169389424
unphased,15,Channel 15,87.385,-1,0,,0.660528775878702
peak_all,15,Channel 1,87.3567,9,2,1.3668673990385698,0.39115925716851624
peak_all,15,Channel 2,9.981,4,2,0.4972258103712764,0.3204612372149665
peak_all,15,Channel 3,-25.6254,2,2,0.6959175545519798,0.4120741378040132
peak_all,15,Channel 4,56.9724,5,1,0.8851066499648688,0.43431529282795434
peak_all,15,Channel 5,80.3541,10,1,1.4571981697981635,0.3690692449563582
peak_all,15,Channel 6,28.7368,0,1,1.1051831173376248,0.4326434866155217
peak_all,15,Channel 7,39.8405,3,1,0.44826930264465553,0.43757009433366995
peak_all,15,Channel 8,55.3854,1,1,0.8518901810653315,0.5052262505801819
peak_all,15,Channel 9,154.6536,6,1,0.9411684367075187,0.4766590228759169
peak_all,15,Channel 10,-15.7219,7,1,1.060052103564239,0.3964692208333456
peak_all,15,Channel 11,12.9359,8,1,1.2209614478791553,0.4230834768333055
peak_all,15,Channel 12,-32.004,11,1,1.4701598270766152,0.35671577557079637
peak_all,15,Channel 13,-86.4808,9,2,1.3668673990385698,0.40321588492353705
peak_all,15,Channel 14,31.795,4,2,0.4972258103712764,0.3384780179313031
peak_all,15,Channel 15,52.2867,2,2,0.6959175545519798,0.46102795146576026
peak_12,15,Channel 1,-59.8302,9,1,1.3668673990385698,0.39115925716851624
peak_12,15,Channel 2,-1.2752,4,1,0.4972258103712764,0.3204612372149665
peak_12,15,Channel 3,4.0439,2,1,0.6959175545519798,0.4120741378040132
peak_12,15,Channel 4,25.3994,5,1,0.8851066499648688,0.43431529282795434
peak_12,15,Channel 5,15.9961,10,1,1.4571981697981635,0.3690692449563582
peak_12,15,Channel 6,-15.0229,0,1,1.1051831173376248,0.4326434866155217
peak_12,15,Channel 7,13.2634,3,1,0.44826930264465553,0.43757009433366995
peak_12,15,Channel 8,28.7626,1,1,0.8518901810653315,0.5052262505801819
peak_12,15,Channel 9,72.8752,6,1,0.9411684367075187,0.4766590228759169
peak_12,15,Channel 10,-33.8017,7,1,1.060052103564239,0.3964692208333456
peak_12,15,Channel 11,-3.0913,8,1,1.2209614478791553,0.4230834768333055
peak_12,15,Channel 12,-47.9069,11,1,1.4701598270766152,0.35671577557079637
peak_12,15,Channel 13,221.3875,-1,0,,0.6556556541497087
peak_12,15,Channel 14,142.285,-1,0,,0.6693951169389424
peak_12,15,Channel 15,106.44,-1,0,,0.660528775878702
unphased,16,Channel 1,-13.6489,-1,0,,0.634920142806265
unphased,16,Channel 2,20.0402,-1,0,,0.6596035284353321
unphased,16,Channel 3,14.5709,-1,0,,0.6404383703723094
unphased,16,Channel 4,66.8453,-1,0,,0.6846079123672947
unphased,16,Channel 5,180.7253,-1,0,,0.638590761697011
unphased,16,Channel 6,-51.6384,-1,0,,0.6560693468688698
unphased,16,Channel 7,34.8027,-1,0,,0.6739946223703012
unphased,16,Channel 8,11.4857,-1,0,,0.6511096748054354
unphased,16,Channel 9,98.5337,-1,0,,0.6496709189311908
unphased,16,Channel 10,-56.3722,-1,0,,0.6207534861969841
unphased,16,Channel 11,106.6533,-1,0,,0.6884385861637301
unphased,16,Channel 12,-126.0827,-1,0,,0.6513849751709941
unphased,16,Channel 13,239.6385,-1,0,,0.6319019005188945
unphased,16,Channel 14,51.7054,-1,0,,0.6550284664875247
unphased,16,Channel 15,2.7616,-1,0,,0.6134873068078661
peak_all,16,Channel 1,63.0531,10,2,1.5312002101061555,0.3863087629326608
peak_all,16,Channel 2,-54.1514,7,2,1.3778355713965427,0.4332917483374052
peak_all,16,Channel 3,26.3446,8,2,1.4858122973258663,0.4202843815341728
peak_all,16,Channel 4,16.1887,9,1,1.5511892369531926,0.4331273238687291
peak_all,16,Channel 5,86.4215,5,1,0.8780515616368006,0.4436292286091192
peak_all,16,Channel 6,5.7417,2,1,0.19357650506316793,0.3543350969713635
peak_all,16,Channel 7,45.9593,1,1,0.3476092386845389,0.4712484596440245
peak_all,16,Channel 8,27.3468,3,1,0.44975001479839855,0.36683726138595407
peak_all,16,Channel 9,226.3951,4,1,0.9306581874318615,0.4283925703361468
peak_all,16,Channel 10,10.5292,11,1,1.738001314753808,0.38099014836198686
peak_all,16,Channel 11,43.9575,6,1,1.1202922725120013,0.49861214373894025
peak_all,16,Channel 12,-31.753,0,1,0.39602358933766724,0.33291452784534453
peak_all,16,Channel 13,-8.9902,10,2,1.5312002101061555,0.3925476945636643
peak_all,16,Channel 14,94.0657,7,2,1.3778355713965427,0.4245249750869365
peak_all,16,Channel 15,-3.6889,8,2,1.4858122973258663,0.37678573286929584
peak_12,16,Channel 1,2.5755,10,1,1.5312002101061555,0.3863087629326608
peak_12,16,Channel 2,16.6181,7,1,1.3778355713965427,0.4332917483374052
peak_12,16,Channel 3,12.5503,8,1,1.4858122973258663,0.4202843815341728
peak_12,16,Channel 4,-6.23,9,1,1.5511892369531926,0.4331273238687291
peak_12,16,Channel 5,55.5727,5,1,0.8780515616368006,0.4436292286091192
peak_12,16,Channel 6,-12.5496,2,1,0.19357650506316793,0.3543350969713635
peak_12,16,Channel 7,23.677,1,1,0.3476092386845389,0.4712484596440245
peak_12,16,Channel 8,11.1152,3,1,0.44975001479839855,0.36683726138595407
peak_12,16,Channel 9,157.0614,4,1,0.9306581874318615,0.4283925703361468
peak_12,16,Channel 10,-2.7378,11,1,1.738001314753808,0.38099014836198686
peak_12,16,Channel 11,32.2065,6,1,1.1202922725120013,0.49861214373894025
peak_12,16,Channel 12,-49.7528,0,1,0.39602358933766724,0.33291452784534453
peak_12,16,Channel 13,188.0408,-1,0,,0.6319019005188945
peak_12,16,Channel 14,134.3537,-1,0,,0.6550284664875247
peak_12,16,Channel 15,22.0114,-1,0,,0.6134873068078661
unphased,17,Channel 1,-25.6759,-1,0,,0.6164185696132473
unphased,17,Channel 2,-13.0943,-1,0,,0.6508083760902906
unphased,17,Channel 3,-13.531,-1,0,,0.6337600400638077
unphased,17,Channel 4,26.0923,-1,0,,0.6904390090395771
unphased,17,Channel 5,-40.8872,-1,0,,0.617917075314996
unphased,17,Channel 6,-86.0213,-1,0,,0.6401847431002339
unphased,17,Channel 7,52.5055,-1,0,,0.6776850931223125
unphased,17,Channel 8,76.1893,-1,0,,0.6620199666160527
unphased,17,Channel 9,281.2803,-1,0,,0.6622999661391767
unphased,17,Channel 10,-65.6241,-1,0,,0.6301445715570729
unphased,17,Channel 11,122.7357,-1,0,,0.693699510678134
unphased,17,Channel 12,-35.3666,-1,0,,0.6431137460192907
unphased,17,Channel 13,243.2925,-1,0,,0.6548477418463285
unphased,17,Channel 14,-23.4173,-1,0,,0.653934334482902
unphased,17,Channel 15,61.6364,-1,0,,0.6227272563165864
peak_all,17,Channel 1,-5.6659,9,2,1.0285246942394406,0.3294507833941954
peak_all,17,Channel 2,-42.1073,8,2,1.389349488875685,0.40791440945628815
peak_all,17,Channel 3,18.1464,6,2,1.4248462137798408,0.5151223882101142
peak_all,17,Channel 4,-18.4926,0,1,0.37763375591203274,0.36649876555568717
peak_all,17,Channel 5,139.4785,7,1,1.4365688494028008,0.37643216256759543
peak_all,17,Channel 6,38.0115,4,1,0.8484084038904097,0.48187747363429634
peak_all,17,Channel 7,74.8642,2,1,0.7180502612651211,0.4816399694326148
peak_all,17,Channel 8,13.06,10,1,1.163978434101714,0.36538072605052246
peak_all,17,Channel 9,282.626,1,1,0.44206772332178973,0.4577055332217429
peak_all,17,Channel 10,84.4262,3,1,0.9533625036886526,0.47417115136012905
peak_all,17,Channel 11,-6.494,11,1,1.281603074562783,0.38116526777276616
peak_all,17,Channel 12,50.8493,5,1,0.9356065969597294,0.40483572613605484
peak_all,17,Channel 13,-28.5573,9,2,1.0285246942394406,0.3579006606679349
peak_all,17,Channel 14,38.3357,8,2,1.389349488875685,0.41874087396882437
peak_all,17,Channel 15,58.4022,6,2,1.4248462137798408,0.46666998682315947
peak_12,17,Channel 1,-88.0593,9,1,1.0285246942394406,0.3294507833941954
peak_12,17,Channel 2,-30.0948,8,1,1.389349488875685,0.40791440945628815
peak_12,17,Channel 3,55.6142,6,1,1.4248462137798408,0.5151223882101142
peak_12,17,Channel 4,-49.2927,0,1,0.37763375591203274,0.36649876555568717
peak_12,17,Channel 5,86.5736,7,1,1.4365688494028008,0.37643216256759543
peak_12,17,Channel 6,-6.0483,4,1,0.8484084038904097,0.48187747363429634
peak_12,17,Channel 7,64.9715,2,1,0.7180502612651211,0.4816399694326148
peak_12,17,Channel 8,-5.0099,10,1,1.163978434101714,0.36538072605052246
peak_12,17,Channel 9,204.2878,1,1,0.44206772332178973,0.4577055332217429
peak_12,17,Channel 10,45.4956,3,1,0.9533625036886526,0.47417115136012905
peak_12,17,Channel 11,-18.0475,11,1,1.281603074562783,0.38116526777276616
peak_12,17,Channel 12,23.1808,5,1,0.9356065969597294,0.40483572613605484
peak_12,17,Channel 13,297.0736,-1,0,,0.6548477418463285
peak_12,17,Channel 14,98.5437,-1,0,,0.653934334482902
peak_12,17,Channel 15,74.1214,-1,0,,0.6227272563165864
unphased,18,Channel 1,6.9147,-1,0,,0.6600975426175086
unphased,18,Channel 2,76.0581,-1,0,,0.6726391373026805
unphased,18,Channel 3,-31.2063,-1,0,,0.5990139230469362
unphased,18,Channel 4,89.1651,-1,0,,0.6679070966331184
unphased,18,Channel 5,-302.6251,-1,0,,0.5922292678553224
unphased,18,Channel 6,34.9665,-1,0,,0.6655471796139524
unphased,18,Channel 7,10.1065,-1,0,,0.6751463159610478
unphased,18,Channel 8,-73.0207,-1,0,,0.6399762850072309
unphased,18,Channel 9,-186.5037,-1,0,,0.6367897437274888
unphased,18,Channel 10,156.3262,-1,0,,0.7005890395600078
unphased,18,Channel 11,93.067,-1,0,,0.6607037729263449
unphased,18,Channel 12,-68.4186,-1,0,,0.6069827493744016
unphased,18,Channel 13,503.3587,-1,0,,0.6897784582756609
unphased,18,Channel 14,-7.8786,-1,0,,0.6266573770828193
unphased,18,Channel 15,54.5328,-1,0,,0.6559421110154844
peak_all,18,Channel 1,-298.6403,4,2,-10.124477042937793,0.2968161894454902
peak_all,18,Channel 2,-21.3788,2,2,-9.840502638736792,0.3508839140493475
peak_all,18,Channel 3,-14.24,6,2,-0.07023093438230003,0.4252164413174489
peak_all,18,Channel 4,41.0934,11,1,10.91141970056516,0.4183699480725606
peak_all,18,Channel 5,113.0434,10,1,11.784517566494031,0.40872983480974684
peak_all,18,Channel 6,40.6253,7,1,7.288684990311496,0.43829251407486436
peak_all,18,Channel 7,7.8489,1,1,-6.711934095895564,0.4668757691078153
peak_all,18,Channel 8,26.52,5,1,-6.125603444271218,0.35512252076998846
peak_all,18,Channel 9,203.2048,9,1,15.523495859107987,0.513899963698596
peak_all,18,Channel 10,-35.0845,0,1,-5.538873410731505,0.40092171196933485
peak_all,18,Channel 11,25.5731,8,1,12.079577785151045,0.4918062327714957
peak_all,18,Channel 12,-32.3677,3,1,-7.176074334674548,0.37487019919670234
peak_all,18,Channel 13,274.6549,4,2,-10.124477042937793,0.2860646598125785
peak_all,18,Channel 14,52.6438,2,2,-9.840502638736792,0.2746398197723263
peak_all,18,Channel 15,70.2552,6,2,-0.07023093438230003,0.417113349844719
peak_12,18,Channel 1,-145.0143,4,1,-10.124477042937793,0.2968161894454902
peak_12,18,Channel 2,4.5529,2,1,-9.840502638736792,0.3508839140493475
peak_12,18,Channel 3,29.408,6,1,-0.07023093438230003,0.4252164413174489
peak_12,18,Channel 4,20.6897,11,1,10.91141970056516,0.4183699480725606
peak_12,18,Channel 5,47.2293,10,1,11.784517566494031,0.40872983480974684
peak_12,18,Channel 6,12.694,7,1,7.288684990311496,0.43829251407486436
peak_12,18,Channel 7,-23.8226,1,1,-6.711934095895564,0.4668757691078153
peak_12,18,Channel 8,4.732,5,1,-6.125603444271218,0.35512252076998846
peak_12,18,Channel 9,122.0517,9,1,15.523495859107987,0.513899963698596
peak_12,18,Channel 10,-81.3832,0,1,-5.538873410731505,0.40092171196933485
peak_12,18,Channel 11,9.0634,8,1,12.079577785151045,0.4918062327714957
peak_12,18,Channel 12,-65.8365,3,1,-7.176074334674548,0.37487019919670234
peak_12,18,Channel 13,600.7503,-1,0,,0.6897784582756609
peak_12,18,Channel 14,-2.9609,-1,0,,0.6266573770828193
peak_12,18,Channel 15,80.9862,-1,0,,0.6559421110154844
unphased,19,Channel 1,103.5065,-1,0,,0.6488326183317579
unphased,19,Channel 2,-40.9889,-1,0,,0.6484725058586442
unphased,19,Channel 3,-13.9354,-1,0,,0.6262590155662057
unphased,19,Channel 4,94.4144,-1,0,,0.6899900017025977
unphased,19,Channel 5,-123.7364,-1,0,,0.5959113446073429
unphased,19,Channel 6,-87.0598,-1,0,,0.6408001464318916
unphased,19,Channel 7,36.5619,-1,0,,0.6589077045087911
unphased,19,Channel 8,-48.5149,-1,0,,0.6448178491925207
unphased,19,Channel 9,123.3012,-1,0,,0.6500222971852371
unphased,19,Channel 10,-36.5286,-1,0,,0.628384929574695
unphased,19,Channel 11,24.3284,-1,0,,0.6917746123278457
unphased,19,Channel 12,41.1487,-1,0,,0.6534323313578262
unphased,19,Channel 13,134.9132,-1,0,,0.6595956965930664
unphased,19,Channel 14,203.4288,-1,0,,0.6687111147137353
unphased,19,Channel 15,54.4979,-1,0,,0.6440878320478493
peak_all,19,Channel 1,173.4345,7,2,0.6285836112724933,0.3234216023503711
peak_all,19,Channel 2,-121.4386,8,2,0.810923084826256,0.33310151506181546
peak_all,19,Channel 3,-21.7538,5,2,0.9366807914924791,0.3860743696677316
peak_all,19,Channel 4,70.1312,1,1,0.768867795437887,0.47673964687232445
peak_all,19,Channel 5,261.3943,3,1,0.8472263168334186,0.42426287839967025
peak_all,19,Channel 6,7.3974,11,1,1.8328741530311885,0.436761529627599
peak_all,19,Channel 7,4.8251,0,1,0.827999539108753,0.3760085648755922
peak_all,19,Channel 8,47.4761,6,1,0.9644929784712077,0.42660401391569425
peak_all,19,Channel 9,14.2674,10,1,1.4281298920678718,0.4141186854164903
peak_all,19,Channel 10,-11.1779,9,1,1.112217680183035,0.3468369907436858
peak_all,19,Channel 11,39.2279,2,1,0.8577627345259534,0.41494710917431643
peak_all,19,Channel 12,54.1562,4,1,0.9842414227494561,0.394142232768409
peak_all,19,Channel 13,-152.1274,7,2,0.6285836112724933,0.34005478991768184
peak_all,19,Channel 14,147.9621,8,2,0.810923084826256,0.3515490204708331
peak_all,19,Channel 15,60.9818,5,2,0.9366807914924791,0.4570200481919661
peak_12,19,Channel 1,-42.6899,7,1,0.6285836112724933,0.3234216023503711
peak_12,19,Channel 2,-33.033,8,1,0.810923084826256,0.33310151506181546
peak_12,19,Channel 3,-1.0258,5,1,0.9366807914924791,0.3860743696677316
peak_12,19,Channel 4,27.8899,1,1,0.768867795437887,0.47673964687232445
peak_12,19,Channel 5,130.9654,3,1,0.8472263168334186,0.42426287839967025
peak_12,19,Channel 6,-20.2039,11,1,1.8328741530311885,0.436761529627599
peak_12,19,Channel 7,-22.3876,0,1,0.827999539108753,0.3760085648755922
peak_12,19,Channel 8,11.7945,6,1,0.9644929784712077,0.42660401391569425
peak_12,19,Channel 9,-80.7125,10,1,1.4281298920678718,0.4141186854164903
peak_12,19,Channel 10,-47.9007,9,1,1.112217680183035,0.3468369907436858
peak_12,19,Channel 11,23.5892,2,1,0.8577627345259534,0.41494710917431643
peak_12,19,Channel 12,14.8317,4,1,0.9842414227494561,0.394142232768409
peak_12,19,Channel 13,263.7923,-1,0,,0.6595956965930664
peak_12,19,Channel 14,269.1364,-1,0,,0.6687111147137353
peak_12,19,Channel 15,92.9122,-1,0,,0.6440878320478493
unphased,20,Channel 1,-126.4598,-1,0,,0.6367196116599873
unphased,20,Channel 2,65.5518,-1,0,,0.6578084642229702
unphased,20,Channel 3,-41.9479,-1,0,,0.621266759212352
unphased,20,Channel 4,-72.5091,-1,0,,0.6851826860207021
unphased,20,Channel 5,327.4214,-1,0,,0.645051056783012
unphased,20,Channel 6,-113.6961,-1,0,,0.627548394484855
unphased,20,Channel 7,13.8211,-1,0,,0.6506557649890854
unphased,20,Channel 8,-4.7398,-1,0,,0.6564016818066282
unphased,20,Channel 9,175.4305,-1,0,,0.6567848056594214
unphased,20,Channel 10,-14.3766,-1,0,,0.6270228142101536
unphased,20,Channel 11,-8.1837,-1,0,,0.6610376342823168
unphased,20,Channel 12,75.0057,-1,0,,0.66083914887002
unphased,20,Channel 13,276.3168,-1,0,,0.6653959924883811
unphased,20,Channel 14,161.3007,-1,0,,0.6585843743009485
unphased,20,Channel 15,34.4243,-1,0,,0.6397008110091693
peak_all,20,Channel 1,-180.8222,0,2,1.0877696939712682,0.38931632385912257
peak_all,20,Channel 2,-48.8097,8,2,0.9601748599692358,0.3582849349962035
peak_all,20,Channel 3,-59.4648,5,2,0.7013990111329648,0.3557319606916088
peak_all,20,Channel 4,1.2016,9,1,1.4311530580587415,0.4181104567931508
peak_all,20,Channel 5,68.4863,10,1,1.4663021492944672,0.376761440631846
peak_all,20,Channel 6,15.0825,1,1,0.8351355531138993,0.5045277357194745
peak_all,20,Channel 7,34.6788,2,1,0.7150631064086002,0.46075551586455504
peak_all,20,Channel 8,46.274,4,1,0.6787832311138132,0.38172909216444323
peak_all,20,Channel 9,20.904,11,1,1.8610263579149935,0.45196152416200286
peak_all,20,Channel 10,36.3289,6,1,0.6861422907593648,0.3661730359886232
peak_all,20,Channel 11,5.2896,3,1,0.6334403226007861,0.4703523152399654
peak_all,20,Channel 12,50.8168,7,1,0.9436103656618651,0.38177346707467474
peak_all,20,Channel 13,379.4118,0,2,1.0877696939712682,0.45286942638938343
peak_all,20,Channel 14,54.6504,8,2,0.9601748599692358,0.3658740080347926
peak_all,20,Channel 15,66.7316,5,2,0.7013990111329648,0.42724685468650003
peak_12,20,Channel 1,4.6658,0,1,1.0877696939712682,0.38931632385912257
peak_12,20,Channel 2,-32.8761,8,1,0.9601748599692358,0.3582849349962035
peak_12,20,Channel 3,-32.695,5,1,0.7013990111329648,0.3557319606916088
peak_12,20,Channel 4,-34.7575,9,1,1.4311530580587415,0.4181104567931508
peak_12,20,Channel 5,-30.0533,10,1,1.4663021492944672,0.376761440631846
peak_12,20,Channel 6,-17.1906,1,1,0.8351355531138993,0.5045277357194745
peak_12,20,Channel 7,14.0672,2,1,0.7150631064086002,0.46075551586455504
peak_12,20,Channel 8,8.0908,4,1,0.6787832311138132,0.38172909216444323
peak_12,20,Channel 9,-37.231,11,1,1.8610263579149935,0.45196152416200286
peak_12,20,Channel 10,2.9018,6,1,0.6861422907593648,0.3661730359886232
peak_12,20,Channel 11,-18.6967,3,1,0.6334403226007861,0.4703523152399654
peak_12,20,Channel 12,22.1974,7,1,0.9436103656618651,0.38177346707467474
peak_12,20,Channel 13,583.3027,-1,0,,0.6653959924883811
peak_12,20,Channel 14,162.2798,-1,0,,0.6585843743009485
peak_12,20,Channel 15,52.5214,-1,0,,0.6397008110091693
unphased,21,Channel 1,4.2168,-1,0,,0.6486416490972191
unphased,21,Channel 2,-20.5376,-1,0,,0.6445277976611015
unphased,21,Channel 3,-0.715,-1,0,,0.6288588085739905
unphased,21,Channel 4,91.2561,-1,0,,0.6872539255898005
unphased,21,Channel 5,-176.4915,-1,0,,0.6132188833128491
unphased,21,Channel 6,47.0955,-1,0,,0.6557435082114802
unphased,21,Channel 7,93.1667,-1,0,,0.6709081809616902
unphased,21,Channel 8,42.9666,-1,0,,0.6558180062357297
unphased,21,Channel 9,188.4102,-1,0,,0.6622436782418286
unphased,21,Channel 10,-47.7557,-1,0,,0.6144545882406045
unphased,21,Channel 11,92.3977,-1,0,,0.6880227141349551
unphased,21,Channel 12,-43.5709,-1,0,,0.6413687603586049
unphased,21,Channel 13,143.5613,-1,0,,0.6526925526480566
unphased,21,Channel 14,-54.668,-1,0,,0.6593960152373093
unphased,21,Channel 15,-18.4114,-1,0,,0.6268509314947818
peak_all,21,Channel 1,70.0989,1,2,0.7080645616158534,0.4407876444963541
peak_all,21,Channel 2,3.5842,9,2,1.2990931149638498,0.3732841819679418
peak_all,21,Channel 3,21.5053,2,2,0.7637285795645204,0.4282433691902172
peak_all,21,Channel 4,35.7811,0,1,0.9056245306318058,0.4334831563953465
peak_all,21,Channel 5,93.5003,7,1,1.220118315897206,0.3402665873060738
peak_all,21,Channel 6,63.4445,3,1,0.7420292105994144,0.4702064378772067
peak_all,21,Channel 7,10.6702,10,1,1.074002249362528,0.36777765347324176
peak_all,21,Channel 8,7.2658,8,1,1.4472407647371561,0.3895503526484323
peak_all,21,Channel 9,-26.0704,11,1,1.3240844706956905,0.39768560833115046
peak_all,21,Channel 10,56.4055,4,1,0.7246386688987494,0.35394228647926385
peak_all,21,Channel 11,47.1684,6,1,0.9219895535837929,0.47785834112409076
peak_all,21,Channel 12,37.182,5,1,0.869385979449435,0.394027000183938
peak_all,21,Channel 13,40.8766,1,2,0.7080645616158534,0.41216016023556806
peak_all,21,Channel 14,0.2469,9,2,1.2990931149638498,0.38002596747327755
peak_all,21,Channel 15,26.4114,2,2,0.7637285795645204,0.44968417225742385
peak_12,21,Channel 1,57.0323,1,1,0.7080645616158534,0.4407876444963541
peak_12,21,Channel 2,-9.231,9,1,1.2990931149638498,0.3732841819679418
peak_12,21,Channel 3,37.9233,2,1,0.7637285795645204,0.4282433691902172
peak_12,21,Channel 4,21.0138,0,1,0.9056245306318058,0.4334831563953465
peak_12,21,Channel 5,58.6672,7,1,1.220118315897206,0.3402665873060738
peak_12,21,Channel 6,41.4717,3,1,0.7420292105994144,0.4702064378772067
peak_12,21,Channel 7,0.5538,10,1,1.074002249362528,0.36777765347324176
peak_12,21,Channel 8,0.8868,8,1,1.4472407647371561,0.3895503526484323
peak_12,21,Channel 9,-57.589,11,1,1.3240844706956905,0.39768560833115046
peak_12,21,Channel 10,30.1117,4,1,0.7246386688987494,0.35394228647926385
peak_12,21,Channel 11,40.9007,6,1,0.9219895535837929,0.47785834112409076
peak_12,21,Channel 12,19.9793,5,1,0.869385979449435,0.394027000183938
peak_12,21,Channel 13,334.9771,-1,0,,0.6526925526480566
peak_12,21,Channel 14,28.216,-1,0,,0.6593960152373093
peak_12,21,Channel 15,5.7005,-1,0,,0.6268509314947818
unphased,22,Channel 1,-171.0704,-1,0,,0.6576167014610935
unphased,22,Channel 2,36.4394,-1,0,,0.6706468434637537
unphased,22,Channel 3,-28.6031,-1,0,,0.5957347522175434
unphased,22,Channel 4,19.5286,-1,0,,0.6654508878694818
unphased,22,Channel 5,152.6682,-1,0,,0.6256187265494827
unphased,22,Channel 6,-8.8831,-1,0,,0.6591315219960966
unphased,22,Channel 7,57.4898,-1,0,,0.6574698422576376
unphased,22,Channel 8,-16.4032,-1,0,,0.6540701886093847
unphased,22,Channel 9,-172.735,-1,0,,0.6221076892370965
unphased,22,Channel 10,209.1579,-1,0,,0.6737190188465277
unphased,22,Channel 11,90.0191,-1,0,,0.6921133844496687
unphased,22,Channel 12,-32.5162,-1,0,,0.65317159787554
unphased,22,Channel 13,-80.2554,-1,0,,0.6313007070104117
unphased,22,Channel 14,114.3178,-1,0,,0.6500347313739432
unphased,22,Channel 15,85.2225,-1,0,,0.6418134067823407
peak_all,22,Channel 1,-36.4729,3,2,0.13253414928514487,0.40863357977082376
peak_all,22,Channel 2,-37.5147,1,2,-0.13779537267584688,0.37380694135781967
peak_all,22,Channel 3,-15.5182,2,2,0.3186098506930301,0.338729293936792
peak_all,22,Channel 4,-7.2469,7,1,1.1755857423645328,0.4043877507523057
peak_all,22,Channel 5,92.196,8,1,1.7327652302107153,0.37817830416609444
peak_all,22,Channel 6,52.5753,6,1,0.6740353556564715,0.44033923869154806
peak_all,22,Channel 7,0.1706,0,1,-0.1765057093983126,0.2474779429486791
peak_all,22,Channel 8,-2.5731,4,1,0.13713529050380072,0.2934784262170285
peak_all,22,Channel 9,98.8137,9,1,2.0387806784835303,0.47278620472549104
peak_all,22,Channel 10,66.7502,10,1,2.455058552428388,0.5044481850003707
peak_all,22,Channel 11,63.3224,11,1,3.1843384520131526,0.5855571211604337
peak_all,22,Channel 12,23.7337,5,1,0.4654577804353922,0.3433922252608814
peak_all,22,Channel 13,87.9927,3,2,0.13253414928514487,0.3401013568679358
peak_all,22,Channel 14,66.3344,1,2,-0.13779537267584688,0.3719991297427617
peak_all,22,Channel 15,29.7364,2,2,0.3186098506930301,0.3928906732444909
peak_12,22,Channel 1,-35.8403,3,1,0.13253414928514487,0.40863357977082376
peak_12,22,Channel 2,-15.9542,1,1,-0.13779537267584688,0.37380694135781967
peak_12,22,Channel 3,-3.9889,2,1,0.3186098506930301,0.338729293936792
peak_12,22,Channel 4,-20.5732,7,1,1.1755857423645328,0.4043877507523057
peak_12,22,Channel 5,34.1484,8,1,1.7327652302107153,0.37817830416609444
peak_12,22,Channel 6,18.558,6,1,0.6740353556564715,0.44033923869154806
peak_12,22,Channel 7,-22.675,0,1,-0.1765057093983126,0.2474779429486791
peak_12,22,Channel 8,-17.7821,4,1,0.13713529050380072,0.2934784262170285
peak_12,22,Channel 9,66.4333,9,1,2.0387806784835303,0.47278620472549104
peak_12,22,Channel 10,48.509,10,1,2.455058552428388,0.5044481850003707
peak_12,22,Channel 11,52.8451,11,1,3.1843384520131526,0.5855571211604337
peak_12,22,Channel 12,3.1461,5,1,0.4654577804353922,0.3433922252608814
peak_12,22,Channel 13,85.0546,-1,0,,0.6313007070104117
peak_12,22,Channel 14,150.1216,-1,0,,0.6500347313739432
peak_12,22,Channel 15,89.7221,-1,0,,0.6418134067823407
unphased,23,Channel 1,-116.4324,-1,0,,0.6443282004974843
unphased,23,Channel 2,136.4162,-1,0,,0.6563322297255951
unphased,23,Channel 3,-21.7066,-1,0,,0.6213734897291383
unphased,23,Channel 4,190.4219,-1,0,,0.6915746839994064
unphased,23,Channel 5,-36.2796,-1,0,,0.6139270690199363
unphased,23,Channel 6,-55.2138,-1,0,,0.6506368852305943
unphased,23,Channel 7,95.9133,-1,0,,0.6727341702315064
unphased,23,Channel 8,-26.9698,-1,0,,0.6452414458149538
unphased,23,Channel 9,134.4763,-1,0,,0.6469409278389479
unphased,23,Channel 10,97.0923,-1,0,,0.6361170206074468
unphased,23,Channel 11,78.4021,-1,0,,0.6947599811535402
unphased,23,Channel 12,-14.7176,-1,0,,0.6420114692317385
unphased,23,Channel 13,-162.5318,-1,0,,0.6489602114812055
unphased,23,Channel 14,-65.2891,-1,0,,0.6550887097064175
unphased,23,Channel 15,-30.6464,-1,0,,0.629973505732089
peak_all,23,Channel 1,293.5426,3,2,0.7737334741675616,0.46540448051196603
peak_all,23,Channel 2,91.2504,6,2,1.0109330979116118,0.42634119332457143
peak_all,23,Channel 3,23.2888,1,2,0.3009408471660993,0.49616876219717954
peak_all,23,Channel 4,40.4495,2,1,0.4381599260056289,0.3807511150603044
peak_all,23,Channel 5,-4.2497,11,1,1.7690301157655675,0.38465205629843
peak_all,23,Channel 6,-2.1051,10,1,1.4798343905919658,0.4045747492670628
peak_all,23,Channel 7,21.9728,8,1,1.46731524671711,0.4212607907060463
peak_all,23,Channel 8,-62.6247,0,1,0.3661297329077223,0.33096721379178573
peak_all,23,Channel 9,87.7647,7,1,1.2752748850339075,0.41890394848208984
peak_all,23,Channel 10,77.907,5,1,0.8195591203479292,0.4373192440045173
peak_all,23,Channel 11,26.2031,9,1,1.491328365015358,0.4834467258278441
peak_all,23,Channel 12,26.2403,4,1,0.8077607983695382,0.3537986451994974
peak_all,23,Channel 13,-68.7344,3,2,0.7737334741675616,0.4280903179803612
peak_all,23,Channel 14,-0.5976,6,2,1.0109330979116118,0.44306624385658844
peak_all,23,Channel 15,-2.2421,1,2,0.3009408471660993,0.3357390385130626
peak_12,23,Channel 1,224.456,3,1,0.7737334741675616,0.46540448051196603
peak_12,23,Channel 2,90.1328,6,1,1.0109330979116118,0.42634119332457143
peak_12,23,Channel 3,21.5606,1,1,0.3009408471660993,0.49616876219717954
peak_12,23,Channel 4,40.2539,2,1,0.4381599260056289,0.3807511150603044
peak_12,23,Channel 5,-4.0923,11,1,1.7690301157655675,0.38465205629843
peak_12,23,Channel 6,-2.1698,10,1,1.4798343905919658,0.4045747492670628
peak_12,23,Channel 7,21.5053,8,1,1.46731524671711,0.4212607907060463
peak_12,23,Channel 8,-61.7925,0,1,0.3661297329077223,0.33096721379178573
peak_12,23,Channel 9,88.5312,7,1,1.2752748850339075,0.41890394848208984
peak_12,23,Channel 10,77.3749,5,1,0.8195591203479292,0.4373192440045173
peak_12,23,Channel 11,26.6454,9,1,1.491328365015358,0.4834467258278441
peak_12,23,Channel 12,24.6388,4,1,0.8077607983695382,0.3537986451994974
peak_12,23,Channel 13,-32.0755,-1,0,,0.6489602114812055
peak_12,23,Channel 14,16.5912,-1,0,,0.6550887097064175
peak_12,23,Channel 15,2.1419,-1,0,,0.629973505732089
unphased,24,Channel 1,-55.6112,-1,0,,0.627690567596693
unphased,24,Channel 2,-84.8895,-1,0,,0.6516025678124577
unphased,24,Channel 3,-41.9747,-1,0,,0.6049213896201574
unphased,24,Channel 4,77.1497,-1,0,,0.6972772624745126
unphased,24,Channel 5,187.166,-1,0,,0.638179517245984
unphased,24,Channel 6,-40.2748,-1,0,,0.6435535375524946
unphased,24,Channel 7,-21.4694,-1,0,,0.6673553529686188
unphased,24,Channel 8,-20.4156,-1,0,,0.6537663242155571
unphased,24,Channel 9,538.499,-1,0,,0.696824838482573
unphased,24,Channel 10,35.8651,-1,0,,0.6409520832438925
unphased,24,Channel 11,31.1897,-1,0,,0.665579317731785
unphased,24,Channel 12,-6.2255,-1,0,,0.6353085845554816
unphased,24,Channel 13,235.6993,-1,0,,0.676132292284967
unphased,24,Channel 14,155.2424,-1,0,,0.6443755124796341
unphased,24,Channel 15,-57.9524,-1,0,,0.606480851735194
peak_all,24,Channel 1,-150.6788,4,2,0.4542302436906691,0.34381692292297933
peak_all,24,Channel 2,-87.634,3,2,0.5763920254982005,0.4621470950268912
peak_all,24,Channel 3,17.9229,6,2,0.7842132560775692,0.4187748200440401
peak_all,24,Channel 4,74.7709,1,1,0.8092043947778487,0.4909852725268299
peak_all,24,Channel 5,143.4594,10,1,1.8985319407021566,0.4231453532275011
peak_all,24,Channel 6,49.777,2,1,0.5545020907618408,0.4039639582349578
peak_all,24,Channel 7,27.3581,7,1,0.9908304105864492,0.3766938979847472
peak_all,24,Channel 8,12.1064,8,1,1.5598420279182632,0.38836089482840025
peak_all,24,Channel 9,185.9517,5,1,0.5071735268649232,0.5266017244641721
peak_all,24,Channel 10,-14.427,11,1,1.3446545478465133,0.337001065760287
peak_all,24,Channel 11,-11.0982,0,1,0.671843964535018,0.4342078330862969
peak_all,24,Channel 12,29.0634,9,1,1.848581570740549,0.39791639924625716
peak_all,24,Channel 13,196.9161,4,2,0.4542302436906691,0.3451379649315316
peak_all,24,Channel 14,143.5916,3,2,0.5763920254982005,0.4163800870992059
peak_all,24,Channel 15,10.2983,6,2,0.7842132560775692,0.3754483294110872
peak_12,24,Channel 1,-63.9948,4,1,0.4542302436906691,0.34381692292297933
peak_12,24,Channel 2,14.8363,3,1,0.5763920254982005,0.4621470950268912
peak_12,24,Channel 3,18.9424,6,1,0.7842132560775692,0.4187748200440401
peak_12,24,Channel 4,45.7764,1,1,0.8092043947778487,0.4909852725268299
peak_12,24,Channel 5,69.6599,10,1,1.8985319407021566,0.4231453532275011
peak_12,24,Channel 6,27.5504,2,1,0.5545020907618408,0.4039639582349578
peak_12,24,Channel 7,11.0582,7,1,0.9908304105864492,0.3766938979847472
peak_12,24,Channel 8,-0.79,8,1,1.5598420279182632,0.38836089482840025
peak_12,24,Channel 9,120.32,5,1,0.5071735268649232,0.5266017244641721
peak_12,24,Channel 10,-28.8981,11,1,1.3446545478465133,0.337001065760287
peak_12,24,Channel 11,-19.9855,0,1,0.671843964535018,0.4342078330862969
peak_12,24,Channel 12,0.9995,9,1,1.848581570740549,0.39791639924625716
peak_12,24,Channel 13,508.2418,-1,0,,0.676132292284967
peak_12,24,Channel 14,150.2201,-1,0,,0.6443755124796341
peak_12,24,Channel 15,-53.6,-1,0,,0.606480851735194
unphased,25,Channel 1,-9.3353,-1,0,,0.6386727594721681
unphased,25,Channel 2,-44.2252,-1,0,,0.658463515774885
unphased,25,Channel 3,4.0699,-1,0,,0.6335260177195476
unphased,25,Channel 4,70.244,-1,0,,0.6938179560516502
unphased,25,Channel 5,-51.3348,-1,0,,0.6208854684989724
unphased,25,Channel 6,-24.8967,-1,0,,0.6430259815408651
unphased,25,Channel 7,10.8207,-1,0,,0.6605319007903933
unphased,25,Channel 8,-22.6133,-1,0,,0.6573639906632636
unphased,25,Channel 9,226.8372,-1,0,,0.6630760309207981
unphased,25,Channel 10,34.6218,-1,0,,0.6185336756462743
unphased,25,Channel 11,15.9205,-1,0,,0.6797449591931728
unphased,25,Channel 12,102.6794,-1,0,,0.6461043406213989
unphased,25,Channel 13,-125.3544,-1,0,,0.6449543194842866
unphased,25,Channel 14,175.0667,-1,0,,0.6564296714501923
unphased,25,Channel 15,18.1134,-1,0,,0.6348694121721327
peak_all,25,Channel 1,141.4131,0,2,0.6409462208623149,0.3335755584903107
peak_all,25,Channel 2,-33.2344,3,2,0.7716412133208786,0.48532140950030384
peak_all,25,Channel 3,0.2125,11,2,1.4683945515843397,0.40100041934392006
peak_all,25,Channel 4,-16.1329,7,1,1.0655824437866044,0.4168383298098471
peak_all,25,Channel 5,37.2491,10,1,1.367191392222573,0.3571035816542749
peak_all,25,Channel 6,79.2408,2,1,0.6330104893167137,0.4076555947083909
peak_all,25,Channel 7,-2.0542,8,1,1.3980264520283696,0.4070420230577376
peak_all,25,Channel 8,28.3662,4,1,0.8932966308643543,0.40910376456969744
peak_all,25,Channel 9,189.5423,6,1,1.061959249300291,0.4975378497469875
peak_all,25,Channel 10,65.6816,5,1,0.9028166738903416,0.44013368411961495
peak_all,25,Channel 11,52.6707,1,1,0.5336057798427223,0.462273633914283
peak_all,25,Channel 12,22.9197,9,1,1.2635289029804966,0.34839448129414724
peak_all,25,Channel 13,-168.6216,0,2,0.6409462208623149,0.3819866511432353
peak_all,25,Channel 14,117.0391,3,2,0.7716412133208786,0.43922750183142795
peak_all,25,Channel 15,-2.061,11,2,1.4683945515843397,0.37580394848142146
peak_12,25,Channel 1,-57.5392,0,1,0.6409462208623149,0.3335755584903107
peak_12,25,Channel 2,43.9202,3,1,0.7716412133208786,0.48532140950030384
peak_12,25,Channel 3,-8.6699,11,1,1.4683945515843397,0.40100041934392006
peak_12,25,Channel 4,-24.5635,7,1,1.0655824437866044,0.4168383298098471
peak_12,25,Channel 5,-7.6921,10,1,1.367191392222573,0.3571035816542749
peak_12,25,Channel 6,61.6681,2,1,0.6330104893167137,0.4076555947083909
peak_12,25,Channel 7,-13.8941,8,1,1.3980264520283696,0.4070420230577376
peak_12,25,Channel 8,11.2439,4,1,0.8932966308643543,0.40910376456969744
peak_12,25,Channel 9,120.859,6,1,1.061959249300291,0.4975378497469875
peak_12,25,Channel 10,48.1079,5,1,0.9028166738903416,0.44013368411961495
peak_12,25,Channel 11,44.5953,1,1,0.5336057798427223,0.462273633914283
peak_12,25,Channel 12,3.5811,9,1,1.2635289029804966,0.34839448129414724
peak_12,25,Channel 13,-37.8555,-1,0,,0.6449543194842866
peak_12,25,Channel 14,202.7759,-1,0,,0.6564296714501923
peak_12,25,Channel 15,38.1244,-1,0,,0.6348694121721327
unphased,26,Channel 1,-302.2621,-1,0,,0.625730648159517
unphased,26,Channel 2,32.8682,-1,0,,0.6460506641740691
unphased,26,Channel 3,47.6909,-1,0,,0.6532690823700857
unphased,26,Channel 4,40.5048,-1,0,,0.6888176536570558
unphased,26,Channel 5,-169.8074,-1,0,,0.6069538590658028
unphased,26,Channel 6,-24.6844,-1,0,,0.6563917275170851
unphased,26,Channel 7,2.7166,-1,0,,0.657386458366916
unphased,26,Channel 8,-18.4391,-1,0,,0.652452229447949
unphased,26,Channel 9,415.3735,-1,0,,0.6679776763193116
unphased,26,Channel 10,-46.6489,-1,0,,0.6074443200349584
unphased,26,Channel 11,71.7359,-1,0,,0.6971929621621871
unphased,26,Channel 12,15.4024,-1,0,,0.6576687743082535
unphased,26,Channel 13,435.4163,-1,0,,0.6668358536377226
unphased,26,Channel 14,72.6483,-1,0,,0.6514834137688825
unphased,26,Channel 15,-21.9809,-1,0,,0.614344677010207
peak_all,26,Channel 1,-155.4426,5,2,1.2358726887351665,0.47925437611512
peak_all,26,Channel 2,51.6492,6,2,0.9641427520055117,0.41811492239439346
peak_all,26,Channel 3,50.5221,3,2,1.018273461317896,0.48615784686331953
peak_all,26,Channel 4,-4.9529,8,1,0.7684626189575321,0.35192491201025355
peak_all,26,Channel 5,129.7128,0,1,0.9917335041120902,0.380737252759945
peak_all,26,Channel 6,28.0399,7,1,1.0785969724383633,0.38015319889227467
peak_all,26,Channel 7,33.8588,1,1,0.3269344494507501,0.46856490426211167
peak_all,26,Channel 8,22.2739,10,1,1.3965528024556753,0.38934065452673716
peak_all,26,Channel 9,-60.1088,9,1,0.5925293159737731,0.35140846455236985
peak_all,26,Channel 10,-2.7193,11,1,1.7007573181169775,0.3656596833385744
peak_all,26,Channel 11,55.8654,4,1,1.250588956606733,0.49184886672474193
peak_all,26,Channel 12,78.132,2,1,0.6755551598295291,0.37913569235214284
peak_all,26,Channel 13,375.6054,5,2,1.2358726887351665,0.4958512297625301
peak_all,26,Channel 14,13.7355,6,2,0.9641427520055117,0.43885785949596345
peak_all,26,Channel 15,7.0245,3,2,1.018273461317896,0.4350649915077427
peak_12,26,Channel 1,115.9487,5,1,1.2358726887351665,0.47925437611512
peak_12,26,Channel 2,52.1574,6,1,0.9641427520055117,0.41811492239439346
peak_12,26,Channel 3,44.9694,3,1,1.018273461317896,0.48615784686331953
peak_12,26,Channel 4,-14.0487,8,1,0.7684626189575321,0.35192491201025355
peak_12,26,Channel 5,71.6137,0,1,0.9917335041120902,0.380737252759945
peak_12,26,Channel 6,13.8192,7,1,1.0785969724383633,0.38015319889227467
peak_12,26,Channel 7,13.5399,1,1,0.3269344494507501,0.46856490426211167
peak_12,26,Channel 8,5.7668,10,1,1.3965528024556753,0.38934065452673716
peak_12,26,Channel 9,-138.9901,9,1,0.5925293159737731,0.35140846455236985
peak_12,26,Channel 10,-19.8488,11,1,1.7007573181169775,0.3656596833385744
peak_12,26,Channel 11,43.0405,4,1,1.250588956606733,0.49184886672474193
peak_12,26,Channel 12,62.1486,2,1,0.6755551598295291,0.37913569235214284
peak_12,26,Channel 13,543.0278,-1,0,,0.6668358536377226
peak_12,26,Channel 14,52.829,-1,0,,0.6514834137688825
peak_12,26,Channel 15,-29.5426,-1,0,,0.614344677010207
unphased,27,Channel 1,145.4194,-1,0,,0.648988246304658
unphased,27,Channel 2,-29.8999,-1,0,,0.6530996314804979
unphased,27,Channel 3,-12.3488,-1,0,,0.625214667838667
unphased,27,Channel 4,74.0393,-1,0,,0.6823525418487136
unphased,27,Channel 5,-82.3086,-1,0,,0.6235437679280487
unphased,27,Channel 6,-52.2204,-1,0,,0.6592803062206256
unphased,27,Channel 7,26.7166,-1,0,,0.6688581046209844
unphased,27,Channel 8,-45.4556,-1,0,,0.6529365436641241
unphased,27,Channel 9,227.3231,-1,0,,0.6533685042593558
unphased,27,Channel 10,-44.1955,-1,0,,0.6314703190736012
unphased,27,Channel 11,68.756,-1,0,,0.6789157239319423
unphased,27,Channel 12,43.413,-1,0,,0.6497216386166701
unphased,27,Channel 13,22.7995,-1,0,,0.6434828444640214
unphased,27,Channel 14,89.9992,-1,0,,0.6579170648586087
unphased,27,Channel 15,52.4039,-1,0,,0.6208500948894837
peak_all,27,Channel 1,297.505,3,2,0.6704478791219197,0.45668997817089896
peak_all,27,Channel 2,-8.5723,6,2,0.9277353688275928,0.41041161580176005
peak_all,27,Channel 3,-28.7671,10,2,1.5913822385337182,0.42084450837504556
peak_all,27,Channel 4,5.6956,11,1,1.9059283052172156,0.4503115961450129
peak_all,27,Channel 5,40.8347,0,1,0.5412095094163136,0.3243042848596167
peak_all,27,Channel 6,48.3022,2,1,0.4618182375197862,0.3858022395506594
peak_all,27,Channel 7,27.9189,4,1,0.765374269741117,0.3760130667654119
peak_all,27,Channel 8,25.3995,1,1,0.25931182075758313,0.43674346651277296
peak_all,27,Channel 9,57.6977,9,1,1.5096602470414047,0.45005499833692014
peak_all,27,Channel 10,18.2188,7,1,1.12205859469321,0.40586129845877617
peak_all,27,Channel 11,39.1159,5,1,0.9271643549095385,0.4307804207774519
peak_all,27,Channel 12,27.6626,8,1,1.3179091742206015,0.40748885458336487
peak_all,27,Channel 13,-137.2224,3,2,0.6704478791219197,0.4101710313395671
peak_all,27,Channel 14,67.1273,6,2,0.9277353688275928,0.43264770311937134
peak_all,27,Channel 15,41.3848,10,2,1.5913822385337182,0.4223997835454938
peak_12,27,Channel 1,80.8445,3,1,0.6704478791219197,0.45668997817089896
peak_12,27,Channel 2,20.3696,6,1,0.9277353688275928,0.41041161580176005
peak_12,27,Channel 3,-1.8611,10,1,1.5913822385337182,0.42084450837504556
peak_12,27,Channel 4,-9.5533,11,1,1.9059283052172156,0.4503115961450129
peak_12,27,Channel 5,-33.8869,0,1,0.5412095094163136,0.3243042848596167
peak_12,27,Channel 6,30.2158,2,1,0.4618182375197862,0.3858022395506594
peak_12,27,Channel 7,10.3054,4,1,0.765374269741117,0.3760130667654119
peak_12,27,Channel 8,11.8243,1,1,0.25931182075758313,0.43674346651277296
peak_12,27,Channel 9,16.4731,9,1,1.5096602470414047,0.45005499833692014
peak_12,27,Channel 10,0.2725,7,1,1.12205859469321,0.40586129845877617
peak_12,27,Channel 11,24.5698,5,1,0.9271643549095385,0.4307804207774519
peak_12,27,Channel 12,8.0629,8,1,1.3179091742206015,0.40748885458336487
peak_12,27,Channel 13,140.9465,-1,0,,0.6434828444640214
peak_12,27,Channel 14,116.7791,-1,0,,0.6579170648586087
peak_12,27,Channel 15,71.1369,-1,0,,0.6208500948894837
unphased,28,Channel 1,-304.8889,-1,0,,0.6417142403229421
unphased,28,Channel 2,9.8898,-1,0,,0.6552141240636424
unphased,28,Channel 3,30.6868,-1,0,,0.6282551733977658
unphased,28,Channel 4,94.553,-1,0,,0.6855962759868183
unphased,28,Channel 5,-274.0953,-1,0,,0.6094712693247871
unphased,28,Channel 6,-55.8924,-1,0,,0.6422771010117508
unphased,28,Channel 7,43.9862,-1,0,,0.6751361994511701
unphased,28,Channel 8,39.3728,-1,0,,0.6534844353091926
unphased,28,Channel 9,446.2808,-1,0,,0.6575683251027544
unphased,28,Channel 10,-22.0307,-1,0,,0.6330503917097134
unphased,28,Channel 11,15.9876,-1,0,,0.6772047678201093
unphased,28,Channel 12,121.5455,-1,0,,0.6465573812166315
unphased,28,Channel 13,-0.6271,-1,0,,0.6566621347425384
unphased,28,Channel 14,75.1384,-1,0,,0.663428483955723
unphased,28,Channel 15,-23.681,-1,0,,0.6243796965844638
peak_all,28,Channel 1,-62.8409,7,2,1.1155269499681546,0.39431576389358824
peak_all,28,Channel 2,9.3802,4,2,0.9462984817477981,0.3879242105700943
peak_all,28,Channel 3,49.5219,6,2,0.966056736610866,0.4512004127227633
peak_all,28,Channel 4,31.6823,9,1,1.446684461267233,0.4303803366112473
peak_all,28,Channel 5,99.9344,5,1,0.9748248389087181,0.4356318316209764
peak_all,28,Channel 6,38.3713,1,1,0.2907237455479603,0.4426678570749906
peak_all,28,Channel 7,6.4829,0,1,0.573347262803253,0.3446064290773004
peak_all,28,Channel 8,9.9571,11,1,1.5972000787377794,0.4257416879983842
peak_all,28,Channel 9,167.2334,2,1,0.5178018753421819,0.4193508986113097
peak_all,28,Channel 10,2.8555,8,1,1.4540899177914002,0.38450742844511276
peak_all,28,Channel 11,35.5884,3,1,0.7916029852425103,0.49384362295665285
peak_all,28,Channel 12,1.207,10,1,1.3258426660321452,0.3768980880831422
peak_all,28,Channel 13,87.7323,7,2,1.1155269499681546,0.4151299976863077
peak_all,28,Channel 14,26.0039,4,2,0.9462984817477981,0.4065745476511194
peak_all,28,Channel 15,-6.2966,6,2,0.966056736610866,0.4042082325544658
peak_12,28,Channel 1,-6.3913,7,1,1.1155269499681546,0.39431576389358824
peak_12,28,Channel 2,19.5963,4,1,0.9462984817477981,0.3879242105700943
peak_12,28,Channel 3,39.6651,6,1,0.966056736610866,0.4512004127227633
peak_12,28,Channel 4,18.2552,9,1,1.446684461267233,0.4303803366112473
peak_12,28,Channel 5,78.7138,5,1,0.9748248389087181,0.4356318316209764
peak_12,28,Channel 6,24.1637,1,1,0.2907237455479603,0.4426678570749906
peak_12,28,Channel 7,-1.3699,0,1,0.573347262803253,0.3446064290773004
peak_12,28,Channel 8,2.2373,11,1,1.5972000787377794,0.4257416879983842
peak_12,28,Channel 9,142.3111,2,1,0.5178018753421819,0.4193508986113097
peak_12,28,Channel 10,0.7482,8,1,1.4540899177914002,0.38450742844511276
peak_12,28,Channel 11,31.5747,3,1,0.7916029852425103,0.49384362295665285
peak_12,28,Channel 12,-9.7411,10,1,1.3258426660321452,0.3768980880831422
peak_12,28,Channel 13,140.2335,-1,0,,0.6566621347425384
peak_12,28,Channel 14,93.4037,-1,0,,0.663428483955723
peak_12,28,Channel 15,-13.7671,-1,0,,0.6243796965844638
unphased,29,Channel 1,108.9661,-1,0,,0.65321841047348
unphased,29,Channel 2,24.0006,-1,0,,0.6508393780670781
unphased,29,Channel 3,18.4332,-1,0,,0.6224789020635755
unphased,29,Channel 4,63.2305,-1,0,,0.6831198760427432
unphased,29,Channel 5,81.113,-1,0,,0.6210480610913311
unphased,29,Channel 6,67.0952,-1,0,,0.6693707715755748
unphased,29,Channel 7,92.3713,-1,0,,0.6781692675278055
unphased,29,Channel 8,54.3033,-1,0,,0.643338960534881
unphased,29,Channel 9,120.5606,-1,0,,0.6428302208740737
unphased,29,Channel 10,-21.6498,-1,0,,0.6442509747182753
unphased,29,Channel 11,30.5687,-1,0,,0.6912448848989169
unphased,29,Channel 12,49.2308,-1,0,,0.644038096807478
unphased,29,Channel 13,-280.3914,-1,0,,0.6379129089325902
unphased,29,Channel 14,25.1884,-1,0,,0.6456656564064507
unphased,29,Channel 15,-36.8344,-1,0,,0.6224736299857492
peak_all,29,Channel 1,252.2214,2,2,0.27376485403862244,0.3512034172484389
peak_all,29,Channel 2,-27.8152,0,2,0.1151436960555427,0.3111313151103013
peak_all,29,Channel 3,47.7566,4,2,0.5888567191875832,0.3365610346357997
peak_all,29,Channel 4,30.2952,10,1,1.760766701709205,0.46436096395515636
peak_all,29,Channel 5,95.9477,7,1,1.2768120360965978,0.34177908424448133
peak_all,29,Channel 6,78.8601,6,1,1.0181356508989365,0.49101955634902533
peak_all,29,Channel 7,54.8657,9,1,1.8406185826998371,0.45388794799532634
peak_all,29,Channel 8,35.0392,5,1,0.7513617362545427,0.3978141987423084
peak_all,29,Channel 9,29.1572,1,1,-0.27079093694424755,0.3508262201773912
peak_all,29,Channel 10,10.5156,3,1,0.571433771770282,0.4259816664170128
peak_all,29,Channel 11,18.688,11,1,2.421599740960186,0.5163825921589696
peak_all,29,Channel 12,34.8278,8,1,1.652297447272911,0.4413043709974867
peak_all,29,Channel 13,-176.2524,2,2,0.27376485403862244,0.3697056686584443
peak_all,29,Channel 14,12.6916,0,2,0.1151436960555427,0.2608403599887874
peak_all,29,Channel 15,-15.0911,4,2,0.5888567191875832,0.3728974091982858
peak_12,29,Channel 1,93.5573,2,1,0.27376485403862244,0.3512034172484389
peak_12,29,Channel 2,-20.0894,0,1,0.1151436960555427,0.3111313151103013
peak_12,29,Channel 3,33.0438,4,1,0.5888567191875832,0.3365610346357997
peak_12,29,Channel 4,27.1322,10,1,1.760766701709205,0.46436096395515636
peak_12,29,Channel 5,94.2823,7,1,1.2768120360965978,0.34177908424448133
peak_12,29,Channel 6,70.9091,6,1,1.0181356508989365,0.49101955634902533
peak_12,29,Channel 7,51.963,9,1,1.8406185826998371,0.45388794799532634
peak_12,29,Channel 8,32.8818,5,1,0.7513617362545427,0.3978141987423084
peak_12,29,Channel 9,23.8078,1,1,-0.27079093694424755,0.3508262201773912
peak_12,29,Channel 10,3.9906,3,1,0.571433771770282,0.4259816664170128
peak_12,29,Channel 11,18.4181,11,1,2.421599740960186,0.5163825921589696
peak_12,29,Channel 12,30.7097,8,1,1.652297447272911,0.4413043709974867
peak_12,29,Channel 13,-111.9762,-1,0,,0.6379129089325902
peak_12,29,Channel 14,85.6399,-1,0,,0.6456656564064507
peak_12,29,Channel 15,5.1465,-1,0,,0.6224736299857492
unphased,30,Channel 1,-25.0858,-1,0,,0.6397901321677123
unphased,30,Channel 2,15.0352,-1,0,,0.6589533186942125
unphased,30,Channel 3,21.465,-1,0,,0.6256990569151946
unphased,30,Channel 4,1.684,-1,0,,0.6974611123885217
unphased,30,Channel 5,-35.3058,-1,0,,0.6072542343234542
unphased,30,Channel 6,-61.8762,-1,0,,0.6631749911088001
unphased,30,Channel 7,20.3139,-1,0,,0.6587869917571035
unphased,30,Channel 8,-50.3836,-1,0,,0.6331125983000448
unphased,30,Channel 9,90.3952,-1,0,,0.6577953076149554
unphased,30,Channel 10,16.0093,-1,0,,0.6171340437447189
unphased,30,Channel 11,69.5899,-1,0,,0.6946564414500417
unphased,30,Channel 12,6.9264,-1,0,,0.6564497346037561
unphased,30,Channel 13,-26.5315,-1,0,,0.6435360042480343
unphased,30,Channel 14,140.4643,-1,0,,0.6607470714623788
unphased,30,Channel 15,79.3259,-1,0,,0.6354489612210752
peak_all,30,Channel 1,285.0084,2,2,0.6739589650741156,0.4075736210958285
peak_all,30,Channel 2,-0.8081,3,2,0.5602382640187812,0.4610159691983031
peak_all,30,Channel 3,-27.4259,11,2,1.6564478280761281,0.41680004198508097
peak_all,30,Channel 4,-28.5748,9,1,1.2268967009322778,0.40270412675707423
peak_all,30,Channel 5,159.905,5,1,0.8980382729280737,0.4269327521129175
peak_all,30,Channel 6,65.1094,1,1,0.7252566172518005,0.5202914530309849
peak_all,30,Channel 7,9.5517,7,1,0.9276521732541719,0.36436630489473554
peak_all,30,Channel 8,-5.3436,8,1,1.1886364407656516,0.3409471800570792
peak_all,30,Channel 9,42.9597,10,1,1.6671156441872381,0.44679753823137514
peak_all,30,Channel 10,77.0337,4,1,0.7062160290799328,0.35205924180898773
peak_all,30,Channel 11,20.7537,0,1,0.8016207750179392,0.46527492743807997
peak_all,30,Channel 12,29.6757,6,1,0.9679222894138885,0.43768926978500655
peak_all,30,Channel 13,-134.7965,2,2,0.6739589650741156,0.43945671087255
peak_all,30,Channel 14,56.5727,3,2,0.5602382640187812,0.4176398778748503
peak_all,30,Channel 15,20.927,11,2,1.6564478280761281,0.39548697876850203
peak_12,30,Channel 1,130.4606,2,1,0.6739589650741156,0.4075736210958285
peak_12,30,Channel 2,18.9244,3,1,0.5602382640187812,0.4610159691983031
peak_12,30,Channel 3,-16.3204,11,1,1.6564478280761281,0.41680004198508097
peak_12,30,Channel 4,-44.1353,9,1,1.2268967009322778,0.40270412675707423
peak_12,30,Channel 5,110.6924,5,1,0.8980382729280737,0.4269327521129175
peak_12,30,Channel 6,35.9545,1,1,0.7252566172518005,0.5202914530309849
peak_12,30,Channel 7,0.2279,7,1,0.9276521732541719,0.36436630489473554
peak_12,30,Channel 8,-22.4611,8,1,1.1886364407656516,0.3409471800570792
peak_12,30,Channel 9,6.4459,10,1,1.6671156441872381,0.44679753823137514
peak_12,30,Channel 10,57.3525,4,1,0.7062160290799328,0.35205924180898773
peak_12,30,Channel 11,0.9864,0,1,0.8016207750179392,0.46527492743807997
peak_12,30,Channel 12,8.1786,6,1,0.9679222894138885,0.43768926978500655
peak_12,30,Channel 13,-71.1536,-1,0,,0.6435360042480343
peak_12,30,Channel 14,151.5904,-1,0,,0.6607470714623788
peak_12,30,Channel 15,94.0264,-1,0,,0.6354489612210752
unphased,31,Channel 1,219.7924,-1,0,,0.6472340381717262
unphased,31,Channel 2,64.3111,-1,0,,0.6562550128320934
unphased,31,Channel 3,-20.9401,-1,0,,0.6086189719806785
unphased,31,Channel 4,117.5746,-1,0,,0.6907924950760005
unphased,31,Channel 5,124.4594,-1,0,,0.6218103405585016
unphased,31,Channel 6,-44.0531,-1,0,,0.6492148587665098
unphased,31,Channel 7,44.094,-1,0,,0.6695003653033915
unphased,31,Channel 8,65.1252,-1,0,,0.6358716417022102
unphased,31,Channel 9,156.4831,-1,0,,0.663106271858976
unphased,31,Channel 10,-23.5601,-1,0,,0.6300003614701347
unphased,31,Channel 11,46.8537,-1,0,,0.6826909859901353
unphased,31,Channel 12,-5.5544,-1,0,,0.6536112844660029
unphased,31,Channel 13,-179.1042,-1,0,,0.654051118523923
unphased,31,Channel 14,-41.8062,-1,0,,0.6489169733394123
unphased,31,Channel 15,-9.2378,-1,0,,0.6383252799603019
peak_all,31,Channel 1,244.6845,8,2,1.3402053898040054,0.40041129351007027
peak_all,31,Channel 2,65.1662,6,2,0.7917525572659077,0.3978251513794041
peak_all,31,Channel 3,6.8858,7,2,1.0714732399067095,0.34409529127899974
peak_all,31,Channel 4,64.4352,2,1,0.6306696512619742,0.41349009471629805
peak_all,31,Channel 5,115.2048,9,1,1.4856690452310677,0.4030732617558425
peak_all,31,Channel 6,-10.8474,10,1,1.4555783241051548,0.40067902074000117
peak_all,31,Channel 7,26.2739,5,1,0.6237947853690841,0.398169944465281
peak_all,31,Channel 8,71.4413,3,1,0.6850126794009979,0.3835252195424157
peak_all,31,Channel 9,-5.016,0,1,0.7660957539943285,0.355944938452699
peak_all,31,Channel 10,33.4012,4,1,0.7095278607647938,0.3551264601129537
peak_all,31,Channel 11,47.8861,1,1,0.6684949335330225,0.47825327423367564
peak_all,31,Channel 12,15.9818,11,1,1.7717257793629524,0.39733460951091965
peak_all,31,Channel 13,-222.2034,8,2,1.3402053898040054,0.3993463231338582
peak_all,31,Channel 14,-53.5745,6,2,0.7917525572659077,0.41034863505458835
peak_all,31,Channel 15,23.7402,7,2,1.0714732399067095,0.4142229713874802
peak_12,31,Channel 1,23.6741,8,1,1.3402053898040054,0.40041129351007027
peak_12,31,Channel 2,17.5833,6,1,0.7917525572659077,0.3978251513794041
peak_12,31,Channel 3,21.9715,7,1,1.0714732399067095,0.34409529127899974
peak_12,31,Channel 4,58.9442,2,1,0.6306696512619742,0.41349009471629805
peak_12,31,Channel 5,106.1934,9,1,1.4856690452310677,0.4030732617558425
peak_12,31,Channel 6,-16.2083,10,1,1.4555783241051548,0.40067902074000117
peak_12,31,Channel 7,18.7372,5,1,0.6237947853690841,0.398169944465281
peak_12,31,Channel 8,59.6321,3,1,0.6850126794009979,0.3835252195424157
peak_12,31,Channel 9,-19.0515,0,1,0.7660957539943285,0.355944938452699
peak_12,31,Channel 10,20.4549,4,1,0.7095278607647938,0.3551264601129537
peak_12,31,Channel 11,47.5676,1,1,0.6684949335330225,0.47825327423367564
peak_12,31,Channel 12,14.1741,11,1,1.7717257793629524,0.39733460951091965
peak_12,31,Channel 13,-15.5192,-1,0,,0.654051118523923
peak_12,31,Channel 14,43.1183,-1,0,,0.6489169733394123
peak_12,31,Channel 15,33.7829,-1,0,,0.6383252799603019
unphased,32,Channel 1,-262.7431,-1,0,,0.6288962924363533
unphased,32,Channel 2,-41.1221,-1,0,,0.6485139014557343
unphased,32,Channel 3,43.5799,-1,0,,0.6404106587807327
unphased,32,Channel 4,35.2948,-1,0,,0.6942184663981025
unphased,32,Channel 5,66.7695,-1,0,,0.6273073309761288
unphased,32,Channel 6,-84.2865,-1,0,,0.6331398959944279
unphased,32,Channel 7,38.0817,-1,0,,0.6592127376172633
unphased,32,Channel 8,66.8889,-1,0,,0.6706859174567601
unphased,32,Channel 9,309.6456,-1,0,,0.6577789646230502
unphased,32,Channel 10,-124.1256,-1,0,,0.5955786044587085
unphased,32,Channel 11,40.1024,-1,0,,0.6802470077677217
unphased,32,Channel 12,29.5404,-1,0,,0.663773035298106
unphased,32,Channel 13,510.4837,-1,0,,0.6742881626687691
unphased,32,Channel 14,61.7195,-1,0,,0.6425242445471443
unphased,32,Channel 15,-15.122,-1,0,,0.6334247795210032
peak_all,32,Channel 1,-186.9033,3,2,0.8494435728518884,0.47707779836591185
peak_all,32,Channel 2,28.0192,2,2,0.943330411976418,0.46974211617870976
peak_all,32,Channel 3,40.8589,6,2,1.177922795983625,0.4888160800761147
peak_all,32,Channel 4,84.3278,1,1,0.7591280723914648,0.4865035045006607
peak_all,32,Channel 5,-45.1542,11,1,1.2971670326637568,0.32440654198675645
peak_all,32,Channel 6,22.6525,0,1,0.6094246998168585,0.384473992549403
peak_all,32,Channel 7,7.455,9,1,0.8510318763902539,0.33127487830328095
peak_all,32,Channel 8,73.9468,4,1,1.2603542785050565,0.471314633838959
peak_all,32,Channel 9,-0.4319,10,1,0.7686496058521758,0.3267625250247597
peak_all,32,Channel 10,-5.7555,8,1,1.1206210700188894,0.32147340108034783
peak_all,32,Channel 11,33.0058,7,1,1.1546688820347393,0.4096332995741517
peak_all,32,Channel 12,61.0605,5,1,1.208257701514874,0.45144498027078844
peak_all,32,Channel 13,328.5396,3,2,0.8494435728518884,0.46779781094542755
peak_all,32,Channel 14,66.8867,2,2,0.943330411976418,0.41826292612492416
peak_all,32,Channel 15,13.6694,6,2,1.177922795983625,0.4405595660771041
peak_12,32,Channel 1,33.611,3,1,0.8494435728518884,0.47707779836591185
peak_12,32,Channel 2,66.3924,2,1,0.943330411976418,0.46974211617870976
peak_12,32,Channel 3,38.2252,6,1,1.177922795983625,0.4888160800761147
peak_12,32,Channel 4,44.8258,1,1,0.7591280723914648,0.4865035045006607
peak_12,32,Channel 5,-96.7167,11,1,1.2971670326637568,0.32440654198675645
peak_12,32,Channel 6,-7.0766,0,1,0.6094246998168585,0.384473992549403
peak_12,32,Channel 7,-15.5754,9,1,0.8510318763902539,0.33127487830328095
peak_12,32,Channel 8,50.7619,4,1,1.2603542785050565,0.471314633838959
peak_12,32,Channel 9,-88.7152,10,1,0.7686496058521758,0.3267625250247597
peak_12,32,Channel 10,-29.3095,8,1,1.1206210700188894,0.32147340108034783
peak_12,32,Channel 11,19.4007,7,1,1.1546688820347393,0.4096332995741517
peak_12,32,Channel 12,33.7165,5,1,1.208257701514874,0.45144498027078844
peak_12,32,Channel 13,654.3371,-1,0,,0.6742881626687691
peak_12,32,Channel 14,68.9944,-1,0,,0.6425242445471443
peak_12,32,Channel 15,-9.1499,-1,0,,0.6334247795210032
unphased,33,Channel 1,380.3062,-1,0,,0.6616433597422126
unphased,33,Channel 2,153.5525,-1,0,,0.6804110097576894
unphased,33,Channel 3,-14.2207,-1,0,,0.592149896240034
unphased,33,Channel 4,-3.5931,-1,0,,0.6658796690163221
unphased,33,Channel 5,90.6623,-1,0,,0.6377831525287647
unphased,33,Channel 6,-111.977,-1,0,,0.632188178372217
unphased,33,Channel 7,32.12,-1,0,,0.6803172749839802
unphased,33,Channel 8,-57.5213,-1,0,,0.6206653758191134
unphased,33,Channel 9,-86.4618,-1,0,,0.644278409651889
unphased,33,Channel 10,174.2942,-1,0,,0.7078347728009907
unphased,33,Channel 11,26.3838,-1,0,,0.6656797870468812
unphased,33,Channel 12,-72.7598,-1,0,,0.6179550139509007
unphased,33,Channel 13,-9.8108,-1,0,,0.6804127544305563
unphased,33,Channel 14,2.9605,-1,0,,0.608229802774036
unphased,33,Channel 15,88.0663,-1,0,,0.6545715428844113
peak_all,33,Channel 1,180.3652,7,2,1.3963811804249098,0.4018932841141982
peak_all,33,Channel 2,80.2064,3,2,-0.9413661086908784,0.40409285517536064
peak_all,33,Channel 3,-22.9876,6,2,-1.044736759520876,0.30841921841140985
peak_all,33,Channel 4,-11.5389,5,1,-1.0571661759918103,0.3159850736720959
peak_all,33,Channel 5,61.0238,0,1,-0.18489574378132984,0.31277793513562735
peak_all,33,Channel 6,38.3461,1,1,0.06402308708966617,0.4610669817953192
peak_all,33,Channel 7,-2.6798,4,1,-0.959223481451285,0.2687117013510214
peak_all,33,Channel 8,48.2766,10,1,3.6487430939842116,0.5008640355896751
peak_all,33,Channel 9,41.2806,8,1,2.3740809747776375,0.4140592304520915
peak_all,33,Channel 10,62.9374,9,1,3.634522041557805,0.523318432188734
peak_all,33,Channel 11,6.3797,2,1,-0.319250589358785,0.3083948801819756
peak_all,33,Channel 12,51.4419,11,1,5.388888480960736,0.5406130386334818
peak_all,33,Channel 13,-68.0425,7,2,1.3963811804249098,0.42891795814063677
peak_all,33,Channel 14,-45.4469,3,2,-0.9413661086908784,0.30850963165399525
peak_all,33,Channel 15,43.857,6,2,-1.044736759520876,0.300828097082962
peak_12,33,Channel 1,79.8379,7,1,1.3963811804249098,0.4018932841141982
peak_12,33,Channel 2,-0.3397,3,1,-0.9413661086908784,0.40409285517536064
peak_12,33,Channel 3,-1.977,6,1,-1.044736759520876,0.30841921841140985
peak_12,33,Channel 4,-41.8902,5,1,-1.0571661759918103,0.3159850736720959
peak_12,33,Channel 5,-44.3066,0,1,-0.18489574378132984,0.31277793513562735
peak_12,33,Channel 6,7.9772,1,1,0.06402308708966617,0.4610669817953192
peak_12,33,Channel 7,-19.4481,4,1,-0.959223481451285,0.2687117013510214
peak_12,33,Channel 8,30.0962,10,1,3.6487430939842116,0.5008640355896751
peak_12,33,Channel 9,-8.8886,8,1,2.3740809747776375,0.4140592304520915
peak_12,33,Channel 10,49.8725,9,1,3.634522041557805,0.523318432188734
peak_12,33,Channel 11,-1.586,2,1,-0.319250589358785,0.3083948801819756
peak_12,33,Channel 12,35.5189,11,1,5.388888480960736,0.5406130386334818
peak_12,33,Channel 13,221.8308,-1,0,,0.6804127544305563
peak_12,33,Channel 14,42.2729,-1,0,,0.608229802774036
peak_12,33,Channel 15,116.4613,-1,0,,0.6545715428844113
unphased,34,Channel 1,-293.0606,-1,0,,0.6287384764869196
unphased,34,Channel 2,21.6857,-1,0,,0.6522806266393962
unphased,34,Channel 3,49.3588,-1,0,,0.6367073537491829
unphased,34,Channel 4,-53.5007,-1,0,,0.6818313921905429
unphased,34,Channel 5,299.3926,-1,0,,0.620577052671655
unphased,34,Channel 6,-27.5334,-1,0,,0.6557042645279401
unphased,34,Channel 7,35.1814,-1,0,,0.6707775496160255
unphased,34,Channel 8,62.3409,-1,0,,0.6539047895506379
unphased,34,Channel 9,247.4044,-1,0,,0.671564674476799
unphased,34,Channel 10,-144.5048,-1,0,,0.6168893616275665
unphased,34,Channel 11,67.7536,-1,0,,0.6776948735797825
unphased,34,Channel 12,-36.6014,-1,0,,0.641229748974655
unphased,34,Channel 13,230.3691,-1,0,,0.6671584421623303
unphased,34,Channel 14,88.4364,-1,0,,0.6554529554690349
unphased,34,Channel 15,48.7309,-1,0,,0.6194884382775376
peak_all,34,Channel 1,-49.8993,0,2,0.7326339599035393,0.3418068201334203
peak_all,34,Channel 2,-54.6716,9,2,1.26475110617642,0.3725712822423919
peak_all,34,Channel 3,33.6257,3,2,0.8956248204115047,0.4601812407471512
peak_all,34,Channel 4,51.612,6,1,0.9804453337745304,0.45011398703604455
peak_all,34,Channel 5,-111.6111,11,1,1.200504942395948,0.3105197159144233
peak_all,34,Channel 6,10.2416,10,1,1.0435604105921126,0.34335979127571653
peak_all,34,Channel 7,40.3225,1,1,0.4593408697273652,0.481612713589182
peak_all,34,Channel 8,12.8922,5,1,0.927166518933832,0.4346592473810869
peak_all,34,Channel 9,261.5135,4,1,0.9644646089035172,0.45341797165906733
peak_all,34,Channel 10,79.8511,2,1,0.7546502136475196,0.383395119330685
peak_all,34,Channel 11,15.9771,8,1,1.4960462869716946,0.4602921803617596
peak_all,34,Channel 12,62.4932,7,1,1.2808109285620162,0.42468624157350765
peak_all,34,Channel 13,79.8148,0,2,0.7326339599035393,0.4111832666112797
peak_all,34,Channel 14,54.0891,9,2,1.26475110617642,0.3726262431524336
peak_all,34,Channel 15,31.7308,3,2,0.8956248204115047,0.424242285996818
peak_12,34,Channel 1,-71.635,0,1,0.7326339599035393,0.3418068201334203
peak_12,34,Channel 2,-34.4949,9,1,1.26475110617642,0.3725712822423919
peak_12,34,Channel 3,43.2754,3,1,0.8956248204115047,0.4601812407471512
peak_12,34,Channel 4,27.9333,6,1,0.9804453337745304,0.45011398703604455
peak_12,34,Channel 5,-164.0122,11,1,1.200504942395948,0.3105197159144233
peak_12,34,Channel 6,-16.1359,10,1,1.0435604105921126,0.34335979127571653
peak_12,34,Channel 7,25.7821,1,1,0.4593408697273652,0.481612713589182
peak_12,34,Channel 8,-5.2022,5,1,0.927166518933832,0.4346592473810869
peak_12,34,Channel 9,189.6513,4,1,0.9644646089035172,0.45341797165906733
peak_12,34,Channel 10,60.6617,2,1,0.7546502136475196,0.383395119330685
peak_12,34,Channel 11,2.6222,8,1,1.4960462869716946,0.4602921803617596
peak_12,34,Channel 12,43.8369,7,1,1.2808109285620162,0.42468624157350765
peak_12,34,Channel 13,218.1556,-1,0,,0.6671584421623303
peak_12,34,Channel 14,144.5328,-1,0,,0.6554529554690349
peak_12,34,Channel 15,63.5184,-1,0,,0.6194884382775376
unphased,35,Channel 1,351.632,-1,0,,0.660343970900422
unphased,35,Channel 2,-30.4194,-1,0,,0.6601088739858432
unphased,35,Channel 3,-40.9579,-1,0,,0.6143529357736144
unphased,35,Channel 4,102.7987,-1,0,,0.6830411145234744
unphased,35,Channel 5,93.0475,-1,0,,0.6176287372320034
unphased,35,Channel 6,-38.4639,-1,0,,0.6662221144528118
unphased,35,Channel 7,37.0308,-1,0,,0.6758714689535867
unphased,35,Channel 8,-23.6793,-1,0,,0.6254314174438476
unphased,35,Channel 9,66.5027,-1,0,,0.651778207148141
unphased,35,Channel 10,15.0154,-1,0,,0.6340818026023377
unphased,35,Channel 11,29.8967,-1,0,,0.6786088483254347
unphased,35,Channel 12,29.5252,-1,0,,0.6480302532214013
unphased,35,Channel 13,-224.5967,-1,0,,0.6401401919108778
unphased,35,Channel 14,86.4802,-1,0,,0.6606539363880842
unphased,35,Channel 15,25.4709,-1,0,,0.6337061271381198
peak_all,35,Channel 1,367.1163,1,2,0.3900442371763842,0.40293565572890166
peak_all,35,Channel 2,-65.5032,5,2,0.5247671453824697,0.44618257077622925
peak_all,35,Channel 3,-26.3536,3,2,0.3412503899599395,0.3706253308126761
peak_all,35,Channel 4,26.0843,4,1,0.6198503545311784,0.41898829402120025
peak_all,35,Channel 5,47.2701,8,1,1.4666652727447154,0.3558860399416103
peak_all,35,Channel 6,5.798,11,1,2.2884690005283415,0.49282956351137425
peak_all,35,Channel 7,20.6781,9,1,1.5546612113220664,0.417605633712188
peak_all,35,Channel 8,19.5935,7,1,1.1423198415435156,0.38409180898826273
peak_all,35,Channel 9,142.7496,6,1,0.8287473493724596,0.45527984538909017
peak_all,35,Channel 10,33.1228,2,1,0.16332968153562835,0.29753443869667995
peak_all,35,Channel 11,11.7656,10,1,1.804934714114483,0.42950324952250946
peak_all,35,Channel 12,15.8638,0,1,0.874960801788818,0.3870769782331469
peak_all,35,Channel 13,-201.4985,1,2,0.3900442371763842,0.35724279341793874
peak_all,35,Channel 14,82.4425,5,2,0.5247671453824697,0.38552209161194434
peak_all,35,Channel 15,27.1668,3,2,0.3412503899599395,0.35818838363519734
peak_12,35,Channel 1,147.7569,1,1,0.3900442371763842,0.40293565572890166
peak_12,35,Channel 2,-6.4163,5,1,0.5247671453824697,0.44618257077622925
peak_12,35,Channel 3,-12.6999,3,1,0.3412503899599395,0.3706253308126761
peak_12,35,Channel 4,5.4211,4,1,0.6198503545311784,0.41898829402120025
peak_12,35,Channel 5,5.4135,8,1,1.4666652727447154,0.3558860399416103
peak_12,35,Channel 6,-6.1606,11,1,2.2884690005283415,0.49282956351137425
peak_12,35,Channel 7,15.598,9,1,1.5546612113220664,0.417605633712188
peak_12,35,Channel 8,13.4532,7,1,1.1423198415435156,0.38409180898826273
peak_12,35,Channel 9,89.7729,6,1,0.8287473493724596,0.45527984538909017
peak_12,35,Channel 10,21.6007,2,1,0.16332968153562835,0.29753443869667995
peak_12,35,Channel 11,5.1571,10,1,1.804934714114483,0.42950324952250946
peak_12,35,Channel 12,2.6072,0,1,0.874960801788818,0.3870769782331469
peak_12,35,Channel 13,-49.1994,-1,0,,0.6401401919108778
peak_12,35,Channel 14,142.257,-1,0,,0.6606539363880842
peak_12,35,Channel 15,48.9674,-1,0,,0.6337061271381198
unphased,36,Channel 1,-116.8424,-1,0,,0.6460809875347324
unphased,36,Channel 2,16.4288,-1,0,,0.6565274643332598
unphased,36,Channel 3,49.1827,-1,0,,0.6251072762622412
unphased,36,Channel 4,11.1246,-1,0,,0.6725477747200478
unphased,36,Channel 5,89.6236,-1,0,,0.6308649468952172
unphased,36,Channel 6,-24.7467,-1,0,,0.6679889575827457
unphased,36,Channel 7,46.3836,-1,0,,0.6773417163965862
unphased,36,Channel 8,-18.6385,-1,0,,0.644549447055751
unphased,36,Channel 9,250.187,-1,0,,0.6401136443142645
unphased,36,Channel 10,143.9375,-1,0,,0.6620756905933354
unphased,36,Channel 11,42.8863,-1,0,,0.6912287275129294
unphased,36,Channel 12,15.0355,-1,0,,0.6392906849080164
unphased,36,Channel 13,-414.0023,-1,0,,0.6374646743216738
unphased,36,Channel 14,167.8129,-1,0,,0.6491144538093588
unphased,36,Channel 15,-8.9492,-1,0,,0.6097035537598416
peak_all,36,Channel 1,225.9423,5,2,0.7183204260732612,0.41984177815191814
peak_all,36,Channel 2,-53.0298,10,2,1.9085162976454784,0.4706737887628781
peak_all,36,Channel 3,49.5056,3,2,0.47289302409571565,0.3889769414795857
peak_all,36,Channel 4,-0.7179,1,1,-0.18161927388923158,0.3299540667906034
peak_all,36,Channel 5,183.3213,9,1,1.928660138660447,0.4609346056418962
peak_all,36,Channel 6,32.721,7,1,1.4449597931249025,0.43266401336386984
peak_all,36,Channel 7,24.6721,4,1,0.5631506530342025,0.3438403271850503
peak_all,36,Channel 8,-15.0391,0,1,0.1465579782530347,0.2981994876764622
peak_all,36,Channel 9,14.8814,11,1,2.1699866983708542,0.4894661483771699
peak_all,36,Channel 10,74.8373,6,1,0.9409642373087799,0.4058395559065273
peak_all,36,Channel 11,26.4364,8,1,1.7578516687950472,0.4957474800243997
peak_all,36,Channel 12,32.1588,2,1,0.12975835852750872,0.25997265436998807
peak_all,36,Channel 13,-169.3709,5,2,0.7183204260732612,0.4024547441431422
peak_all,36,Channel 14,97.2665,10,2,1.9085162976454784,0.44601514992026225
peak_all,36,Channel 15,-31.4995,3,2,0.47289302409571565,0.3545019966360639
peak_12,36,Channel 1,49.6752,5,1,0.7183204260732612,0.41984177815191814
peak_12,36,Channel 2,28.6429,10,1,1.9085162976454784,0.4706737887628781
peak_12,36,Channel 3,15.9522,3,1,0.47289302409571565,0.3889769414795857
peak_12,36,Channel 4,-14.6027,1,1,-0.18161927388923158,0.3299540667906034
peak_12,36,Channel 5,150.2059,9,1,1.928660138660447,0.4609346056418962
peak_12,36,Channel 6,25.5649,7,1,1.4449597931249025,0.43266401336386984
peak_12,36,Channel 7,15.0908,4,1,0.5631506530342025,0.3438403271850503
peak_12,36,Channel 8,-27.7587,0,1,0.1465579782530347,0.2981994876764622
peak_12,36,Channel 9,-6.3613,11,1,2.1699866983708542,0.4894661483771699
peak_12,36,Channel 10,58.3394,6,1,0.9409642373087799,0.4058395559065273
peak_12,36,Channel 11,20.0961,8,1,1.7578516687950472,0.4957474800243997
peak_12,36,Channel 12,21.8079,2,1,0.12975835852750872,0.25997265436998807
peak_12,36,Channel 13,-158.6106,-1,0,,0.6374646743216738
peak_12,36,Channel 14,191.6579,-1,0,,0.6491144538093588
peak_12,36,Channel 15,25.3737,-1,0,,0.6097035537598416
unphased,37,Channel 1,118.5984,-1,0,,0.6376188631728009
unphased,37,Channel 2,-24.4219,-1,0,,0.6569402460157482
unphased,37,Channel 3,-28.6371,-1,0,,0.6238101178357635
unphased,37,Channel 4,136.198,-1,0,,0.7013989684385126
unphased,37,Channel 5,330.7233,-1,0,,0.6291147320960745
unphased,37,Channel 6,-113.7559,-1,0,,0.6387703446620994
unphased,37,Channel 7,12.4777,-1,0,,0.668738458660961
unphased,37,Channel 8,-25.9911,-1,0,,0.6425740013992516
unphased,37,Channel 9,148.7067,-1,0,,0.6609484845772232
unphased,37,Channel 10,-39.0595,-1,0,,0.6190074221285066
unphased,37,Channel 11,57.6375,-1,0,,0.6769508012919836
unphased,37,Channel 12,-46.0194,-1,0,,0.6505890867920411
unphased,37,Channel 13,203.3757,-1,0,,0.6606981395118753
unphased,37,Channel 14,25.9451,-1,0,,0.6481655658812948
unphased,37,Channel 15,20.9049,-1,0,,0.6346747675358665
peak_all,37,Channel 1,171.7528,1,2,0.7173457839334525,0.4359842339495641
peak_all,37,Channel 2,-15.2837,9,2,1.5477099717350358,0.40670630713434713
peak_all,37,Channel 3,4.1301,6,2,0.7717675898557189,0.4296105752635446
peak_all,37,Channel 4,37.2611,8,1,1.3673711350806743,0.4285651393482258
peak_all,37,Channel 5,183.8844,4,1,0.8759851143687571,0.37703045989186623
peak_all,37,Channel 6,9.0263,5,1,0.7256399340155979,0.44775225962052756
peak_all,37,Channel 7,4.2217,10,1,1.380850459958639,0.40683888722712724
peak_all,37,Channel 8,-29.8157,11,1,1.4349784084882118,0.39012508497883097
peak_all,37,Channel 9,54.1917,0,1,0.8495393322709008,0.3704214998643943
peak_all,37,Channel 10,9.0439,7,1,0.9804844612943426,0.3807007474422959
peak_all,37,Channel 11,68.6169,3,1,0.8139850468114622,0.5027105916488264
peak_all,37,Channel 12,33.882,2,1,0.5343427621872069,0.3483159721253228
peak_all,37,Channel 13,69.738,1,2,0.7173457839334525,0.4197317338410336
peak_all,37,Channel 14,33.9027,9,2,1.5477099717350358,0.3980758911032147
peak_all,37,Channel 15,19.6112,6,2,0.7717675898557189,0.3902440497497938
peak_12,37,Channel 1,204.987,1,1,0.7173457839334525,0.4359842339495641
peak_12,37,Channel 2,1.174,9,1,1.5477099717350358,0.40670630713434713
peak_12,37,Channel 3,15.0514,6,1,0.7717675898557189,0.4296105752635446
peak_12,37,Channel 4,29.6035,8,1,1.3673711350806743,0.4285651393482258
peak_12,37,Channel 5,136.9444,4,1,0.8759851143687571,0.37703045989186623
peak_12,37,Channel 6,-3.7141,5,1,0.7256399340155979,0.44775225962052756
peak_12,37,Channel 7,-3.9307,10,1,1.380850459958639,0.40683888722712724
peak_12,37,Channel 8,-39.2016,11,1,1.4349784084882118,0.39012508497883097
peak_12,37,Channel 9,21.3401,0,1,0.8495393322709008,0.3704214998643943
peak_12,37,Channel 10,-3.314,7,1,0.9804844612943426,0.3807007474422959
peak_12,37,Channel 11,59.6251,3,1,0.8139850468114622,0.5027105916488264
peak_12,37,Channel 12,27.5094,2,1,0.5343427621872069,0.3483159721253228
peak_12,37,Channel 13,196.836,-1,0,,0.6606981395118753
peak_12,37,Channel 14,56.8521,-1,0,,0.6481655658812948
peak_12,37,Channel 15,6.3199,-1,0,,0.6346747675358665
unphased,38,Channel 1,235.8759,-1,0,,0.6551933352887359
unphased,38,Channel 2,-58.4423,-1,0,,0.6559584125889474
unphased,38,Channel 3,3.0596,-1,0,,0.6171247338101487
unphased,38,Channel 4,-12.075,-1,0,,0.6717962347785194
unphased,38,Channel 5,41.3727,-1,0,,0.6298293140021671
unphased,38,Channel 6,-29.904,-1,0,,0.6525185935657986
unphased,38,Channel 7,59.145,-1,0,,0.6767751726534545
unphased,38,Channel 8,-45.3858,-1,0,,0.6345402389979937
unphased,38,Channel 9,199.1487,-1,0,,0.6545776011765022
unphased,38,Channel 10,13.0914,-1,0,,0.6378706309627918
unphased,38,Channel 11,72.7145,-1,0,,0.6766925735126077
unphased,38,Channel 12,18.2589,-1,0,,0.63974387244109
unphased,38,Channel 13,31.213,-1,0,,0.64580614163979
unphased,38,Channel 14,129.7296,-1,0,,0.6603435716584963
unphased,38,Channel 15,-12.3833,-1,0,,0.6412295729229577
peak_all,38,Channel 1,159.2708,7,2,1.1690198621362053,0.4070007438417806
peak_all,38,Channel 2,-86.7862,8,2,1.64284794821917,0.44689229979408557
peak_all,38,Channel 3,13.6792,4,2,0.6448235599329974,0.33774770770253193
peak_all,38,Channel 4,45.5893,3,1,0.4849994748278964,0.351283778582763
peak_all,38,Channel 5,125.8564,5,1,0.6868921325944775,0.4056013867748865
peak_all,38,Channel 6,17.0188,11,1,1.9233596663954808,0.45315646317777797
peak_all,38,Channel 7,58.3781,2,1,0.38039460126990016,0.41204640065548537
peak_all,38,Channel 8,14.92,0,1,0.7362646177344849,0.3722922760066727
peak_all,38,Channel 9,121.7311,6,1,0.9155905796434921,0.4672599302798765
peak_all,38,Channel 10,20.1928,10,1,1.5581355487120452,0.39002190461723824
peak_all,38,Channel 11,43.6304,1,1,0.3144310699691468,0.4231438659457798
peak_all,38,Channel 12,-3.4094,9,1,1.5432409385647028,0.3839739023754952
peak_all,38,Channel 13,-109.3318,7,2,1.1690198621362053,0.41427988245713393
peak_all,38,Channel 14,101.9356,8,2,1.64284794821917,0.4587765647269135
peak_all,38,Channel 15,21.064,4,2,0.6448235599329974,0.3912267257413742
peak_12,38,Channel 1,26.1583,7,1,1.1690198621362053,0.4070007438417806
peak_12,38,Channel 2,-20.4223,8,1,1.64284794821917,0.44689229979408557
peak_12,38,Channel 3,9.3059,4,1,0.6448235599329974,0.33774770770253193
peak_12,38,Channel 4,19.0937,3,1,0.4849994748278964,0.351283778582763
peak_12,38,Channel 5,51.3379,5,1,0.6868921325944775,0.4056013867748865
peak_12,38,Channel 6,-2.0872,11,1,1.9233596663954808,0.45315646317777797
peak_12,38,Channel 7,41.9463,2,1,0.38039460126990016,0.41204640065548537
peak_12,38,Channel 8,-3.4435,0,1,0.7362646177344849,0.3722922760066727
peak_12,38,Channel 9,49.44,6,1,0.9155905796434921,0.4672599302798765
peak_12,38,Channel 10,-4.4821,10,1,1.5581355487120452,0.39002190461723824
peak_12,38,Channel 11,25.0746,1,1,0.3144310699691468,0.4231438659457798
peak_12,38,Channel 12,-26.7439,9,1,1.5432409385647028,0.3839739023754952
peak_12,38,Channel 13,243.1457,-1,0,,0.64580614163979
peak_12,38,Channel 14,181.9838,-1,0,,0.6603435716584963
peak_12,38,Channel 15,18.6564,-1,0,,0.6412295729229577
unphased,39,Channel 1,-273.9787,-1,0,,0.6258601574667942
unphased,39,Channel 2,-49.5429,-1,0,,0.6492823763341313
unphased,39,Channel 3,51.5833,-1,0,,0.6447205700186069
unphased,39,Channel 4,53.7171,-1,0,,0.7102073376410477
unphased,39,Channel 5,-207.1119,-1,0,,0.601731519074698
unphased,39,Channel 6,-137.6634,-1,0,,0.6509502993075645
unphased,39,Channel 7,35.0122,-1,0,,0.6691400084602925
unphased,39,Channel 8,65.0838,-1,0,,0.660730399995507
unphased,39,Channel 9,459.1308,-1,0,,0.6669039750334514
unphased,39,Channel 10,-67.3405,-1,0,,0.6209338503663228
unphased,39,Channel 11,40.3392,-1,0,,0.6770344518092845
unphased,39,Channel 12,35.9482,-1,0,,0.6311908134935623
unphased,39,Channel 13,524.7571,-1,0,,0.6780545367963596
unphased,39,Channel 14,-2.2151,-1,0,,0.6362684654698526
unphased,39,Channel 15,16.2937,-1,0,,0.626991238732526
peak_all,39,Channel 1,-260.5701,9,2,1.0325297742736632,0.3359033897908028
peak_all,39,Channel 2,65.8321,1,2,1.4285053620656205,0.5314710076527798
peak_all,39,Channel 3,49.7206,3,2,0.804739628076153,0.47102313339843066
peak_all,39,Channel 4,37.4817,0,1,1.1257464992552433,0.47185405846122913
peak_all,39,Channel 5,-39.2018,8,1,0.8573347199236121,0.28877402748383896
peak_all,39,Channel 6,4.7657,7,1,0.7135890076978059,0.3481730879742021
peak_all,39,Channel 7,63.4488,2,1,0.9348779853928891,0.5183016533352405
peak_all,39,Channel 8,8.2273,10,1,1.0874993960941501,0.3520380071717699
peak_all,39,Channel 9,225.6764,4,1,0.8758866294835195,0.45078613432777026
peak_all,39,Channel 10,61.3158,5,1,0.9723842720330113,0.45845786009069917
peak_all,39,Channel 11,44.0161,6,1,1.0320233212095875,0.485759110952012
peak_all,39,Channel 12,-23.8283,11,1,1.1348834044947445,0.29747666573907044
peak_all,39,Channel 13,262.7838,9,2,1.0325297742736632,0.3724905212112949
peak_all,39,Channel 14,74.1888,1,2,1.4285053620656205,0.5346167927642427
peak_all,39,Channel 15,10.6339,3,2,0.804739628076153,0.43193896910329044
peak_12,39,Channel 1,-64.1317,9,1,1.0325297742736632,0.3359033897908028
peak_12,39,Channel 2,98.3309,1,1,1.4285053620656205,0.5314710076527798
peak_12,39,Channel 3,49.7962,3,1,0.804739628076153,0.47102313339843066
peak_12,39,Channel 4,31.2574,0,1,1.1257464992552433,0.47185405846122913
peak_12,39,Channel 5,-64.1818,8,1,0.8573347199236121,0.28877402748383896
peak_12,39,Channel 6,-5.2868,7,1,0.7135890076978059,0.3481730879742021
peak_12,39,Channel 7,57.3755,2,1,0.9348779853928891,0.5183016533352405
peak_12,39,Channel 8,0.1571,10,1,1.0874993960941501,0.3520380071717699
peak_12,39,Channel 9,173.0256,4,1,0.8758866294835195,0.45078613432777026
peak_12,39,Channel 10,48.9813,5,1,0.9723842720330113,0.45845786009069917
peak_12,39,Channel 11,37.9707,6,1,1.0320233212095875,0.485759110952012
peak_12,39,Channel 12,-36.3122,11,1,1.1348834044947445,0.29747666573907044
peak_12,39,Channel 13,455.0807,-1,0,,0.6780545367963596
peak_12,39,Channel 14,-11.8635,-1,0,,0.6362684654698526
peak_12,39,Channel 15,-13.829,-1,0,,0.626991238732526
unphased,40,Channel 1,77.8795,-1,0,,0.6545692452947283
unphased,40,Channel 2,84.171,-1,0,,0.6860523585657032
unphased,40,Channel 3,19.7387,-1,0,,0.6207816545149798
unphased,40,Channel 4,13.6572,-1,0,,0.6592897190476854
unphased,40,Channel 5,64.8574,-1,0,,0.6366955649921955
unphased,40,Channel 6,24.0555,-1,0,,0.6729997311211927
unphased,40,Channel 7,4.1619,-1,0,,0.6465100268660962
unphased,40,Channel 8,-20.0369,-1,0,,0.6367504895790197
unphased,40,Channel 9,-211.0292,-1,0,,0.6453452254051975
unphased,40,Channel 10,95.3935,-1,0,,0.66864489708975
unphased,40,Channel 11,52.9727,-1,0,,0.6311446801309462
unphased,40,Channel 12,10.6948,-1,0,,0.641373728825314
unphased,40,Channel 13,336.9229,-1,0,,0.6715793840676485
unphased,40,Channel 14,-80.0952,-1,0,,0.618702846940131
unphased,40,Channel 15,13.1486,-1,0,,0.6595604475594139
peak_all,40,Channel 1,-308.1099,8,2,-0.323667449106171,0.41791310114284913
peak_all,40,Channel 2,102.3105,2,2,3.156106655814529,0.35561509232018645
peak_all,40,Channel 3,11.4571,7,2,0.5695523465662671,0.3565612700851153
peak_all,40,Channel 4,61.2328,11,1,-2.39031071384927,0.49220351523159916
peak_all,40,Channel 5,73.6189,9,1,-0.6363783354654755,0.42704084871906095
peak_all,40,Channel 6,-22.2377,6,1,1.9449002767315788,0.44100598799034035
peak_all,40,Channel 7,-26.5404,4,1,2.6855136590873196,0.2889842261887772
peak_all,40,Channel 8,62.2317,0,1,0.33289623150716263,0.44418088351252344
peak_all,40,Channel 9,134.6038,10,1,-1.910690890258323,0.512467574859411
peak_all,40,Channel 10,51.5658,1,1,2.5196596646910616,0.4293263807819219
peak_all,40,Channel 11,32.6535,5,1,2.423552411552182,0.33111646171694525
peak_all,40,Channel 12,-15.1819,3,1,3.628866142729136,0.3424215268916939
peak_all,40,Channel 13,340.1007,8,2,-0.323667449106171,0.4280067698429494
peak_all,40,Channel 14,-63.9565,2,2,3.156106655814529,0.25615310117098444
peak_all,40,Channel 15,13.3725,7,2,0.5695523465662671,0.43533809667653156
peak_12,40,Channel 1,15.1308,8,1,-0.323667449106171,0.41791310114284913
peak_12,40,Channel 2,43.8881,2,1,3.156106655814529,0.35561509232018645
peak_12,40,Channel 3,21.4256,7,1,0.5695523465662671,0.3565612700851153
peak_12,40,Channel 4,59.1262,11,1,-2.39031071384927,0.49220351523159916
peak_12,40,Channel 5,77.1183,9,1,-0.6363783354654755,0.42704084871906095
peak_12,40,Channel 6,-11.0198,6,1,1.9449002767315788,0.44100598799034035
peak_12,40,Channel 7,-20.7207,4,1,2.6855136590873196,0.2889842261887772
peak_12,40,Channel 8,57.0442,0,1,0.33289623150716263,0.44418088351252344
peak_12,40,Channel 9,132.764,10,1,-1.910690890258323,0.512467574859411
peak_12,40,Channel 10,47.778,1,1,2.5196596646910616,0.4293263807819219
peak_12,40,Channel 11,31.7614,5,1,2.423552411552182,0.33111646171694525
peak_12,40,Channel 12,-12.6956,3,1,3.628866142729136,0.3424215268916939
peak_12,40,Channel 13,258.0993,-1,0,,0.6715793840676485
peak_12,40,Channel 14,-122.4696,-1,0,,0.618702846940131
peak_12,40,Channel 15,-5.539,-1,0,,0.6595604475594139
unphased,41,Channel 1,-37.1239,-1,0,,0.6534242814750604
unphased,41,Channel 2,67.106,-1,0,,0.6565584342206043
unphased,41,Channel 3,15.4805,-1,0,,0.6086897275637413
unphased,41,Channel 4,25.2616,-1,0,,0.6511029210712378
unphased,41,Channel 5,636.3591,-1,0,,0.6731547410104812
unphased,41,Channel 6,-11.7111,-1,0,,0.6636394767659786
unphased,41,Channel 7,97.7475,-1,0,,0.6772357365786267
unphased,41,Channel 8,56.4146,-1,0,,0.6488683649360135
unphased,41,Channel 9,-92.4541,-1,0,,0.6522011048818545
unphased,41,Channel 10,-54.421,-1,0,,0.675605254088173
unphased,41,Channel 11,-3.6927,-1,0,,0.6477834517047817
unphased,41,Channel 12,-18.8144,-1,0,,0.6375032905418566
unphased,41,Channel 13,49.21,-1,0,,0.6572573396778856
unphased,41,Channel 14,-6.8483,-1,0,,0.6343431486663769
unphased,41,Channel 15,-29.5714,-1,0,,0.6126327268173302
peak_all,41,Channel 1,-88.7048,1,2,-0.7972814631070013,0.2778248750731593
peak_all,41,Channel 2,-26.9097,3,2,-0.5273668135158787,0.3411237715283241
peak_all,41,Channel 3,40.5691,7,2,2.006627276463236,0.44611901043136826
peak_all,41,Channel 4,66.9216,10,1,2.5252018232113222,0.5220139063869702
peak_all,41,Channel 5,-35.2341,2,1,-0.5699349146792348,0.2678542765502684
peak_all,41,Channel 6,-58.186,0,1,-0.3539931084906012,0.2844378917086814
peak_all,41,Channel 7,3.5566,4,1,-0.01022694225829275,0.2777630069415965
peak_all,41,Channel 8,30.4712,11,1,2.6055435934288513,0.5020028471763621
peak_all,41,Channel 9,232.0546,8,1,2.6423164831919936,0.5076504094101177
peak_all,41,Channel 10,57.4355,6,1,1.0769472001324558,0.4259882491330028
peak_all,41,Channel 11,40.3106,9,1,2.7081606903198168,0.5594457712361347
peak_all,41,Channel 12,64.7637,5,1,0.6940061753033339,0.3618828823002058
peak_all,41,Channel 13,63.2427,1,2,-0.7972814631070013,0.24805961423023254
peak_all,41,Channel 14,3.3138,3,2,-0.5273668135158787,0.2773027574013007
peak_all,41,Channel 15,13.1806,7,2,2.006627276463236,0.5005405677512129
peak_12,41,Channel 1,-137.4625,1,1,-0.7972814631070013,0.2778248750731593
peak_12,41,Channel 2,-61.5721,3,1,-0.5273668135158787,0.3411237715283241
peak_12,41,Channel 3,40.9944,7,1,2.006627276463236,0.44611901043136826
peak_12,41,Channel 4,42.6084,10,1,2.5252018232113222,0.5220139063869702
peak_12,41,Channel 5,-83.8164,2,1,-0.5699349146792348,0.2678542765502684
peak_12,41,Channel 6,-94.3146,0,1,-0.3539931084906012,0.2844378917086814
peak_12,41,Channel 7,-17.5781,4,1,-0.01022694225829275,0.2777630069415965
peak_12,41,Channel 8,14.5162,11,1,2.6055435934288513,0.5020028471763621
peak_12,41,Channel 9,173.7393,8,1,2.6423164831919936,0.5076504094101177
peak_12,41,Channel 10,30.0059,6,1,1.0769472001324558,0.4259882491330028
peak_12,41,Channel 11,27.679,9,1,2.7081606903198168,0.5594457712361347
peak_12,41,Channel 12,34.4345,5,1,0.6940061753033339,0.3618828823002058
peak_12,41,Channel 13,408.4022,-1,0,,0.6572573396778856
peak_12,41,Channel 14,112.1189,-1,0,,0.6343431486663769
peak_12,41,Channel 15,34.8326,-1,0,,0.6126327268173302
unphased,42,Channel 1,140.8727,-1,0,,0.64336161860416
unphased,42,Channel 2,85.1785,-1,0,,0.6526209295142965
unphased,42,Channel 3,38.4491,-1,0,,0.626055391719026
unphased,42,Channel 4,57.069,-1,0,,0.6867949865401091
unphased,42,Channel 5,-3.5919,-1,0,,0.6111362589952187
unphased,42,Channel 6,-93.2098,-1,0,,0.6447275363741063
unphased,42,Channel 7,-9.1235,-1,0,,0.6734253156799336
unphased,42,Channel 8,-1.0173,-1,0,,0.65628144130345
unphased,42,Channel 9,190.1407,-1,0,,0.6613508763405536
unphased,42,Channel 10,37.6528,-1,0,,0.6261808543883455
unphased,42,Channel 11,16.8233,-1,0,,0.6886469865532066
unphased,42,Channel 12,-25.1406,-1,0,,0.6477806592975548
unphased,42,Channel 13,24.8798,-1,0,,0.6492830369886272
unphased,42,Channel 14,124.424,-1,0,,0.653213577697512
unphased,42,Channel 15,-16.6735,-1,0,,0.6291405300039038
peak_all,42,Channel 1,283.19,8,2,1.2829716891254925,0.39084234447830696
peak_all,42,Channel 2,31.3199,2,2,0.5919391068952635,0.40893627219447637
peak_all,42,Channel 3,36.5652,11,2,1.703321213790309,0.43008847549809187
peak_all,42,Channel 4,42.0908,3,1,0.7007006141945543,0.3963283793205977
peak_all,42,Channel 5,184.5479,5,1,0.9370271821283781,0.4326255651722405
peak_all,42,Channel 6,-6.9571,0,1,0.6211889684637457,0.3758391303045783
peak_all,42,Channel 7,37.3677,4,1,0.8023687615474744,0.387781551983883
peak_all,42,Channel 8,-11.783,10,1,1.4256308382437093,0.40387582483680357
peak_all,42,Channel 9,145.0088,6,1,0.9655502191583497,0.48342950764403253
peak_all,42,Channel 10,83.7206,1,1,0.5549760651691718,0.42088581882419607
peak_all,42,Channel 11,12.2626,7,1,1.0732915400120753,0.4004358807812603
peak_all,42,Channel 12,-2.8515,9,1,1.3410338012714769,0.3599842360552671
peak_all,42,Channel 13,-220.0683,8,2,1.2829716891254925,0.3902513178965022
peak_all,42,Channel 14,64.9341,2,2,0.5919391068952635,0.36062109714374563
peak_all,42,Channel 15,-33.103,11,2,1.703321213790309,0.406167318107949
peak_12,42,Channel 1,20.2995,8,1,1.2829716891254925,0.39084234447830696
peak_12,42,Channel 2,73.1759,2,1,0.5919391068952635,0.40893627219447637
peak_12,42,Channel 3,-2.2991,11,1,1.703321213790309,0.43008847549809187
peak_12,42,Channel 4,19.8389,3,1,0.7007006141945543,0.3963283793205977
peak_12,42,Channel 5,122.8439,5,1,0.9370271821283781,0.4326255651722405
peak_12,42,Channel 6,-30.0833,0,1,0.6211889684637457,0.3758391303045783
peak_12,42,Channel 7,17.5656,4,1,0.8023687615474744,0.387781551983883
peak_12,42,Channel 8,-27.444,10,1,1.4256308382437093,0.40387582483680357
peak_12,42,Channel 9,75.2979,6,1,0.9655502191583497,0.48342950764403253
peak_12,42,Channel 10,50.1631,1,1,0.5549760651691718,0.42088581882419607
peak_12,42,Channel 11,8.9411,7,1,1.0732915400120753,0.4004358807812603
peak_12,42,Channel 12,-21.8007,9,1,1.3410338012714769,0.3599842360552671
peak_12,42,Channel 13,89.1206,-1,0,,0.6492830369886272
peak_12,42,Channel 14,203.5301,-1,0,,0.653213577697512
peak_12,42,Channel 15,17.7635,-1,0,,0.6291405300039038
unphased,43,Channel 1,340.257,-1,0,,0.6561541606213861
unphased,43,Channel 2,-47.2794,-1,0,,0.6449107149705282
unphased,43,Channel 3,9.8513,-1,0,,0.6184719717768568
unphased,43,Channel 4,108.1893,-1,0,,0.7124042756397971
unphased,43,Channel 5,-189.9205,-1,0,,0.5816512440081469
unphased,43,Channel 6,-3.8569,-1,0,,0.6563264099757103
unphased,43,Channel 7,39.0214,-1,0,,0.6641903089548331
unphased,43,Channel 8,-50.8188,-1,0,,0.645776874162381
unphased,43,Channel 9,236.1546,-1,0,,0.6557495701839237
unphased,43,Channel 10,25.8172,-1,0,,0.6284800839591173
unphased,43,Channel 11,74.4024,-1,0,,0.6960426541393956
unphased,43,Channel 12,63.9001,-1,0,,0.6480671930429722
unphased,43,Channel 13,-65.1152,-1,0,,0.6680109749929785
unphased,43,Channel 14,-13.9825,-1,0,,0.6418509708285504
unphased,43,Channel 15,-39.518,-1,0,,0.6319125927434198
peak_all,43,Channel 1,329.8885,6,2,0.5687705433445019,0.4380903402119879
peak_all,43,Channel 2,-11.9624,8,2,0.8230076391209117,0.34168500814910424
peak_all,43,Channel 3,46.5897,4,2,0.9793221773596655,0.4010356722494278
peak_all,43,Channel 4,33.2237,10,1,1.6544375504741162,0.44687761655709796
peak_all,43,Channel 5,43.2534,0,1,0.7374931137700991,0.3424335126136511
peak_all,43,Channel 6,75.2042,2,1,1.187654827811728,0.49137679730774636
peak_all,43,Channel 7,64.5515,3,1,0.7954639742943752,0.4912712575402251
peak_all,43,Channel 8,-20.4792,11,1,1.9061279707809555,0.42325021039835453
peak_all,43,Channel 9,-0.7612,9,1,1.2276645137033744,0.4093282393272844
peak_all,43,Channel 10,22.3534,7,1,0.4009526533377454,0.32470304798368566
peak_all,43,Channel 11,68.1587,1,1,0.8121707158084378,0.5145585707097134
peak_all,43,Channel 12,42.5072,5,1,0.9069343201940894,0.40607482261890493
peak_all,43,Channel 13,-219.1673,6,2,0.5687705433445019,0.43488884582942083
peak_all,43,Channel 14,-10.9119,8,2,0.8230076391209117,0.34633054172763844
peak_all,43,Channel 15,7.9638,4,2,0.9793221773596655,0.44672093561197596
peak_12,43,Channel 1,149.3071,6,1,0.5687705433445019,0.4380903402119879
peak_12,43,Channel 2,-18.807,8,1,0.8230076391209117,0.34168500814910424
peak_12,43,Channel 3,50.6746,4,1,0.9793221773596655,0.4010356722494278
peak_12,43,Channel 4,33.4421,10,1,1.6544375504741162,0.44687761655709796
peak_12,43,Channel 5,52.5929,0,1,0.7374931137700991,0.3424335126136511
peak_12,43,Channel 6,78.1274,2,1,1.187654827811728,0.49137679730774636
peak_12,43,Channel 7,63.1728,3,1,0.7954639742943752,0.4912712575402251
peak_12,43,Channel 8,-16.0249,11,1,1.9061279707809555,0.42325021039835453
peak_12,43,Channel 9,5.6484,9,1,1.2276645137033744,0.4093282393272844
peak_12,43,Channel 10,15.4447,7,1,0.4009526533377454,0.32470304798368566
peak_12,43,Channel 11,70.2207,1,1,0.8121707158084378,0.5145585707097134
peak_12,43,Channel 12,41.0186,5,1,0.9069343201940894,0.40607482261890493
peak_12,43,Channel 13,-33.1189,-1,0,,0.6680109749929785
peak_12,43,Channel 14,17.2582,-1,0,,0.6418509708285504
peak_12,43,Channel 15,-13.7985,-1,0,,0.6319125927434198
unphased,44,Channel 1,354.8035,-1,0,,0.6563621917951558
unphased,44,Channel 2,-5.8868,-1,0,,0.6581684243274546
unphased,44,Channel 3,-42.0706,-1,0,,0.6176730201547775
unphased,44,Channel 4,162.2426,-1,0,,0.6991571090058025
unphased,44,Channel 5,-73.793,-1,0,,0.601206658297695
unphased,44,Channel 6,-23.7462,-1,0,,0.6574973439593563
unphased,44,Channel 7,27.527,-1,0,,0.6638026734227945
unphased,44,Channel 8,-43.4782,-1,0,,0.6322127216483121
unphased,44,Channel 9,228.8636,-1,0,,0.6662271047588256
unphased,44,Channel 10,2.6779,-1,0,,0.6206599117508643
unphased,44,Channel 11,70.3581,-1,0,,0.6878645469286678
unphased,44,Channel 12,19.2682,-1,0,,0.6504122332955069
unphased,44,Channel 13,-133.3437,-1,0,,0.6476124562674533
unphased,44,Channel 14,73.119,-1,0,,0.649359631968376
unphased,44,Channel 15,-35.1517,-1,0,,0.641783972418959
peak_all,44,Channel 1,409.4711,4,2,0.6760541958085515,0.394312345235523
peak_all,44,Channel 2,-39.9904,5,2,0.5579416607320292,0.46375262356764535
peak_all,44,Channel 3,9.4424,11,2,1.9653012332079618,0.4330382506547593
peak_all,44,Channel 4,49.608,6,1,0.7696475084211721,0.43859945434177
peak_all,44,Channel 5,52.3196,8,1,1.3463736259326233,0.3307415808122232
peak_all,44,Channel 6,4.4948,9,1,1.2420955710138628,0.3923493202703258
peak_all,44,Channel 7,53.6086,1,1,0.5684143261651515,0.4974557686338951
peak_all,44,Channel 8,-5.3183,7,1,0.9111519787761037,0.3601416864633518
peak_all,44,Channel 9,248.3975,2,1,0.8279358606572125,0.48299812044085794
peak_all,44,Channel 10,28.4172,0,1,1.0155374919237363,0.4221350126530982
peak_all,44,Channel 11,4.972,10,1,1.3812974263174669,0.3672244148913785
peak_all,44,Channel 12,64.8516,3,1,0.7382491210441283,0.4685563318442999
peak_all,44,Channel 13,-231.6909,4,2,0.6760541958085515,0.3596475274829338
peak_all,44,Channel 14,48.1388,5,2,0.5579416607320292,0.39631941060789827
peak_all,44,Channel 15,-7.1032,11,2,1.9653012332079618,0.41948865317250195
peak_12,44,Channel 1,180.6308,4,1,0.6760541958085515,0.394312345235523
peak_12,44,Channel 2,7.8385,5,1,0.5579416607320292,0.46375262356764535
peak_12,44,Channel 3,6.2405,11,1,1.9653012332079618,0.4330382506547593
peak_12,44,Channel 4,49.7971,6,1,0.7696475084211721,0.43859945434177
peak_12,44,Channel 5,55.2784,8,1,1.3463736259326233,0.3307415808122232
peak_12,44,Channel 6,4.2578,9,1,1.2420955710138628,0.3923493202703258
peak_12,44,Channel 7,59.5086,1,1,0.5684143261651515,0.4974557686338951
peak_12,44,Channel 8,-5.9514,7,1,0.9111519787761037,0.3601416864633518
peak_12,44,Channel 9,244.5966,2,1,0.8279358606572125,0.48299812044085794
peak_12,44,Channel 10,39.6089,0,1,1.0155374919237363,0.4221350126530982
peak_12,44,Channel 11,5.4295,10,1,1.3812974263174669,0.3672244148913785
peak_12,44,Channel 12,66.5328,3,1,0.7382491210441283,0.4685563318442999
peak_12,44,Channel 13,-193.2209,-1,0,,0.6476124562674533
peak_12,44,Channel 14,119.5994,-1,0,,0.649359631968376
peak_12,44,Channel 15,-32.9301,-1,0,,0.641783972418959
unphased,45,Channel 1,-49.3145,-1,0,,0.6112682434948055
unphased,45,Channel 2,-108.6889,-1,0,,0.6353221069145913
unphased,45,Channel 3,72.7213,-1,0,,0.6585125104458897
unphased,45,Channel 4,43.6106,-1,0,,0.6903177301486747
unphased,45,Channel 5,281.7358,-1,0,,0.636767380712385
unphased,45,Channel 6,-53.9945,-1,0,,0.6422148026824137
unphased,45,Channel 7,-40.6658,-1,0,,0.6602928731482356
unphased,45,Channel 8,94.5473,-1,0,,0.6963272167560636
unphased,45,Channel 9,410.935,-1,0,,0.6705304944666132
unphased,45,Channel 10,-158.8461,-1,0,,0.6078217533101078
unphased,45,Channel 11,27.683,-1,0,,0.6575304557582332
unphased,45,Channel 12,-2.2819,-1,0,,0.6489392595227933
unphased,45,Channel 13,470.1563,-1,0,,0.6654553841877591
unphased,45,Channel 14,-18.9497,-1,0,,0.6343978481034717
unphased,45,Channel 15,14.8611,-1,0,,0.6343019403479669
peak_all,45,Channel 1,-144.0294,10,2,0.5051984702548766,0.26917682255039976
peak_all,45,Channel 2,-36.7346,9,2,0.4299660691488162,0.2962257159223704
peak_all,45,Channel 3,23.2553,8,2,1.417222580334671,0.40612093636768976
peak_all,45,Channel 4,115.2201,2,1,1.0089039109831794,0.48233613557328686
peak_all,45,Channel 5,363.4948,0,1,1.9530541867214923,0.47236252252498184
peak_all,45,Channel 6,113.4269,3,1,0.7688852087149523,0.4811156837515252
peak_all,45,Channel 7,59.7715,5,1,1.1893740774453303,0.4655033257587089
peak_all,45,Channel 8,114.2928,1,1,1.00828783931183,0.5771426255199403
peak_all,45,Channel 9,197.48,4,1,0.5739096513429427,0.42976357659196657
peak_all,45,Channel 10,52.1657,7,1,1.3962296079999401,0.41661222810126497
peak_all,45,Channel 11,-39.1266,11,1,0.27561041220339605,0.2814517052087175
peak_all,45,Channel 12,111.8003,6,1,1.473357985538575,0.47939081891005536
peak_all,45,Channel 13,104.2952,10,2,0.5051984702548766,0.30546721146687866
peak_all,45,Channel 14,-32.4819,9,2,0.4299660691488162,0.29374340268088006
peak_all,45,Channel 15,-37.3065,8,2,1.417222580334671,0.36467161468290415
peak_12,45,Channel 1,-65.6827,10,1,0.5051984702548766,0.26917682255039976
peak_12,45,Channel 2,-77.9629,9,1,0.4299660691488162,0.2962257159223704
peak_12,45,Channel 3,-12.4765,8,1,1.417222580334671,0.40612093636768976
peak_12,45,Channel 4,113.4985,2,1,1.0089039109831794,0.48233613557328686
peak_12,45,Channel 5,346.8538,0,1,1.9530541867214923,0.47236252252498184
peak_12,45,Channel 6,106.198,3,1,0.7688852087149523,0.4811156837515252
peak_12,45,Channel 7,56.3351,5,1,1.1893740774453303,0.4655033257587089
peak_12,45,Channel 8,96.0641,1,1,1.00828783931183,0.5771426255199403
peak_12,45,Channel 9,181.4097,4,1,0.5739096513429427,0.42976357659196657
peak_12,45,Channel 10,51.4059,7,1,1.3962296079999401,0.41661222810126497
peak_12,45,Channel 11,-40.9285,11,1,0.27561041220339605,0.2814517052087175
peak_12,45,Channel 12,107.176,6,1,1.473357985538575,0.47939081891005536
peak_12,45,Channel 13,284.2537,-1,0,,0.6654553841877591
peak_12,45,Channel 14,-11.6198,-1,0,,0.6343978481034717
peak_12,45,Channel 15,-30.8012,-1,0,,0.6343019403479669
unphased,46,Channel 1,-41.1839,-1,0,,0.6608910682375383
unphased,46,Channel 2,74.97,-1,0,,0.6444079701948925
unphased,46,Channel 3,17.8128,-1,0,,0.6236510839903248
unphased,46,Channel 4,47.7735,-1,0,,0.6662489201268693
unphased,46,Channel 5,50.5192,-1,0,,0.6223291005251795
unphased,46,Channel 6,-56.1207,-1,0,,0.6616421595865918
unphased,46,Channel 7,7.438,-1,0,,0.6721427643230081
unphased,46,Channel 8,53.3974,-1,0,,0.6405153288827686
unphased,46,Channel 9,-251.4223,-1,0,,0.6421411644982645
unphased,46,Channel 10,28.7914,-1,0,,0.6479603933403446
unphased,46,Channel 11,9.0597,-1,0,,0.6873747008706472
unphased,46,Channel 12,65.4747,-1,0,,0.6501536173392122
unphased,46,Channel 13,146.5723,-1,0,,0.640560073905745
unphased,46,Channel 14,112.4603,-1,0,,0.6632884018629672
unphased,46,Channel 15,61.0068,-1,0,,0.6266932523156492
peak_all,46,Channel 1,194.6616,6,2,0.9089429865522402,0.45921700531055165
peak_all,46,Channel 2,13.6746,5,2,0.9362391776946698,0.4830431122504022
peak_all,46,Channel 3,2.2821,1,2,0.1000004022656725,0.4715594923126035
peak_all,46,Channel 4,-15.3283,7,1,0.9447288499508687,0.37392771938074626
peak_all,46,Channel 5,60.0563,8,1,1.3438803167142517,0.3446702397879617
peak_all,46,Channel 6,-1.7474,0,1,0.5232703229025042,0.3681672253957151
peak_all,46,Channel 7,19.594,2,1,0.2951242792818657,0.39585523834084557
peak_all,46,Channel 8,60.8028,11,1,2.3304877811792037,0.5152654676225769
peak_all,46,Channel 9,-29.6628,10,1,1.9240446512972929,0.4822513389581424
peak_all,46,Channel 10,41.4632,3,1,0.4048519900729942,0.4035211580953454
peak_all,46,Channel 11,26.2957,4,1,0.658878146366709,0.3906678585466824
peak_all,46,Channel 12,11.4546,9,1,1.6295510957217294,0.39644311482399575
peak_all,46,Channel 13,90.0667,6,2,0.9089429865522402,0.4350792225491704
peak_all,46,Channel 14,64.2909,5,2,0.9362391776946698,0.43808222838632704
peak_all,46,Channel 15,6.979,1,2,0.1000004022656725,0.3022625080010066
peak_12,46,Channel 1,168.674,6,1,0.9089429865522402,0.45921700531055165
peak_12,46,Channel 2,39.6273,5,1,0.9362391776946698,0.4830431122504022
peak_12,46,Channel 3,-16.1859,1,1,0.1000004022656725,0.4715594923126035
peak_12,46,Channel 4,-25.3153,7,1,0.9447288499508687,0.37392771938074626
peak_12,46,Channel 5,-5.7444,8,1,1.3438803167142517,0.3446702397879617
peak_12,46,Channel 6,-40.1642,0,1,0.5232703229025042,0.3681672253957151
peak_12,46,Channel 7,2.5409,2,1,0.2951242792818657,0.39585523834084557
peak_12,46,Channel 8,44.2814,11,1,2.3304877811792037,0.5152654676225769
peak_12,46,Channel 9,-90.9114,10,1,1.9240446512972929,0.4822513389581424
peak_12,46,Channel 10,5.9865,3,1,0.4048519900729942,0.4035211580953454
peak_12,46,Channel 11,10.1498,4,1,0.658878146366709,0.3906678585466824
peak_12,46,Channel 12,-11.0481,9,1,1.6295510957217294,0.39644311482399575
peak_12,46,Channel 13,224.1704,-1,0,,0.640560073905745
peak_12,46,Channel 14,160.2854,-1,0,,0.6632884018629672
peak_12,46,Channel 15,72.8623,-1,0,,0.6266932523156492
unphased,47,Channel 1,235.8578,-1,0,,0.6587026581637311
unphased,47,Channel 2,-107.2392,-1,0,,0.6334739979368479
unphased,47,Channel 3,6.4997,-1,0,,0.6470139634448397
unphased,47,Channel 4,65.8584,-1,0,,0.6833700900532964
unphased,47,Channel 5,29.7719,-1,0,,0.6008821598681784
unphased,47,Channel 6,-3.0809,-1,0,,0.652520506003552
unphased,47,Channel 7,44.5688,-1,0,,0.6777454658349449
unphased,47,Channel 8,-42.7001,-1,0,,0.638672600132202
unphased,47,Channel 9,51.9118,-1,0,,0.6621789710874255
unphased,47,Channel 10,-63.0187,-1,0,,0.6071216371255969
unphased,47,Channel 11,98.7349,-1,0,,0.6958135913932508
unphased,47,Channel 12,-21.6491,-1,0,,0.6466083496790052
unphased,47,Channel 13,13.9884,-1,0,,0.6502000865864773
unphased,47,Channel 14,107.6352,-1,0,,0.6513347004530404
unphased,47,Channel 15,41.3576,-1,0,,0.644361222237613
peak_all,47,Channel 1,208.0121,0,2,1.2246905094951577,0.42002790459318606
peak_all,47,Channel 2,-81.0327,9,2,1.3677625993170472,0.37252107658312467
peak_all,47,Channel 3,-5.6806,10,2,1.2681525208151094,0.37950475788879257
peak_all,47,Channel 4,65.6611,4,1,0.8082250983784877,0.45381730135121534
peak_all,47,Channel 5,39.8983,6,1,0.5668766916450046,0.35931803778314053
peak_all,47,Channel 6,53.6789,3,1,0.6208811808464797,0.4543079663496448
peak_all,47,Channel 7,12.4935,8,1,1.5435821154932825,0.42897199504997613
peak_all,47,Channel 8,58.9707,2,1,0.8177119759251038,0.38344012817072465
peak_all,47,Channel 9,60.552,5,1,0.609524375736235,0.5019809011944026
peak_all,47,Channel 10,16.0755,7,1,1.0000717514400304,0.37631653577964447
peak_all,47,Channel 11,35.6844,1,1,0.6697954808096976,0.4972463850069874
peak_all,47,Channel 12,7.0103,11,1,1.5027257000983665,0.3513104004993287
peak_all,47,Channel 13,-151.2295,0,2,1.2246905094951577,0.45974743991474215
peak_all,47,Channel 14,102.5038,9,2,1.3677625993170472,0.37691083472352765
peak_all,47,Channel 15,13.3656,10,2,1.2681525208151094,0.38013423714285566
peak_12,47,Channel 1,12.3494,0,1,1.2246905094951577,0.42002790459318606
peak_12,47,Channel 2,-13.1619,9,1,1.3677625993170472,0.37252107658312467
peak_12,47,Channel 3,-4.5988,10,1,1.2681525208151094,0.37950475788879257
peak_12,47,Channel 4,37.8473,4,1,0.8082250983784877,0.45381730135121534
peak_12,47,Channel 5,-30.1648,6,1,0.5668766916450046,0.35931803778314053
peak_12,47,Channel 6,22.1664,3,1,0.6208811808464797,0.4543079663496448
peak_12,47,Channel 7,-1.4759,8,1,1.5435821154932825,0.42897199504997613
peak_12,47,Channel 8,46.9323,2,1,0.8177119759251038,0.38344012817072465
peak_12,47,Channel 9,2.8193,5,1,0.609524375736235,0.5019809011944026
peak_12,47,Channel 10,4.6371,7,1,1.0000717514400304,0.37631653577964447
peak_12,47,Channel 11,24.5299,1,1,0.6697954808096976,0.4972463850069874
peak_12,47,Channel 12,-8.7412,11,1,1.5027257000983665,0.3513104004993287
peak_12,47,Channel 13,67.8098,-1,0,,0.6502000865864773
peak_12,47,Channel 14,160.4926,-1,0,,0.6513347004530404
peak_12,47,Channel 15,62.6899,-1,0,,0.644361222237613
unphased,48,Channel 1,166.016,-1,0,,0.666617352129207
unphased,48,Channel 2,90.6937,-1,0,,0.666426145629267
unphased,48,Channel 3,-43.4123,-1,0,,0.5972309939947991
unphased,48,Channel 4,13.1798,-1,0,,0.6615284623175497
unphased,48,Channel 5,-73.7134,-1,0,,0.6277356230358841
unphased,48,Channel 6,48.8822,-1,0,,0.6625750927183618
unphased,48,Channel 7,55.1893,-1,0,,0.6780300918404848
unphased,48,Channel 8,-16.7743,-1,0,,0.62598367293809
unphased,48,Channel 9,60.5716,-1,0,,0.6447247449776263
unphased,48,Channel 10,29.992,-1,0,,0.6524931093969348
unphased,48,Channel 11,47.6395,-1,0,,0.6774267347334988
unphased,48,Channel 12,3.9782,-1,0,,0.6510921486860402
unphased,48,Channel 13,-105.0671,-1,0,,0.648105493910775
unphased,48,Channel 14,81.2151,-1,0,,0.6553905614273465
unphased,48,Channel 15,2.6095,-1,0,,0.6346397722641337
peak_all,48,Channel 1,168.9742,8,2,1.7874979940316393,0.46622017752087974
peak_all,48,Channel 2,-21.7585,4,2,0.587182015865671,0.33103418774605897
peak_all,48,Channel 3,-13.2583,6,2,0.8342775682104525,0.40697225538025167
peak_all,48,Channel 4,17.7077,3,1,0.19431759246877223,0.3013973969074518
peak_all,48,Channel 5,11.423,11,1,2.4233234204532774,0.4786870652899583
peak_all,48,Channel 6,-24.5081,0,1,0.33146619305709346,0.34006324419265094
peak_all,48,Channel 7,37.4634,7,1,1.2101308084412326,0.40952172103390183
peak_all,48,Channel 8,0.6199,1,1,0.035526068309040926,0.3796227583931827
peak_all,48,Channel 9,149.9283,10,1,1.7966970340961708,0.46166584304375696
peak_all,48,Channel 10,-2.0723,5,1,0.7618774329982634,0.4358986352872748
peak_all,48,Channel 11,27.0243,9,1,1.8072456842388882,0.5109282009108549
peak_all,48,Channel 12,31.3173,2,1,0.23045818782949834,0.27651111661695466
peak_all,48,Channel 13,-107.6152,8,2,1.7874979940316393,0.4534981537311906
peak_all,48,Channel 14,58.2122,4,2,0.587182015865671,0.3390649974255185
peak_all,48,Channel 15,61.1356,6,2,0.8342775682104525,0.38673272470232684
peak_12,48,Channel 1,-14.8133,8,1,1.7874979940316393,0.46622017752087974
peak_12,48,Channel 2,-15.5747,4,1,0.587182015865671,0.33103418774605897
peak_12,48,Channel 3,24.278,6,1,0.8342775682104525,0.40697225538025167
peak_12,48,Channel 4,-16.4485,3,1,0.19431759246877223,0.3013973969074518
peak_12,48,Channel 5,-39.1883,11,1,2.4233234204532774,0.4786870652899583
peak_12,48,Channel 6,-69.3091,0,1,0.33146619305709346,0.34006324419265094
peak_12,48,Channel 7,19.5839,7,1,1.2101308084412326,0.40952172103390183
peak_12,48,Channel 8,-25.6659,1,1,0.035526068309040926,0.3796227583931827
peak_12,48,Channel 9,74.6136,10,1,1.7966970340961708,0.46166584304375696
peak_12,48,Channel 10,-41.2293,5,1,0.7618774329982634,0.4358986352872748
peak_12,48,Channel 11,15.4357,9,1,1.8072456842388882,0.5109282009108549
peak_12,48,Channel 12,10.4838,2,1,0.23045818782949834,0.27651111661695466
peak_12,48,Channel 13,254.7172,-1,0,,0.648105493910775
peak_12,48,Channel 14,177.0587,-1,0,,0.6553905614273465
peak_12,48,Channel 15,79.3658,-1,0,,0.6346397722641337
unphased,49,Channel 1,-31.1038,-1,0,,0.6639101261016115
unphased,49,Channel 2,50.1337,-1,0,,0.6569798040334388
unphased,49,Channel 3,10.915,-1,0,,0.6034330860753729
unphased,49,Channel 4,94.5087,-1,0,,0.6999121901609119
unphased,49,Channel 5,26.6113,-1,0,,0.6028802994819609
unphased,49,Channel 6,-94.8506,-1,0,,0.644133517589796
unphased,49,Channel 7,84.8067,-1,0,,0.6906522708776289
unphased,49,Channel 8,-122.2233,-1,0,,0.6128718214646898
unphased,49,Channel 9,53.2686,-1,0,,0.654111502873857
unphased,49,Channel 10,70.0113,-1,0,,0.647624580054804
unphased,49,Channel 11,50.9798,-1,0,,0.6696239677170669
unphased,49,Channel 12,-52.3796,-1,0,,0.6365732657167806
unphased,49,Channel 13,198.1576,-1,0,,0.6747593109396283
unphased,49,Channel 14,113.5939,-1,0,,0.6585453722727405
unphased,49,Channel 15,23.8513,-1,0,,0.6339888846397156
peak_all,49,Channel 1,32.0622,3,2,0.5171546335400543,0.4528841142648383
peak_all,49,Channel 2,4.4803,2,2,0.39238639590919033,0.3852047568958837
peak_all,49,Channel 3,0.2461,8,2,1.4770219591293179,0.3978133146344673
peak_all,49,Channel 4,16.6029,6,1,0.40760299305718345,0.38624212671418023
peak_all,49,Channel 5,84.4154,0,1,0.7555525638008312,0.34194576680535077
peak_all,49,Channel 6,21.9943,10,1,1.9110276422917305,0.4525209826807762
peak_all,49,Channel 7,33.178,4,1,0.6143927354699487,0.37062278320911135
peak_all,49,Channel 8,-3.1184,1,1,0.3245553037005554,0.42124358653348964
peak_all,49,Channel 9,68.6762,9,1,1.8522684071899258,0.4834102759995823
peak_all,49,Channel 10,20.8536,11,1,2.2648810057362754,0.4588628244108954
peak_all,49,Channel 11,16.6366,7,1,0.6702347035932162,0.3253945482645031
peak_all,49,Channel 12,27.7221,5,1,0.8129216565817704,0.377070569705463
peak_all,49,Channel 13,98.6551,3,2,0.5171546335400543,0.4166239000841829
peak_all,49,Channel 14,51.7825,2,2,0.39238639590919033,0.3379738929728058
peak_all,49,Channel 15,25.5824,8,2,1.4770219591293179,0.38423950498099396
peak_12,49,Channel 1,26.3124,3,1,0.5171546335400543,0.4528841142648383
peak_12,49,Channel 2,28.3504,2,1,0.39238639590919033,0.3852047568958837
peak_12,49,Channel 3,9.8487,8,1,1.4770219591293179,0.3978133146344673
peak_12,49,Channel 4,-8.7342,6,1,0.40760299305718345,0.38624212671418023
peak_12,49,Channel 5,-13.2935,0,1,0.7555525638008312,0.34194576680535077
peak_12,49,Channel 6,-2.0037,10,1,1.9110276422917305,0.4525209826807762
peak_12,49,Channel 7,14.0927,4,1,0.6143927354699487,0.37062278320911135
peak_12,49,Channel 8,-27.0351,1,1,0.3245553037005554,0.42124358653348964
peak_12,49,Channel 9,-6.0746,9,1,1.8522684071899258,0.4834102759995823
peak_12,49,Channel 10,-0.8055,11,1,2.2648810057362754,0.4588628244108954
peak_12,49,Channel 11,4.0059,7,1,0.6702347035932162,0.3253945482645031
peak_12,49,Channel 12,-1.0974,5,1,0.8129216565817704,0.377070569705463
peak_12,49,Channel 13,388.173,-1,0,,0.6747593109396283
peak_12,49,Channel 14,120.0851,-1,0,,0.6585453722727405
peak_12,49,Channel 15,40.1589,-1,0,,0.6339888846397156
unphased,50,Channel 1,156.282,-1,0,,0.6447539485632485
unphased,50,Channel 2,-33.8472,-1,0,,0.6506520569633302
unphased,50,Channel 3,1.2829,-1,0,,0.6415551336834943
unphased,50,Channel 4,125.0658,-1,0,,0.6980680458649181
unphased,50,Channel 5,113.0198,-1,0,,0.6114105965223398
unphased,50,Channel 6,41.6416,-1,0,,0.6433084615280289
unphased,50,Channel 7,-14.6617,-1,0,,0.6631372810969495
unphased,50,Channel 8,25.2731,-1,0,,0.6589731174685017
unphased,50,Channel 9,182.4593,-1,0,,0.6620931325365553
unphased,50,Channel 10,-136.6954,-1,0,,0.6037889628661377
unphased,50,Channel 11,28.01,-1,0,,0.6869257336562768
unphased,50,Channel 12,10.5321,-1,0,,0.6547458197097735
unphased,50,Channel 13,83.1181,-1,0,,0.6477208083743649
unphased,50,Channel 14,60.5891,-1,0,,0.6531545883089531
unphased,50,Channel 15,7.9073,-1,0,,0.6297123128571317
peak_all,50,Channel 1,169.9919,7,2,0.976153484770871,0.37829524450072827
peak_all,50,Channel 2,-22.403,5,2,0.9145044049315917,0.4957658405079736
peak_all,50,Channel 3,7.4925,6,2,0.9312323472953398,0.4620293081169493
peak_all,50,Channel 4,74.1011,2,1,0.7832332099647169,0.45197577639653713
peak_all,50,Channel 5,-64.7128,11,1,1.1675166438480624,0.3021265438631425
peak_all,50,Channel 6,5.5579,8,1,1.2056002607406229,0.4065338994710199
peak_all,50,Channel 7,12.8104,0,1,1.0310781060558045,0.4065416522040342
peak_all,50,Channel 8,34.7228,4,1,0.9348145226054266,0.4199812217577783
peak_all,50,Channel 9,234.6451,3,1,0.9034222286485469,0.49085881012240695
peak_all,50,Channel 10,56.0813,1,1,0.6923884094753316,0.4316990329066577
peak_all,50,Channel 11,9.322,10,1,1.1752428745208705,0.3454591670569003
peak_all,50,Channel 12,9.7503,9,1,1.2848135071428166,0.35390882353514674
peak_all,50,Channel 13,-71.7636,7,2,0.976153484770871,0.39052231261050746
peak_all,50,Channel 14,84.0369,5,2,0.9145044049315917,0.4379841365910119
peak_all,50,Channel 15,42.6848,6,2,0.9312323472953398,0.4078202253476787
peak_12,50,Channel 1,58.4747,7,1,0.976153484770871,0.37829524450072827
peak_12,50,Channel 2,31.1491,5,1,0.9145044049315917,0.4957658405079736
peak_12,50,Channel 3,35.0332,6,1,0.9312323472953398,0.4620293081169493
peak_12,50,Channel 4,61.1394,2,1,0.7832332099647169,0.45197577639653713
peak_12,50,Channel 5,-109.9275,11,1,1.1675166438480624,0.3021265438631425
peak_12,50,Channel 6,-10.37,8,1,1.2056002607406229,0.4065338994710199
peak_12,50,Channel 7,1.2723,0,1,1.0310781060558045,0.4065416522040342
peak_12,50,Channel 8,15.1836,4,1,0.9348145226054266,0.4199812217577783
peak_12,50,Channel 9,167.1077,3,1,0.9034222286485469,0.49085881012240695
peak_12,50,Channel 10,34.6575,1,1,0.6923884094753316,0.4316990329066577
peak_12,50,Channel 11,-0.8734,10,1,1.1752428745208705,0.3454591670569003
peak_12,50,Channel 12,-4.2849,9,1,1.2848135071428166,0.35390882353514674
peak_12,50,Channel 13,167.2085,-1,0,,0.6477208083743649
peak_12,50,Channel 14,119.5681,-1,0,,0.6531545883089531
peak_12,50,Channel 15,31.9055,-1,0,,0.6297123128571317
unphased,51,Channel 1,116.9662,-1,0,,0.6605642365727714
unphased,51,Channel 2,-5.577,-1,0,,0.6587330035120682
unphased,51,Channel 3,-31.7802,-1,0,,0.6100827646496444
unphased,51,Channel 4,43.2925,-1,0,,0.6639268952855145
unphased,51,Channel 5,210.6429,-1,0,,0.6448356043534168
unphased,51,Channel 6,80.966,-1,0,,0.6501820790630907
unphased,51,Channel 7,94.1309,-1,0,,0.6748952061622171
unphased,51,Channel 8,52.3334,-1,0,,0.6560463373626093
unphased,51,Channel 9,233.3128,-1,0,,0.6550733458859804
unphased,51,Channel 10,81.6166,-1,0,,0.6631180439774764
unphased,51,Channel 11,11.3267,-1,0,,0.6694869587115585
unphased,51,Channel 12,-102.9182,-1,0,,0.6299637587156458
unphased,51,Channel 13,-200.7929,-1,0,,0.6462691206570386
unphased,51,Channel 14,96.2096,-1,0,,0.654735705322406
unphased,51,Channel 15,-73.5217,-1,0,,0.6120869397685619
peak_all,51,Channel 1,151.1185,7,2,1.2939502544612658,0.4178003431222289
peak_all,51,Channel 2,-67.7641,4,2,0.4279733490592162,0.3049798013787403
peak_all,51,Channel 3,21.5794,1,2,-0.21173637186281036,0.4336661660672126
peak_all,51,Channel 4,74.1705,10,1,2.236219802113863,0.5211337840040817
peak_all,51,Channel 5,71.8708,8,1,1.9356030336754673,0.4220803242080333
peak_all,51,Channel 6,37.0063,5,1,0.6468470550261322,0.43297587206895743
peak_all,51,Channel 7,45.9587,9,1,2.2786390377516534,0.5016826772428398
peak_all,51,Channel 8,51.8085,6,1,1.0950553446128581,0.4397679525184468
peak_all,51,Channel 9,155.8567,11,1,2.4350178635491253,0.5192531354154319
peak_all,51,Channel 10,16.8757,3,1,0.059124292873563425,0.37559698698515853
peak_all,51,Channel 11,-44.0476,0,1,-0.10535147662460831,0.32674032788870777
peak_all,51,Channel 12,4.2839,2,1,-0.09134218463572483,0.22581585614646232
peak_all,51,Channel 13,-7.178,7,2,1.2939502544612658,0.4230618721869701
peak_all,51,Channel 14,76.3964,4,2,0.4279733490592162,0.31775315040286517
peak_all,51,Channel 15,-38.4469,1,2,-0.21173637186281036,0.26194184908851703
peak_12,51,Channel 1,121.4654,7,1,1.2939502544612658,0.4178003431222289
peak_12,51,Channel 2,-18.8386,4,1,0.4279733490592162,0.3049798013787403
peak_12,51,Channel 3,-31.4634,1,1,-0.21173637186281036,0.4336661660672126
peak_12,51,Channel 4,59.9045,10,1,2.236219802113863,0.5211337840040817
peak_12,51,Channel 5,49.4035,8,1,1.9356030336754673,0.4220803242080333
peak_12,51,Channel 6,31.104,5,1,0.6468470550261322,0.43297587206895743
peak_12,51,Channel 7,31.5235,9,1,2.2786390377516534,0.5016826772428398
peak_12,51,Channel 8,39.8227,6,1,1.0950553446128581,0.4397679525184468
peak_12,51,Channel 9,117.1155,11,1,2.4350178635491253,0.5192531354154319
peak_12,51,Channel 10,6.1353,3,1,0.059124292873563425,0.37559698698515853
peak_12,51,Channel 11,-47.8836,0,1,-0.10535147662460831,0.32674032788870777
peak_12,51,Channel 12,-7.6651,2,1,-0.09134218463572483,0.22581585614646232
peak_12,51,Channel 13,132.5644,-1,0,,0.6462691206570386
peak_12,51,Channel 14,161.5722,-1,0,,0.654735705322406
peak_12,51,Channel 15,-24.3496,-1,0,,0.6120869397685619
unphased,52,Channel 1,-125.9787,-1,0,,0.6301638068515562
unphased,52,Channel 2,40.2164,-1,0,,0.658935929482802
unphased,52,Channel 3,10.7082,-1,0,,0.6285124682333028
unphased,52,Channel 4,86.2022,-1,0,,0.6944954172374792
unphased,52,Channel 5,83.8565,-1,0,,0.6273178262443527
unphased,52,Channel 6,-15.8151,-1,0,,0.6423628970328765
unphased,52,Channel 7,2.0303,-1,0,,0.6650959083966375
unphased,52,Channel 8,-35.4192,-1,0,,0.6600274509657883
unphased,52,Channel 9,275.9195,-1,0,,0.6631462573009228
unphased,52,Channel 10,-73.2106,-1,0,,0.6155635788952944
unphased,52,Channel 11,63.1666,-1,0,,0.6757189973261096
unphased,52,Channel 12,-40.425,-1,0,,0.6508901628232605
unphased,52,Channel 13,356.2254,-1,0,,0.6620189757307832
unphased,52,Channel 14,134.477,-1,0,,0.656688786821303
unphased,52,Channel 15,-42.917,-1,0,,0.6190615366575356
peak_all,52,Channel 1,-128.7428,10,2,1.3573595733953865,0.36343935333327776
peak_all,52,Channel 2,1.6545,2,2,0.6475750947998314,0.43008139771711035
peak_all,52,Channel 3,38.4767,11,2,1.486566672647533,0.3957237761993568
peak_all,52,Channel 4,54.2303,3,1,0.9994799414904939,0.44408215460554346
peak_all,52,Channel 5,197.9973,4,1,1.004447769583335,0.39592812895305235
peak_all,52,Channel 6,0.4434,7,1,0.9505536337561138,0.3548718265018988
peak_all,52,Channel 7,16.3605,0,1,0.6621963847240152,0.36128247466544744
peak_all,52,Channel 8,12.8162,5,1,0.8905960233683052,0.4347644835041862
peak_all,52,Channel 9,143.9384,9,1,1.1909317732481097,0.41398011641383264
peak_all,52,Channel 10,79.3453,1,1,0.4411203841871982,0.40845039987633636
peak_all,52,Channel 11,60.7449,6,1,1.0167879147692769,0.48005133334733285
peak_all,52,Channel 12,8.4584,8,1,1.3523848340304019,0.4119337669550548
peak_all,52,Channel 13,113.8144,10,2,1.3573595733953865,0.3864970989267437
peak_all,52,Channel 14,82.4804,2,2,0.6475750947998314,0.37982854139327027
peak_all,52,Channel 15,-44.3961,11,2,1.486566672647533,0.36601919403651473
peak_12,52,Channel 1,-77.8314,10,1,1.3573595733953865,0.36343935333327776
peak_12,52,Channel 2,58.2096,2,1,0.6475750947998314,0.43008139771711035
peak_12,52,Channel 3,-9.6829,11,1,1.486566672647533,0.3957237761993568
peak_12,52,Channel 4,36.4173,3,1,0.9994799414904939,0.44408215460554346
peak_12,52,Channel 5,127.7352,4,1,1.004447769583335,0.39592812895305235
peak_12,52,Channel 6,-12.7493,7,1,0.9505536337561138,0.3548718265018988
peak_12,52,Channel 7,2.3479,0,1,0.6621963847240152,0.36128247466544744
peak_12,52,Channel 8,3.1042,5,1,0.8905960233683052,0.4347644835041862
peak_12,52,Channel 9,55.3317,9,1,1.1909317732481097,0.41398011641383264
peak_12,52,Channel 10,40.1961,1,1,0.4411203841871982,0.40845039987633636
peak_12,52,Channel 11,47.6682,6,1,1.0167879147692769,0.48005133334733285
peak_12,52,Channel 12,-7.9472,8,1,1.3523848340304019,0.4119337669550548
peak_12,52,Channel 13,347.0039,-1,0,,0.6620189757307832
peak_12,52,Channel 14,164.0372,-1,0,,0.656688786821303
peak_12,52,Channel 15,-34.2261,-1,0,,0.6190615366575356
unphased,53,Channel 1,251.8185,-1,0,,0.6548160555985657
unphased,53,Channel 2,35.719,-1,0,,0.6564200794968098
unphased,53,Channel 3,-5.4316,-1,0,,0.6166212498577571
unphased,53,Channel 4,85.8834,-1,0,,0.6957548356330019
unphased,53,Channel 5,-88.8377,-1,0,,0.6137576025507855
unphased,53,Channel 6,-36.6531,-1,0,,0.6575523066251374
unphased,53,Channel 7,29.4579,-1,0,,0.6726884356718509
unphased,53,Channel 8,-17.662,-1,0,,0.6477066859982746
unphased,53,Channel 9,97.7739,-1,0,,0.6542778837057072
unphased,53,Channel 10,-5.3197,-1,0,,0.6299768863445612
unphased,53,Channel 11,60.7535,-1,0,,0.6919453764385215
unphased,53,Channel 12,-25.0078,-1,0,,0.6368726033749073
unphased,53,Channel 13,-80.9054,-1,0,,0.6350541271946599
unphased,53,Channel 14,216.2104,-1,0,,0.6628488993918707
unphased,53,Channel 15,-31.4819,-1,0,,0.6237069721175915
peak_all,53,Channel 1,338.7663,7,2,1.3200705847270904,0.43154718647893364
peak_all,53,Channel 2,-117.7794,2,2,0.5712888066489268,0.4016538850300912
peak_all,53,Channel 3,21.2091,1,2,0.42324489494049616,0.5029104256884305
peak_all,53,Channel 4,67.6522,4,1,0.7404463713331403,0.4437082913119705
peak_all,53,Channel 5,2.5064,11,1,1.9149701029550377,0.4028271607010896
peak_all,53,Channel 6,-12.9674,0,1,0.41784642609620765,0.3519701842111532
peak_all,53,Channel 7,22.9186,10,1,1.7217332435496848,0.4659816476816175
peak_all,53,Channel 8,4.8139,8,1,1.522914620230807,0.39325732392840324
peak_all,53,Channel 9,210.7591,6,1,0.5437610766529684,0.41923448375538547
peak_all,53,Channel 10,33.994,3,1,0.7386898052787239,0.4375248751957906
peak_all,53,Channel 11,32.7534,9,1,1.5900107311274203,0.49219557861457486
peak_all,53,Channel 12,5.9277,5,1,0.49502333645949836,0.3304933035564025
peak_all,53,Channel 13,-209.3642,7,2,1.3200705847270904,0.42808746044052753
peak_all,53,Channel 14,148.3379,2,2,0.5712888066489268,0.35940260835440874
peak_all,53,Channel 15,3.9842,1,2,0.42324489494049616,0.34467227892179586
peak_12,53,Channel 1,107.5425,7,1,1.3200705847270904,0.43154718647893364
peak_12,53,Channel 2,-4.0485,2,1,0.5712888066489268,0.4016538850300912
peak_12,53,Channel 3,8.6521,1,1,0.42324489494049616,0.5029104256884305
peak_12,53,Channel 4,30.3643,4,1,0.7404463713331403,0.4437082913119705
peak_12,53,Channel 5,-49.2447,11,1,1.9149701029550377,0.4028271607010896
peak_12,53,Channel 6,-42.5201,0,1,0.41784642609620765,0.3519701842111532
peak_12,53,Channel 7,3.5983,10,1,1.7217332435496848,0.4659816476816175
peak_12,53,Channel 8,-10.4658,8,1,1.522914620230807,0.39325732392840324
peak_12,53,Channel 9,115.5329,6,1,0.5437610766529684,0.41923448375538547
peak_12,53,Channel 10,7.8009,3,1,0.7386898052787239,0.4375248751957906
peak_12,53,Channel 11,13.9824,9,1,1.5900107311274203,0.49219557861457486
peak_12,53,Channel 12,-15.3137,5,1,0.49502333645949836,0.3304933035564025
peak_12,53,Channel 13,44.1211,-1,0,,0.6350541271946599
peak_12,53,Channel 14,294.5133,-1,0,,0.6628488993918707
peak_12,53,Channel 15,17.0746,-1,0,,0.6237069721175915
unphased,54,Channel 1,-115.687,-1,0,,0.6463022758726801
unphased,54,Channel 2,-43.9857,-1,0,,0.6430427635266636
unphased,54,Channel 3,68.0531,-1,0,,0.6292902536304651
unphased,54,Channel 4,61.3193,-1,0,,0.6692786191842598
unphased,54,Channel 5,-146.7487,-1,0,,0.6228288655836585
unphased,54,Channel 6,-13.3028,-1,0,,0.6609585055481471
unphased,54,Channel 7,48.534,-1,0,,0.6729551285790748
unphased,54,Channel 8,3.572,-1,0,,0.6503452277937861
unphased,54,Channel 9,87.755,-1,0,,0.6388461793224401
unphased,54,Channel 10,39.3994,-1,0,,0.6428971992317039
unphased,54,Channel 11,72.8025,-1,0,,0.691409473387187
unphased,54,Channel 12,12.2609,-1,0,,0.6535055248481647
unphased,54,Channel 13,107.5561,-1,0,,0.6373910040606917
unphased,54,Channel 14,58.8891,-1,0,,0.6574886703487206
unphased,54,Channel 15,17.2715,-1,0,,0.6334603090823633
peak_all,54,Channel 1,-64.1898,0,2,0.6491065593007209,0.3356457803059402
peak_all,54,Channel 2,-43.0436,11,2,2.347621185730571,0.4967908653135181
peak_all,54,Channel 3,29.8145,5,2,0.8863259191076874,0.3740232517654752
peak_all,54,Channel 4,42.8153,2,1,0.49091208073868464,0.37791562187092814
peak_all,54,Channel 5,89.5172,7,1,1.328149072766356,0.3548293960800167
peak_all,54,Channel 6,13.774,10,1,1.4714375768078027,0.40095261699664386
peak_all,54,Channel 7,22.4507,1,1,0.030362411760260798,0.42495067282046894
peak_all,54,Channel 8,14.1036,3,1,0.47112499252386814,0.36397141198882865
peak_all,54,Channel 9,67.819,9,1,1.0935200175185171,0.38009953775566635
peak_all,54,Channel 10,81.4685,6,1,1.0561153312042624,0.41464212366757597
peak_all,54,Channel 11,32.3334,4,1,0.6954136632877933,0.4053397403049634
peak_all,54,Channel 12,9.8016,8,1,1.4799111892534738,0.42777709684037457
peak_all,54,Channel 13,19.8204,0,2,0.6491065593007209,0.37598888018033416
peak_all,54,Channel 14,95.4293,11,2,2.347621185730571,0.5036102123925058
peak_all,54,Channel 15,13.6209,5,2,0.8863259191076874,0.4405216267951954
peak_12,54,Channel 1,-125.5459,0,1,0.6491065593007209,0.3356457803059402
peak_12,54,Channel 2,17.784,11,1,2.347621185730571,0.4967908653135181
peak_12,54,Channel 3,26.1277,5,1,0.8863259191076874,0.3740232517654752
peak_12,54,Channel 4,27.6357,2,1,0.49091208073868464,0.37791562187092814
peak_12,54,Channel 5,53.0373,7,1,1.328149072766356,0.3548293960800167
peak_12,54,Channel 6,-5.7408,10,1,1.4714375768078027,0.40095261699664386
peak_12,54,Channel 7,0.2961,1,1,0.030362411760260798,0.42495067282046894
peak_12,54,Channel 8,-8.3982,3,1,0.47112499252386814,0.36397141198882865
peak_12,54,Channel 9,-5.0376,9,1,1.0935200175185171,0.38009953775566635
peak_12,54,Channel 10,50.4936,6,1,1.0561153312042624,0.41464212366757597
peak_12,54,Channel 11,15.0039,4,1,0.6954136632877933,0.4053397403049634
peak_12,54,Channel 12,-12.1824,8,1,1.4799111892534738,0.42777709684037457
peak_12,54,Channel 13,238.6862,-1,0,,0.6373910040606917
peak_12,54,Channel 14,126.3899,-1,0,,0.6574886703487206
peak_12,54,Channel 15,62.5461,-1,0,,0.6334603090823633
unphased,55,Channel 1,-3.0564,-1,0,,0.6555599966692671
unphased,55,Channel 2,-88.9699,-1,0,,0.6481499737582209
unphased,55,Channel 3,23.8248,-1,0,,0.6043729185557452
unphased,55,Channel 4,-35.4855,-1,0,,0.6607947227472581
unphased,55,Channel 5,-78.093,-1,0,,0.6418756590073748
unphased,55,Channel 6,84.5574,-1,0,,0.6729075910102836
unphased,55,Channel 7,84.693,-1,0,,0.6677704054870877
unphased,55,Channel 8,-15.447,-1,0,,0.6371946934563814
unphased,55,Channel 9,71.0181,-1,0,,0.6516526461035055
unphased,55,Channel 10,101.9015,-1,0,,0.6560504701474931
unphased,55,Channel 11,3.7633,-1,0,,0.6908265688522149
unphased,55,Channel 12,76.9845,-1,0,,0.6563273346657114
unphased,55,Channel 13,-198.1852,-1,0,,0.639533642773745
unphased,55,Channel 14,175.0795,-1,0,,0.6502507988503275
unphased,55,Channel 15,1.1296,-1,0,,0.6167325779153876
peak_all,55,Channel 1,145.337,10,2,2.05474392791471,0.4780202813415659
peak_all,55,Channel 2,-114.4707,9,2,1.8871254913612707,0.4437835406679469
peak_all,55,Channel 3,15.2448,2,2,0.2397738523444193,0.3193116581771486
peak_all,55,Channel 4,-10.687,1,1,0.04569314300327447,0.3498377456256681
peak_all,55,Channel 5,109.8491,8,1,1.812028580455063,0.4127976934069319
peak_all,55,Channel 6,-25.0776,0,1,0.18054279340761603,0.32730480071907103
peak_all,55,Channel 7,1.9586,4,1,0.40608510240505097,0.3135848491800347
peak_all,55,Channel 8,13.1041,6,1,0.7411499742609035,0.38125110081919295
peak_all,55,Channel 9,162.424,5,1,0.6249549739706994,0.4837010416040949
peak_all,55,Channel 10,5.5946,3,1,0.23802059296190362,0.38640165791543823
peak_all,55,Channel 11,15.1072,7,1,1.3174234379527927,0.4295287963252599
peak_all,55,Channel 12,40.2804,11,1,2.4524581299622983,0.48355859826936537
peak_all,55,Channel 13,6.0181,10,2,2.05474392791471,0.47784401608364124
peak_all,55,Channel 14,156.7335,9,2,1.8871254913612707,0.44424489307321374
peak_all,55,Channel 15,5.5412,2,2,0.2397738523444193,0.348978213531651
peak_12,55,Channel 1,97.62,10,1,2.05474392791471,0.4780202813415659
peak_12,55,Channel 2,-0.2145,9,1,1.8871254913612707,0.4437835406679469
peak_12,55,Channel 3,7.9271,2,1,0.2397738523444193,0.3193116581771486
peak_12,55,Channel 4,-30.0691,1,1,0.04569314300327447,0.3498377456256681
peak_12,55,Channel 5,72.5065,8,1,1.812028580455063,0.4127976934069319
peak_12,55,Channel 6,-53.6835,0,1,0.18054279340761603,0.32730480071907103
peak_12,55,Channel 7,-13.7578,4,1,0.40608510240505097,0.3135848491800347
peak_12,55,Channel 8,-5.6546,6,1,0.7411499742609035,0.38125110081919295
peak_12,55,Channel 9,111.8293,5,1,0.6249549739706994,0.4837010416040949
peak_12,55,Channel 10,-12.1877,3,1,0.23802059296190362,0.38640165791543823
peak_12,55,Channel 11,5.2579,7,1,1.3174234379527927,0.4295287963252599
peak_12,55,Channel 12,28.6195,11,1,2.4524581299622983,0.48355859826936537
peak_12,55,Channel 13,36.6167,-1,0,,0.639533642773745
peak_12,55,Channel 14,215.117,-1,0,,0.6502507988503275
peak_12,55,Channel 15,35.8669,-1,0,,0.6167325779153876
unphased,56,Channel 1,206.9414,-1,0,,0.6266034460767101
unphased,56,Channel 2,-18.9802,-1,0,,0.6412581727204344
unphased,56,Channel 3,-14.7041,-1,0,,0.6335051993845928
unphased,56,Channel 4,2.581,-1,0,,0.6889334364369791
unphased,56,Channel 5,-35.7109,-1,0,,0.6228450091413094
unphased,56,Channel 6,11.8203,-1,0,,0.6549317167260265
unphased,56,Channel 7,34.6662,-1,0,,0.6687593326852835
unphased,56,Channel 8,61.4237,-1,0,,0.6522168806223364
unphased,56,Channel 9,177.8999,-1,0,,0.6619608255770255
unphased,56,Channel 10,-17.1654,-1,0,,0.6290858290733027
unphased,56,Channel 11,21.1397,-1,0,,0.68924867477855
unphased,56,Channel 12,-71.3947,-1,0,,0.6494684957852448
unphased,56,Channel 13,177.247,-1,0,,0.6606841819890109
unphased,56,Channel 14,134.2822,-1,0,,0.6647977865182844
unphased,56,Channel 15,-1.1393,-1,0,,0.6057010124849103
peak_all,56,Channel 1,308.9704,1,2,0.5080505197694912,0.39913714166579506
peak_all,56,Channel 2,-41.9138,6,2,0.915496698456082,0.4056350658009269
peak_all,56,Channel 3,-12.6935,0,2,0.5894999313883315,0.298981873557498
peak_all,56,Channel 4,23.7409,7,1,1.1157130146955152,0.4225748515900244
peak_all,56,Channel 5,223.6042,4,1,0.9888546103672047,0.390213375053838
peak_all,56,Channel 6,31.6517,9,1,1.277367379135817,0.4010339077426374
peak_all,56,Channel 7,33.8799,2,1,0.7098439069210237,0.4719561529620088
peak_all,56,Channel 8,11.5049,10,1,1.3628225572854535,0.38857655449582107
peak_all,56,Channel 9,37.7008,8,1,1.2775992473885978,0.38693459969799215
peak_all,56,Channel 10,67.7687,3,1,0.8404973526802932,0.4576795019609318
peak_all,56,Channel 11,29.6402,5,1,1.0487154798008103,0.4565596465621313
peak_all,56,Channel 12,-13.1802,11,1,1.3655393021113802,0.3382822176040766
peak_all,56,Channel 13,-143.5705,1,2,0.5080505197694912,0.3916194886285004
peak_all,56,Channel 14,145.1244,6,2,0.915496698456082,0.44046883903920203
peak_all,56,Channel 15,7.2127,0,2,0.5894999313883315,0.29453071157000976
peak_12,56,Channel 1,75.1774,1,1,0.5080505197694912,0.39913714166579506
peak_12,56,Channel 2,45.2952,6,1,0.915496698456082,0.4056350658009269
peak_12,56,Channel 3,-16.8829,0,1,0.5894999313883315,0.298981873557498
peak_12,56,Channel 4,9.6186,7,1,1.1157130146955152,0.4225748515900244
peak_12,56,Channel 5,117.6025,4,1,0.9888546103672047,0.390213375053838
peak_12,56,Channel 6,6.2092,9,1,1.277367379135817,0.4010339077426374
peak_12,56,Channel 7,21.5947,2,1,0.7098439069210237,0.4719561529620088
peak_12,56,Channel 8,-5.5929,10,1,1.3628225572854535,0.38857655449582107
peak_12,56,Channel 9,-31.0005,8,1,1.2775992473885978,0.38693459969799215
peak_12,56,Channel 10,30.3102,3,1,0.8404973526802932,0.4576795019609318
peak_12,56,Channel 11,20.7186,5,1,1.0487154798008103,0.4565596465621313
peak_12,56,Channel 12,-30.896,11,1,1.3655393021113802,0.3382822176040766
peak_12,56,Channel 13,225.7797,-1,0,,0.6606841819890109
peak_12,56,Channel 14,192.0442,-1,0,,0.6647977865182844
peak_12,56,Channel 15,32.0513,-1,0,,0.6057010124849103
unphased,57,Channel 1,-84.2947,-1,0,,0.6358145794252739
unphased,57,Channel 2,106.7204,-1,0,,0.6495701699627241
unphased,57,Channel 3,48.6899,-1,0,,0.6243617749426312
unphased,57,Channel 4,14.2599,-1,0,,0.6680003234931793
unphased,57,Channel 5,1.3615,-1,0,,0.6118513422459574
unphased,57,Channel 6,-146.5719,-1,0,,0.6120919773915713
unphased,57,Channel 7,-24.7784,-1,0,,0.6646429152911648
unphased,57,Channel 8,21.7491,-1,0,,0.659668806456957
unphased,57,Channel 9,-167.4977,-1,0,,0.63420488818165
unphased,57,Channel 10,155.3662,-1,0,,0.7011715335114158
unphased,57,Channel 11,15.3427,-1,0,,0.6702385642409497
unphased,57,Channel 12,-6.5985,-1,0,,0.6377282638327371
unphased,57,Channel 13,718.5228,-1,0,,0.7067064266826709
unphased,57,Channel 14,87.9414,-1,0,,0.6447849973936047
unphased,57,Channel 15,-20.5035,-1,0,,0.6291634369475134
peak_all,57,Channel 1,-223.9875,3,2,0.8399651132101671,0.47199244609683866
peak_all,57,Channel 2,17.4368,1,2,-0.1520519359053035,0.39402670647414684
peak_all,57,Channel 3,44.6868,7,2,0.7682625876692472,0.3159754183209514
peak_all,57,Channel 4,10.3637,8,1,1.4705658278721827,0.39865598965206284
peak_all,57,Channel 5,-91.2277,0,1,-0.4744107811363866,0.2504244945400974
peak_all,57,Channel 6,18.9752,9,1,2.172387910615003,0.43392221275319703
peak_all,57,Channel 7,20.4838,6,1,0.1162725424118841,0.41390270958970643
peak_all,57,Channel 8,15.8687,4,1,1.1496665392162528,0.4355217574912548
peak_all,57,Channel 9,89.1986,5,1,0.34821389673231046,0.46597578724214206
peak_all,57,Channel 10,81.9297,2,1,0.2780116917863432,0.39416280121726216
peak_all,57,Channel 11,29.969,11,1,2.8143350146023494,0.48028242998365317
peak_all,57,Channel 12,43.7951,10,1,2.668781592925952,0.4816945065458116
peak_all,57,Channel 13,392.2424,3,2,0.8399651132101671,0.48268957295894616
peak_all,57,Channel 14,65.5168,1,2,-0.1520519359053035,0.40544044277768704
peak_all,57,Channel 15,-7.2289,7,2,0.7682625876692472,0.3724611095715613
peak_12,57,Channel 1,-7.7101,3,1,0.8399651132101671,0.47199244609683866
peak_12,57,Channel 2,1.5734,1,1,-0.1520519359053035,0.39402670647414684
peak_12,57,Channel 3,23.5611,7,1,0.7682625876692472,0.3159754183209514
peak_12,57,Channel 4,-19.7806,8,1,1.4705658278721827,0.39865598965206284
peak_12,57,Channel 5,-216.2444,0,1,-0.4744107811363866,0.2504244945400974
peak_12,57,Channel 6,-30.731,9,1,2.172387910615003,0.43392221275319703
peak_12,57,Channel 7,-6.7832,6,1,0.1162725424118841,0.41390270958970643
peak_12,57,Channel 8,-13.9862,4,1,1.1496665392162528,0.4355217574912548
peak_12,57,Channel 9,-38.293,5,1,0.34821389673231046,0.46597578724214206
peak_12,57,Channel 10,49.3722,2,1,0.2780116917863432,0.39416280121726216
peak_12,57,Channel 11,9.1634,11,1,2.8143350146023494,0.48028242998365317
peak_12,57,Channel 12,6.7832,10,1,2.668781592925952,0.4816945065458116
peak_12,57,Channel 13,862.9292,-1,0,,0.7067064266826709
peak_12,57,Channel 14,109.8533,-1,0,,0.6447849973936047
peak_12,57,Channel 15,19.8632,-1,0,,0.6291634369475134
unphased,58,Channel 1,-72.1499,-1,0,,0.6656131114959918
unphased,58,Channel 2,80.4661,-1,0,,0.6433595894134976
unphased,58,Channel 3,31.7205,-1,0,,0.6315003299710965
unphased,58,Channel 4,46.2332,-1,0,,0.6785801907794783
unphased,58,Channel 5,77.2364,-1,0,,0.6178996813696352
unphased,58,Channel 6,-36.7719,-1,0,,0.6575985842106333
unphased,58,Channel 7,49.8994,-1,0,,0.6690242570127253
unphased,58,Channel 8,47.4135,-1,0,,0.6453617338510415
unphased,58,Channel 9,176.4885,-1,0,,0.6451285723511596
unphased,58,Channel 10,-41.6218,-1,0,,0.638970096564195
unphased,58,Channel 11,57.1157,-1,0,,0.6953502825742556
unphased,58,Channel 12,23.4254,-1,0,,0.6400681457126776
unphased,58,Channel 13,-43.3263,-1,0,,0.6427887609929954
unphased,58,Channel 14,-40.7856,-1,0,,0.6556365518924467
unphased,58,Channel 15,-8.322,-1,0,,0.623120111808174
peak_all,58,Channel 1,30.9717,0,2,0.4041150068619466,0.31031671316135323
peak_all,58,Channel 2,68.3635,7,2,1.0772400576501153,0.3801562404776142
peak_all,58,Channel 3,32.1439,8,2,1.4724799088753806,0.4181165354547325
peak_all,58,Channel 4,30.0084,6,1,0.671085152729902,0.399879108485438
peak_all,58,Channel 5,54.9686,9,1,1.6855551507748476,0.42494367343357636
peak_all,58,Channel 6,48.2491,4,1,0.6278739767946906,0.45442921184574614
peak_all,58,Channel 7,44.8232,3,1,0.660197945419284,0.46220867924670267
peak_all,58,Channel 8,28.7101,5,1,0.6867695646777291,0.39096469403690093
peak_all,58,Channel 9,8.5126,11,1,1.8833754885940208,0.45820104610187856
peak_all,58,Channel 10,46.2401,2,1,0.5466029830759829,0.3536016183640652
peak_all,58,Channel 11,33.4227,1,1,0.3251923335787856,0.4388213325168695
peak_all,58,Channel 12,21.5543,10,1,1.9595124309673158,0.46857538393763787
peak_all,58,Channel 13,-52.2551,0,2,0.4041150068619466,0.34307135409522044
peak_all,58,Channel 14,-44.8118,7,2,1.0772400576501153,0.3784668502829896
peak_all,58,Channel 15,-13.3222,8,2,1.4724799088753806,0.3837841895613119
peak_12,58,Channel 1,-45.2488,0,1,0.4041150068619466,0.31031671316135323
peak_12,58,Channel 2,24.6832,7,1,1.0772400576501153,0.3801562404776142
peak_12,58,Channel 3,15.7444,8,1,1.4724799088753806,0.4181165354547325
peak_12,58,Channel 4,21.3646,6,1,0.671085152729902,0.399879108485438
peak_12,58,Channel 5,34.2096,9,1,1.6855551507748476,0.42494367343357636
peak_12,58,Channel 6,37.949,4,1,0.6278739767946906,0.45442921184574614
peak_12,58,Channel 7,35.7952,3,1,0.660197945419284,0.46220867924670267
peak_12,58,Channel 8,21.6922,5,1,0.6867695646777291,0.39096469403690093
peak_12,58,Channel 9,-5.0229,11,1,1.8833754885940208,0.45820104610187856
peak_12,58,Channel 10,41.3362,2,1,0.5466029830759829,0.3536016183640652
peak_12,58,Channel 11,27.329,1,1,0.3251923335787856,0.4388213325168695
peak_12,58,Channel 12,16.6506,10,1,1.9595124309673158,0.46857538393763787
peak_12,58,Channel 13,70.6304,-1,0,,0.6427887609929954
peak_12,58,Channel 14,35.1391,-1,0,,0.6556365518924467
peak_12,58,Channel 15,23.4575,-1,0,,0.623120111808174
unphased,59,Channel 1,-17.4562,-1,0,,0.6311455099113222
unphased,59,Channel 2,172.0759,-1,0,,0.6823535940570761
unphased,59,Channel 3,35.8028,-1,0,,0.6158999518863654
unphased,59,Channel 4,9.9781,-1,0,,0.6593435992419855
unphased,59,Channel 5,83.6048,-1,0,,0.6485672129073986
unphased,59,Channel 6,-94.5753,-1,0,,0.6313817293621348
unphased,59,Channel 7,-48.1971,-1,0,,0.652214352706545
unphased,59,Channel 8,23.5838,-1,0,,0.6424893693403513
unphased,59,Channel 9,-251.6754,-1,0,,0.6287999117580826
unphased,59,Channel 10,93.3027,-1,0,,0.6765960011828892
unphased,59,Channel 11,42.3715,-1,0,,0.6795793229779186
unphased,59,Channel 12,79.3664,-1,0,,0.663862639139337
unphased,59,Channel 13,-84.4306,-1,0,,0.6425471627010038
unphased,59,Channel 14,99.0395,-1,0,,0.6309009839558316
unphased,59,Channel 15,60.9778,-1,0,,0.6643186588717586
peak_all,59,Channel 1,219.6468,4,2,0.3509596126254126,0.32178830230305827
peak_all,59,Channel 2,27.4874,7,2,1.115180948273981,0.40534207621533636
peak_all,59,Channel 3,7.9335,8,2,1.7239165698511307,0.42631939766738436
peak_all,59,Channel 4,60.3276,11,1,3.119024694153337,0.5654283813964209
peak_all,59,Channel 5,70.3385,2,1,-0.16268695624840424,0.2972187517732764
peak_all,59,Channel 6,18.9567,5,1,0.645258049832648,0.42376082125708725
peak_all,59,Channel 7,0.0777,0,1,0.3991996364944031,0.31347266581006067
peak_all,59,Channel 8,15.7296,1,1,0.08405376959684638,0.41493040856253566
peak_all,59,Channel 9,95.7192,6,1,1.088819556280435,0.4682458966662801
peak_all,59,Channel 10,8.5551,3,1,0.3384016897581105,0.42724060605898395
peak_all,59,Channel 11,19.164,10,1,1.9272236556083435,0.4391004711624097
peak_all,59,Channel 12,17.8676,9,1,1.3706487737737556,0.35864479568413515
peak_all,59,Channel 13,-145.7191,4,2,0.3509596126254126,0.29877128270389625
peak_all,59,Channel 14,-13.4388,7,2,1.115180948273981,0.3678819414150213
peak_all,59,Channel 15,11.9876,8,2,1.7239165698511307,0.4237749935651473
peak_12,59,Channel 1,18.6242,4,1,0.3509596126254126,0.32178830230305827
peak_12,59,Channel 2,4.1652,7,1,1.115180948273981,0.40534207621533636
peak_12,59,Channel 3,7.8433,8,1,1.7239165698511307,0.42631939766738436
peak_12,59,Channel 4,45.1879,11,1,3.119024694153337,0.5654283813964209
peak_12,59,Channel 5,28.9037,2,1,-0.16268695624840424,0.2972187517732764
peak_12,59,Channel 6,-4.3557,5,1,0.645258049832648,0.42376082125708725
peak_12,59,Channel 7,-18.9813,0,1,0.3991996364944031,0.31347266581006067
peak_12,59,Channel 8,-3.31,1,1,0.08405376959684638,0.41493040856253566
peak_12,59,Channel 9,34.1826,6,1,1.088819556280435,0.4682458966662801
peak_12,59,Channel 10,-16.4758,3,1,0.3384016897581105,0.42724060605898395
peak_12,59,Channel 11,9.4318,10,1,1.9272236556083435,0.4391004711624097
peak_12,59,Channel 12,1.8859,9,1,1.3706487737737556,0.35864479568413515
peak_12,59,Channel 13,-24.7598,-1,0,,0.6425471627010038
peak_12,59,Channel 14,149.6477,-1,0,,0.6309009839558316
peak_12,59,Channel 15,92.5921,-1,0,,0.6643186588717586
unphased,60,Channel 1,168.2441,-1,0,,0.6380656704656064
unphased,60,Channel 2,-16.7751,-1,0,,0.6489130395134161
unphased,60,Channel 3,-9.2465,-1,0,,0.6135869431753534
unphased,60,Channel 4,54.204,-1,0,,0.6928944780123631
unphased,60,Channel 5,-243.6919,-1,0,,0.6096805505302396
unphased,60,Channel 6,36.6529,-1,0,,0.6525396258505528
unphased,60,Channel 7,66.8538,-1,0,,0.6711788652046548
unphased,60,Channel 8,-51.5199,-1,0,,0.6354707241934414
unphased,60,Channel 9,161.6821,-1,0,,0.6598241237949445
unphased,60,Channel 10,83.9053,-1,0,,0.6377154302879888
unphased,60,Channel 11,75.2951,-1,0,,0.6973602526051984
unphased,60,Channel 12,84.6837,-1,0,,0.6496426184163868
unphased,60,Channel 13,-48.323,-1,0,,0.6635849236594805
unphased,60,Channel 14,-29.6587,-1,0,,0.658816773126643
unphased,60,Channel 15,-32.3203,-1,0,,0.6207259811637297
peak_all,60,Channel 1,276.3465,1,2,0.7352004868559643,0.4308028949233724
peak_all,60,Channel 2,17.136,4,2,0.7952629617852002,0.3610181247581497
peak_all,60,Channel 3,5.3084,0,2,0.5608668445119463,0.28042435930694615
peak_all,60,Channel 4,54.3452,2,1,0.8925705405049268,0.4580127786558723
peak_all,60,Channel 5,106.7911,6,1,0.7364951992407955,0.38177159385570913
peak_all,60,Channel 6,43.9831,5,1,0.6877700110006698,0.4487300685993727
peak_all,60,Channel 7,18.0275,11,1,1.7292516609285848,0.4273335969097196
peak_all,60,Channel 8,4.1247,7,1,1.0210398735389146,0.3761270750341212
peak_all,60,Channel 9,127.8471,3,1,0.8844960245461825,0.48279025443743295
peak_all,60,Channel 10,20.6217,9,1,1.3448854399625367,0.3816681708249119
peak_all,60,Channel 11,15.878,8,1,1.1783051073176625,0.42925420476178433
peak_all,60,Channel 12,20.7659,10,1,1.4338558498066174,0.3940559872438341
peak_all,60,Channel 13,-109.2328,1,2,0.7352004868559643,0.4181945062090357
peak_all,60,Channel 14,-4.6858,4,2,0.7952629617852002,0.3793174539488797
peak_all,60,Channel 15,-25.5781,0,2,0.5608668445119463,0.294952892881511
peak_12,60,Channel 1,150.6442,1,1,0.7352004868559643,0.4308028949233724
peak_12,60,Channel 2,9.9641,4,1,0.7952629617852002,0.3610181247581497
peak_12,60,Channel 3,-15.6792,0,1,0.5608668445119463,0.28042435930694615
peak_12,60,Channel 4,54.3667,2,1,0.8925705405049268,0.4580127786558723
peak_12,60,Channel 5,88.6775,6,1,0.7364951992407955,0.38177159385570913
peak_12,60,Channel 6,40.5088,5,1,0.6877700110006698,0.4487300685993727
peak_12,60,Channel 7,16.5873,11,1,1.7292516609285848,0.4273335969097196
peak_12,60,Channel 8,7.4244,7,1,1.0210398735389146,0.3761270750341212
peak_12,60,Channel 9,106.7625,3,1,0.8844960245461825,0.48279025443743295
peak_12,60,Channel 10,15.9996,9,1,1.3448854399625367,0.3816681708249119
peak_12,60,Channel 11,14.1339,8,1,1.1783051073176625,0.42925420476178433
peak_12,60,Channel 12,18.8472,10,1,1.4338558498066174,0.3940559872438341
peak_12,60,Channel 13,17.532,-1,0,,0.6635849236594805
peak_12,60,Channel 14,33.4466,-1,0,,0.658816773126643
peak_12,60,Channel 15,-0.5304,-1,0,,0.6207259811637297
unphased,61,Channel 1,211.1081,-1,0,,0.6666373597587607
unphased,61,Channel 2,64.6278,-1,0,,0.6502385992637804
unphased,61,Channel 3,31.2403,-1,0,,0.6172658175389565
unphased,61,Channel 4,20.5095,-1,0,,0.6560355095540671
unphased,61,Channel 5,243.5955,-1,0,,0.6368153014005167
unphased,61,Channel 6,17.3538,-1,0,,0.6700501175075793
unphased,61,Channel 7,50.8222,-1,0,,0.6677721919322592
unphased,61,Channel 8,-46.1454,-1,0,,0.6422403328601061
unphased,61,Channel 9,63.1384,-1,0,,0.6479705413527652
unphased,61,Channel 10,-16.5287,-1,0,,0.6355132890537435
unphased,61,Channel 11,71.5647,-1,0,,0.6783604460493897
unphased,61,Channel 12,-28.2927,-1,0,,0.6509504906348065
unphased,61,Channel 13,-359.7892,-1,0,,0.6382429368577278
unphased,61,Channel 14,91.0036,-1,0,,0.6575939511072605
unphased,61,Channel 15,8.5221,-1,0,,0.6343131151282824
peak_all,61,Channel 1,352.4419,1,2,-0.059408598326806575,0.34526249151853033
peak_all,61,Channel 2,4.5294,11,2,2.3785683179516193,0.5058990994136717
peak_all,61,Channel 3,29.4569,8,2,1.7151041810311547,0.4362877268459564
peak_all,61,Channel 4,18.8446,5,1,0.6747071374291674,0.3907444616622779
peak_all,61,Channel 5,42.3948,7,1,1.2191902709340123,0.3419328812014514
peak_all,61,Channel 6,8.3807,0,1,0.8235933011278904,0.4141303367418777
peak_all,61,Channel 7,28.0499,2,1,0.17066729973883288,0.3741950175136429
peak_all,61,Channel 8,28.8772,6,1,0.7459858289343989,0.38711839200278153
peak_all,61,Channel 9,104.0822,4,1,0.49278631737630585,0.35506696944410293
peak_all,61,Channel 10,43.9202,3,1,0.3458431318546905,0.38890095059410973
peak_all,61,Channel 11,24.8964,10,1,1.819745749538829,0.43437538541551846
peak_all,61,Channel 12,7.6534,9,1,1.673217062409907,0.3989168089981361
peak_all,61,Channel 13,-375.034,1,2,-0.059408598326806575,0.2932466114997099
peak_all,61,Channel 14,41.7333,11,2,2.3785683179516193,0.5095078515086828
peak_all,61,Channel 15,7.2523,8,2,1.7151041810311547,0.41756763344507114
peak_12,61,Channel 1,-39.5246,1,1,-0.059408598326806575,0.34526249151853033
peak_12,61,Channel 2,30.7131,11,1,2.3785683179516193,0.5058990994136717
peak_12,61,Channel 3,29.0771,8,1,1.7151041810311547,0.4362877268459564
peak_12,61,Channel 4,4.4707,5,1,0.6747071374291674,0.3907444616622779
peak_12,61,Channel 5,13.8281,7,1,1.2191902709340123,0.3419328812014514
peak_12,61,Channel 6,-13.6618,0,1,0.8235933011278904,0.4141303367418777
peak_12,61,Channel 7,17.474,2,1,0.17066729973883288,0.3741950175136429
peak_12,61,Channel 8,14.2842,6,1,0.7459858289343989,0.38711839200278153
peak_12,61,Channel 9,38.2204,4,1,0.49278631737630585,0.35506696944410293
peak_12,61,Channel 10,13.7714,3,1,0.3458431318546905,0.38890095059410973
peak_12,61,Channel 11,17.929,10,1,1.819745749538829,0.43437538541551846
peak_12,61,Channel 12,-4.7136,9,1,1.673217062409907,0.3989168089981361
peak_12,61,Channel 13,-73.7428,-1,0,,0.6382429368577278
peak_12,61,Channel 14,188.8236,-1,0,,0.6575939511072605
peak_12,61,Channel 15,50.8024,-1,0,,0.6343131151282824
unphased,62,Channel 1,-29.3852,-1,0,,0.6663383098235847
unphased,62,Channel 2,123.6396,-1,0,,0.6828086554986255
unphased,62,Channel 3,-7.94,-1,0,,0.585145606495736
unphased,62,Channel 4,58.7657,-1,0,,0.6581056084794518
unphased,62,Channel 5,-222.488,-1,0,,0.6077975438189162
unphased,62,Channel 6,101.0743,-1,0,,0.6642698839161547
unphased,62,Channel 7,-70.6893,-1,0,,0.6405168476362593
unphased,62,Channel 8,-36.4872,-1,0,,0.6477598709256858
unphased,62,Channel 9,5.9498,-1,0,,0.6506566414402305
unphased,62,Channel 10,135.747,-1,0,,0.6982867490059246
unphased,62,Channel 11,34.7573,-1,0,,0.6268576118803458
unphased,62,Channel 12,30.5495,-1,0,,0.6306572075454987
unphased,62,Channel 13,31.4137,-1,0,,0.664393941527966
unphased,62,Channel 14,59.638,-1,0,,0.6403367383561246
unphased,62,Channel 15,60.4948,-1,0,,0.6860687836495001
peak_all,62,Channel 1,7.719,9,2,-1710.372779078832,0.4665380911208904
peak_all,62,Channel 2,52.4349,6,2,956.2482491518216,0.3677183828808804
peak_all,62,Channel 3,-16.6322,1,2,1356.3008749597784,0.4535005204213466
peak_all,62,Channel 4,-7.677,5,1,1982.7799568312985,0.27954090995135056
peak_all,62,Channel 5,109.2244,8,1,-1640.53756363854,0.4107566227375288
peak_all,62,Channel 6,79.7846,11,1,-2720.9833392457513,0.5260076431648953
peak_all,62,Channel 7,17.1726,7,1,-239.51503737414652,0.3739020960053644
peak_all,62,Channel 8,14.815,2,1,1831.7012117523764,0.23970437614336326
peak_all,62,Channel 9,14.983,3,1,1392.8598950054088,0.37841806585016424
peak_all,62,Channel 10,57.817,0,1,-67.5936435800434,0.4656171192124731
peak_all,62,Channel 11,52.9027,10,1,-2599.811628562531,0.5092702938111767
peak_all,62,Channel 12,12.826,4,1,1470.9238037791613,0.2344420016383186
peak_all,62,Channel 13,103.5914,9,2,-1710.372779078832,0.4770905286174688
peak_all,62,Channel 14,-33.7854,6,2,956.2482491518216,0.3490908012802017
peak_all,62,Channel 15,23.8953,1,2,1356.3008749597784,0.35970294883735
peak_12,62,Channel 1,81.1861,9,1,-1710.372779078832,0.4665380911208904
peak_12,62,Channel 2,9.1817,6,1,956.2482491518216,0.3677183828808804
peak_12,62,Channel 3,-3.9377,1,1,1356.3008749597784,0.4535005204213466
peak_12,62,Channel 4,-21.4442,5,1,1982.7799568312985,0.27954090995135056
peak_12,62,Channel 5,88.7694,8,1,-1640.53756363854,0.4107566227375288
peak_12,62,Channel 6,67.5045,11,1,-2720.9833392457513,0.5260076431648953
peak_12,62,Channel 7,11.4418,7,1,-239.51503737414652,0.3739020960053644
peak_12,62,Channel 8,5.5667,2,1,1831.7012117523764,0.23970437614336326
peak_12,62,Channel 9,0.3458,3,1,1392.8598950054088,0.37841806585016424
peak_12,62,Channel 10,31.9718,0,1,-67.5936435800434,0.4656171192124731
peak_12,62,Channel 11,47.7418,10,1,-2599.811628562531,0.5092702938111767
peak_12,62,Channel 12,8.6687,4,1,1470.9238037791613,0.2344420016383186
peak_12,62,Channel 13,36.8853,-1,0,,0.664393941527966
peak_12,62,Channel 14,24.2075,-1,0,,0.6403367383561246
peak_12,62,Channel 15,72.9126,-1,0,,0.6860687836495001
unphased,63,Channel 1,136.6953,-1,0,,0.6514190889424296
unphased,63,Channel 2,29.7847,-1,0,,0.6509957934618941
unphased,63,Channel 3,2.2491,-1,0,,0.6352942403669343
unphased,63,Channel 4,73.6713,-1,0,,0.6986457617010075
unphased,63,Channel 5,106.0474,-1,0,,0.618539409741849
unphased,63,Channel 6,11.2243,-1,0,,0.64789559326532
unphased,63,Channel 7,-12.5955,-1,0,,0.6530035437289792
unphased,63,Channel 8,31.9132,-1,0,,0.6513984000849439
unphased,63,Channel 9,266.8488,-1,0,,0.6562314963247657
unphased,63,Channel 10,-117.83,-1,0,,0.5939912056730877
unphased,63,Channel 11,40.0483,-1,0,,0.680451975715253
unphased,63,Channel 12,59.6248,-1,0,,0.6591604694354545
unphased,63,Channel 13,-205.4287,-1,0,,0.6391983190935768
unphased,63,Channel 14,7.8574,-1,0,,0.6613105019136416
unphased,63,Channel 15,51.2022,-1,0,,0.6524642005508631
peak_all,63,Channel 1,413.8167,3,2,0.6565191632350212,0.471705896491992
peak_all,63,Channel 2,82.654,4,2,0.7307185501515233,0.365905635418737
peak_all,63,Channel 3,-28.0079,11,2,1.3184192038585902,0.3775753094119906
peak_all,63,Channel 4,68.0912,1,1,0.90433751045878,0.5048992237341676
peak_all,63,Channel 5,278.9742,2,1,0.8589342027832246,0.4309777320901937
peak_all,63,Channel 6,4.0019,9,1,1.193955462642509,0.3861661102782183
peak_all,63,Channel 7,23.8915,7,1,1.0038963390993128,0.3748800317293724
peak_all,63,Channel 8,-8.5533,8,1,1.0172790106231977,0.33195595707427944
peak_all,63,Channel 9,-42.9853,10,1,1.1920814181407047,0.3776675596930987
peak_all,63,Channel 10,64.4561,6,1,0.8503274561582468,0.3682677246339084
peak_all,63,Channel 11,47.7726,0,1,1.5145535242345491,0.5405884560965984
peak_all,63,Channel 12,31.0338,5,1,0.7589781586143398,0.39669065244265944
peak_all,63,Channel 13,-213.5931,3,2,0.6565191632350212,0.420096830316063
peak_all,63,Channel 14,-23.577,4,2,0.7307185501515233,0.3831642990537717
peak_all,63,Channel 15,11.8417,11,2,1.3184192038585902,0.35965508111697553
peak_12,63,Channel 1,199.0348,3,1,0.6565191632350212,0.471705896491992
peak_12,63,Channel 2,60.6366,4,1,0.7307185501515233,0.365905635418737
peak_12,63,Channel 3,-18.2796,11,1,1.3184192038585902,0.3775753094119906
peak_12,63,Channel 4,71.4722,1,1,0.90433751045878,0.5048992237341676
peak_12,63,Channel 5,282.9757,2,1,0.8589342027832246,0.4309777320901937
peak_12,63,Channel 6,6.7712,9,1,1.193955462642509,0.3861661102782183
peak_12,63,Channel 7,24.7702,7,1,1.0038963390993128,0.3748800317293724
peak_12,63,Channel 8,-13.0577,8,1,1.0172790106231977,0.33195595707427944
peak_12,63,Channel 9,-34.0996,10,1,1.1920814181407047,0.3776675596930987
peak_12,63,Channel 10,59.5656,6,1,0.8503274561582468,0.3682677246339084
peak_12,63,Channel 11,43.4715,0,1,1.5145535242345491,0.5405884560965984
peak_12,63,Channel 12,30.4671,5,1,0.7589781586143398,0.39669065244265944
peak_12,63,Channel 13,-239.1188,-1,0,,0.6391983190935768
peak_12,63,Channel 14,38.3482,-1,0,,0.6613105019136416
peak_12,63,Channel 15,65.9415,-1,0,,0.6524642005508631
unphased,64,Channel 1,454.0715,-1,0,,0.6851927518459227
unphased,64,Channel 2,17.1953,-1,0,,0.6695227446690217
unphased,64,Channel 3,-42.9918,-1,0,,0.5785704825848029
unphased,64,Channel 4,-16.9013,-1,0,,0.6425677975185153
unphased,64,Channel 5,188.6303,-1,0,,0.6489226737261721
unphased,64,Channel 6,127.1417,-1,0,,0.6978294932216986
unphased,64,Channel 7,62.8234,-1,0,,0.6687481613963799
unphased,64,Channel 8,-61.3057,-1,0,,0.6106302873579523
unphased,64,Channel 9,-230.8238,-1,0,,0.6500865414712852
unphased,64,Channel 10,173.9043,-1,0,,0.657251715255843
unphased,64,Channel 11,42.9286,-1,0,,0.6684898008510937
unphased,64,Channel 12,-6.0902,-1,0,,0.6428245982071608
unphased,64,Channel 13,-430.8975,-1,0,,0.6353523849832343
unphased,64,Channel 14,77.1943,-1,0,,0.6451103928327058
unphased,64,Channel 15,18.8856,-1,0,,0.6489001740782132
peak_all,64,Channel 1,491.2707,9,2,2.640261337654523,0.5260346729098317
peak_all,64,Channel 2,-86.1087,2,2,-0.5341911138262828,0.27119938128579135
peak_all,64,Channel 3,2.2611,8,2,2.4566513747099212,0.4762591731376025
peak_all,64,Channel 4,-35.0867,0,1,0.47005427288379775,0.3476884054868102
peak_all,64,Channel 5,84.5239,10,1,2.6605968758880705,0.5142446957452713
peak_all,64,Channel 6,5.8775,5,1,-0.08845885079656451,0.39116534173968004
peak_all,64,Channel 7,9.5481,3,1,-0.42364283531380875,0.3446466766977368
peak_all,64,Channel 8,-21.6765,1,1,-0.271599444924378,0.35542399279988257
peak_all,64,Channel 9,148.6906,11,1,3.1973391291946593,0.5726564217337663
peak_all,64,Channel 10,70.0791,7,1,1.579483157886692,0.4654433158008184
peak_all,64,Channel 11,-8.9238,4,1,-0.27833819607445526,0.2603560777980981
peak_all,64,Channel 12,24.5873,6,1,0.5918442927178247,0.37276803984945867
peak_all,64,Channel 13,-263.4047,9,2,2.640261337654523,0.5098800309710243
peak_all,64,Channel 14,80.4442,2,2,-0.5341911138262828,0.20435088805249801
peak_all,64,Channel 15,50.5364,8,2,2.4566513747099212,0.486072178497584
peak_12,64,Channel 1,220.0346,9,1,2.640261337654523,0.5260346729098317
peak_12,64,Channel 2,-28.0868,2,1,-0.5341911138262828,0.27119938128579135
peak_12,64,Channel 3,39.9381,8,1,2.4566513747099212,0.4762591731376025
peak_12,64,Channel 4,-59.3908,0,1,0.47005427288379775,0.3476884054868102
peak_12,64,Channel 5,49.942,10,1,2.6605968758880705,0.5142446957452713
peak_12,64,Channel 6,-20.2559,5,1,-0.08845885079656451,0.39116534173968004
peak_12,64,Channel 7,-3.3384,3,1,-0.42364283531380875,0.3446466766977368
peak_12,64,Channel 8,-23.8925,1,1,-0.271599444924378,0.35542399279988257
peak_12,64,Channel 9,132.3849,11,1,3.1973391291946593,0.5726564217337663
peak_12,64,Channel 10,53.2732,7,1,1.579483157886692,0.4654433158008184
peak_12,64,Channel 11,-25.1868,4,1,-0.27833819607445526,0.2603560777980981
peak_12,64,Channel 12,8.3047,6,1,0.5918442927178247,0.37276803984945867
peak_12,64,Channel 13,-158.322,-1,0,,0.6353523849832343
peak_12,64,Channel 14,188.9369,-1,0,,0.6451103928327058
peak_12,64,Channel 15,70.8513,-1,0,,0.6489001740782132
unphased,65,Channel 1,215.7255,-1,0,,0.6508952482594975
unphased,65,Channel 2,32.2516,-1,0,,0.6554297419315551
unphased,65,Channel 3,14.6324,-1,0,,0.6128910847294943
unphased,65,Channel 4,70.7541,-1,0,,0.6741495923351676
unphased,65,Channel 5,224.8053,-1,0,,0.6305883695662822
unphased,65,Channel 6,12.3168,-1,0,,0.655275238984001
unphased,65,Channel 7,77.534,-1,0,,0.6651475346375245
unphased,65,Channel 8,-39.0774,-1,0,,0.632304829139352
unphased,65,Channel 9,120.5801,-1,0,,0.6565274086369555
unphased,65,Channel 10,-0.211,-1,0,,0.6302072944253205
unphased,65,Channel 11,24.2233,-1,0,,0.6882866496634947
unphased,65,Channel 12,-4.9627,-1,0,,0.6620848101590457
unphased,65,Channel 13,-219.3577,-1,0,,0.64610796391729
unphased,65,Channel 14,-23.15,-1,0,,0.6470019530428794
unphased,65,Channel 15,-3.6413,-1,0,,0.6431022805721424
peak_all,65,Channel 1,200.0846,4,2,0.7450449289992076,0.38522496129077416
peak_all,65,Channel 2,40.8322,6,2,0.7802560685232449,0.3927241273676252
peak_all,65,Channel 3,45.5407,1,2,0.5508144233748977,0.5178401836854273
peak_all,65,Channel 4,30.8128,2,1,0.4776974826378809,0.37327408706023973
peak_all,65,Channel 5,102.0257,3,1,0.4967483869752919,0.39425520988544666
peak_all,65,Channel 6,46.9061,7,1,1.0893149701476672,0.37820796124629014
peak_all,65,Channel 7,37.5227,9,1,1.4570977139223389,0.4070763380708789
peak_all,65,Channel 8,15.6676,11,1,1.931893359179064,0.4602154689450179
peak_all,65,Channel 9,110.3132,5,1,0.8051965158741098,0.5145932014007505
peak_all,65,Channel 10,-13.2546,10,1,1.5206332254738164,0.38046801707594624
peak_all,65,Channel 11,8.911,0,1,0.7706813919373239,0.4513323047856431
peak_all,65,Channel 12,0.572,8,1,1.374621532955157,0.4235393531865649
peak_all,65,Channel 13,-175.199,4,2,0.7450449289992076,0.3551637558686056
peak_all,65,Channel 14,-34.3623,6,2,0.7802560685232449,0.40470179499002895
peak_all,65,Channel 15,9.5086,1,2,0.5508144233748977,0.37716804881496313
peak_12,65,Channel 1,17.7417,4,1,0.7450449289992076,0.38522496129077416
peak_12,65,Channel 2,8.5673,6,1,0.7802560685232449,0.3927241273676252
peak_12,65,Channel 3,53.0997,1,1,0.5508144233748977,0.5178401836854273
peak_12,65,Channel 4,28.3044,2,1,0.4776974826378809,0.37327408706023973
peak_12,65,Channel 5,63.0972,3,1,0.4967483869752919,0.39425520988544666
peak_12,65,Channel 6,44.2518,7,1,1.0893149701476672,0.37820796124629014
peak_12,65,Channel 7,36.2417,9,1,1.4570977139223389,0.4070763380708789
peak_12,65,Channel 8,14.642,11,1,1.931893359179064,0.4602154689450179
peak_12,65,Channel 9,91.0569,5,1,0.8051965158741098,0.5145932014007505
peak_12,65,Channel 10,-16.3268,10,1,1.5206332254738164,0.38046801707594624
peak_12,65,Channel 11,5.8198,0,1,0.7706813919373239,0.4513323047856431
peak_12,65,Channel 12,-3.3617,8,1,1.374621532955157,0.4235393531865649
peak_12,65,Channel 13,-24.3513,-1,0,,0.64610796391729
peak_12,65,Channel 14,29.4533,-1,0,,0.6470019530428794
peak_12,65,Channel 15,28.774,-1,0,,0.6431022805721424
unphased,66,Channel 1,44.7543,-1,0,,0.6373115875309471
unphased,66,Channel 2,35.8243,-1,0,,0.6552090445162612
unphased,66,Channel 3,-16.2523,-1,0,,0.6230544247787295
unphased,66,Channel 4,12.7529,-1,0,,0.6881568785189787
unphased,66,Channel 5,65.6599,-1,0,,0.6197900082160015
unphased,66,Channel 6,-76.1987,-1,0,,0.6514195537281561
unphased,66,Channel 7,94.9683,-1,0,,0.6701209146812572
unphased,66,Channel 8,19.4781,-1,0,,0.6516613102337727
unphased,66,Channel 9,274.9956,-1,0,,0.6573854259040478
unphased,66,Channel 10,-41.5274,-1,0,,0.626250916143225
unphased,66,Channel 11,61.6706,-1,0,,0.6897234404457296
unphased,66,Channel 12,7.8948,-1,0,,0.6477745657216769
unphased,66,Channel 13,40.772,-1,0,,0.6524926009047233
unphased,66,Channel 14,110.4812,-1,0,,0.6576288147667557
unphased,66,Channel 15,-31.6931,-1,0,,0.6220205139097431
peak_all,66,Channel 1,221.8635,1,2,0.48961144830690567,0.3986027007827257
peak_all,66,Channel 2,-17.305,3,2,0.7632178410018653,0.4799378886785713
peak_all,66,Channel 3,15.1476,5,2,0.8956673093820432,0.37584297074013445
peak_all,66,Channel 4,61.0399,6,1,0.9473848511832523,0.44813116776761003
peak_all,66,Channel 5,139.4661,4,1,0.8109998361413554,0.3571580768210846
peak_all,66,Channel 6,44.1589,2,1,0.7185964657289589,0.4232943623608439
peak_all,66,Channel 7,4.3456,8,1,1.2849071137392625,0.39748339266508737
peak_all,66,Channel 8,7.8237,9,1,1.4223948349469757,0.4154877133316159
peak_all,66,Channel 9,93.3229,7,1,1.0827525377426452,0.3965100715170971
peak_all,66,Channel 10,-4.2816,0,1,0.6360280236024786,0.3740052375994691
peak_all,66,Channel 11,17.6278,10,1,1.3799576249066996,0.37942073337334714
peak_all,66,Channel 12,7.2074,11,1,1.5684821133175568,0.3679195565294451
peak_all,66,Channel 13,-13.0189,1,2,0.48961144830690567,0.37781393180023726
peak_all,66,Channel 14,74.6491,3,2,0.7632178410018653,0.43727615097038885
peak_all,66,Channel 15,26.3795,5,2,0.8956673093820432,0.435494646344686
peak_12,66,Channel 1,154.6872,1,1,0.48961144830690567,0.3986027007827257
peak_12,66,Channel 2,23.5052,3,1,0.7632178410018653,0.4799378886785713
peak_12,66,Channel 3,25.0448,5,1,0.8956673093820432,0.37584297074013445
peak_12,66,Channel 4,44.6857,6,1,0.9473848511832523,0.44813116776761003
peak_12,66,Channel 5,57.7803,4,1,0.8109998361413554,0.3571580768210846
peak_12,66,Channel 6,27.3616,2,1,0.7185964657289589,0.4232943623608439
peak_12,66,Channel 7,-1.4841,8,1,1.2849071137392625,0.39748339266508737
peak_12,66,Channel 8,-11.8572,9,1,1.4223948349469757,0.4154877133316159
peak_12,66,Channel 9,47.6216,7,1,1.0827525377426452,0.3965100715170971
peak_12,66,Channel 10,-24.4377,0,1,0.6360280236024786,0.3740052375994691
peak_12,66,Channel 11,6.2073,10,1,1.3799576249066996,0.37942073337334714
peak_12,66,Channel 12,-3.9103,11,1,1.5684821133175568,0.3679195565294451
peak_12,66,Channel 13,219.9908,-1,0,,0.6524926009047233
peak_12,66,Channel 14,166.1968,-1,0,,0.6576288147667557
peak_12,66,Channel 15,-11.8525,-1,0,,0.6220205139097431
unphased,67,Channel 1,72.4479,-1,0,,0.6607607331218623
unphased,67,Channel 2,124.8567,-1,0,,0.6575275235681289
unphased,67,Channel 3,-1.1148,-1,0,,0.6241196886205485
unphased,67,Channel 4,-17.7905,-1,0,,0.6737628162120628
unphased,67,Channel 5,92.5822,-1,0,,0.6196571139984429
unphased,67,Channel 6,19.4284,-1,0,,0.6718012605113807
unphased,67,Channel 7,73.216,-1,0,,0.6692375498993198
unphased,67,Channel 8,-8.4912,-1,0,,0.6278806904818387
unphased,67,Channel 9,-0.8017,-1,0,,0.6447942690202528
unphased,67,Channel 10,53.6245,-1,0,,0.6262207461212997
unphased,67,Channel 11,53.3781,-1,0,,0.6868748775345519
unphased,67,Channel 12,11.6252,-1,0,,0.6512683990965416
unphased,67,Channel 13,-287.5204,-1,0,,0.6338189466246348
unphased,67,Channel 14,127.7943,-1,0,,0.6629422312076988
unphased,67,Channel 15,2.2534,-1,0,,0.6393331539814389
peak_all,67,Channel 1,281.8839,7,2,1.081509395390674,0.3934004867694071
peak_all,67,Channel 2,-4.8135,2,2,0.2799205453990762,0.3603332573249974
peak_all,67,Channel 3,20.6478,11,2,2.258059634600572,0.49698223208494474
peak_all,67,Channel 4,-4.4903,5,1,0.6584240604535321,0.40305636924105015
peak_all,67,Channel 5,21.0128,0,1,0.7725191631368342,0.3529915850624552
peak_all,67,Channel 6,48.5858,9,1,1.518125124440187,0.43660518496335005
peak_all,67,Channel 7,16.8488,8,1,1.4329513596994907,0.41096007707498494
peak_all,67,Channel 8,30.5263,10,1,1.8047550204432847,0.4440550361836991
peak_all,67,Channel 9,104.6215,4,1,0.5714733482352093,0.3670715226955509
peak_all,67,Channel 10,31.1411,1,1,0.32417952057470417,0.3888544147053422
peak_all,67,Channel 11,36.7555,6,1,0.8790568910722797,0.46340964751265573
peak_all,67,Channel 12,47.0741,3,1,0.4190259365541545,0.4144532113371311
peak_all,67,Channel 13,-206.0581,7,2,1.081509395390674,0.3899804741477089
peak_all,67,Channel 14,31.1778,2,2,0.2799205453990762,0.3140962737175413
peak_all,67,Channel 15,-1.1673,11,2,2.258059634600572,0.47952854547851875
peak_12,67,Channel 1,65.1745,7,1,1.081509395390674,0.3934004867694071
peak_12,67,Channel 2,6.2618,2,1,0.2799205453990762,0.3603332573249974
peak_12,67,Channel 3,13.1442,11,1,2.258059634600572,0.49698223208494474
peak_12,67,Channel 4,-18.5418,5,1,0.6584240604535321,0.40305636924105015
peak_12,67,Channel 5,-43.5948,0,1,0.7725191631368342,0.3529915850624552
peak_12,67,Channel 6,27.6631,9,1,1.518125124440187,0.43660518496335005
peak_12,67,Channel 7,7.2988,8,1,1.4329513596994907,0.41096007707498494
peak_12,67,Channel 8,16.2781,10,1,1.8047550204432847,0.4440550361836991
peak_12,67,Channel 9,55.8841,4,1,0.5714733482352093,0.3670715226955509
peak_12,67,Channel 10,27.1926,1,1,0.32417952057470417,0.3888544147053422
peak_12,67,Channel 11,24.646,6,1,0.8790568910722797,0.46340964751265573
peak_12,67,Channel 12,28.6731,3,1,0.4190259365541545,0.4144532113371311
peak_12,67,Channel 13,-99.3501,-1,0,,0.6338189466246348
peak_12,67,Channel 14,210.2813,-1,0,,0.6629422312076988
peak_12,67,Channel 15,38.0038,-1,0,,0.6393331539814389
unphased,68,Channel 1,-8.2178,-1,0,,0.6427557063134809
unphased,68,Channel 2,-24.2334,-1,0,,0.6567919764944931
unphased,68,Channel 3,2.6024,-1,0,,0.6357554853668633
unphased,68,Channel 4,158.1538,-1,0,,0.7092046461769255
unphased,68,Channel 5,-213.7917,-1,0,,0.5978312056614699
unphased,68,Channel 6,-3.2489,-1,0,,0.6556816389860974
unphased,68,Channel 7,18.0377,-1,0,,0.6665562156470711
unphased,68,Channel 8,-49.9907,-1,0,,0.6389594175302177
unphased,68,Channel 9,285.0888,-1,0,,0.6567357210671616
unphased,68,Channel 10,-25.2954,-1,0,,0.6155819845368101
unphased,68,Channel 11,86.9282,-1,0,,0.6926384512850686
unphased,68,Channel 12,8.6162,-1,0,,0.6406877616899214
unphased,68,Channel 13,290.2384,-1,0,,0.6635993255567817
unphased,68,Channel 14,12.6536,-1,0,,0.648605393620637
unphased,68,Channel 15,-6.9048,-1,0,,0.6286150700670006
peak_all,68,Channel 1,29.4997,6,2,0.7833895950283145,0.4420679474317392
peak_all,68,Channel 2,24.2881,5,2,0.7689328035925214,0.4829032933590197
peak_all,68,Channel 3,15.4823,11,2,1.7385133410520632,0.4282983952257379
peak_all,68,Channel 4,-8.2216,8,1,1.0590189499383311,0.3955052757571685
peak_all,68,Channel 5,1.8317,7,1,0.9433106258142835,0.2900640936497321
peak_all,68,Channel 6,96.6292,4,1,1.2667785392042594,0.5508327029922271
peak_all,68,Channel 7,54.257,2,1,0.705495356066095,0.47249970244494527
peak_all,68,Channel 8,70.3698,1,1,0.8011444516802003,0.5036298545365573
peak_all,68,Channel 9,77.6981,0,1,0.6562726215464698,0.34585313231516507
peak_all,68,Channel 10,3.8978,10,1,1.1912965611475648,0.32033015511248536
peak_all,68,Channel 11,52.8668,3,1,0.9510929921262663,0.5316748085793812
peak_all,68,Channel 12,1.7075,9,1,1.1347541628036308,0.3268847575189684
peak_all,68,Channel 13,164.7592,6,2,0.7833895950283145,0.4462348809083492
peak_all,68,Channel 14,22.2519,5,2,0.7689328035925214,0.41878376847022225
peak_all,68,Channel 15,-10.7346,11,2,1.7385133410520632,0.3990271636577938
peak_12,68,Channel 1,136.0506,6,1,0.7833895950283145,0.4420679474317392
peak_12,68,Channel 2,30.3936,5,1,0.7689328035925214,0.4829032933590197
peak_12,68,Channel 3,-1.9326,11,1,1.7385133410520632,0.4282983952257379
peak_12,68,Channel 4,-18.1187,8,1,1.0590189499383311,0.3955052757571685
peak_12,68,Channel 5,-11.0431,7,1,0.9433106258142835,0.2900640936497321
peak_12,68,Channel 6,77.825,4,1,1.2667785392042594,0.5508327029922271
peak_12,68,Channel 7,47.0061,2,1,0.705495356066095,0.47249970244494527
peak_12,68,Channel 8,49.6358,1,1,0.8011444516802003,0.5036298545365573
peak_12,68,Channel 9,31.621,0,1,0.6562726215464698,0.34585313231516507
peak_12,68,Channel 10,-11.9111,10,1,1.1912965611475648,0.32033015511248536
peak_12,68,Channel 11,43.7357,3,1,0.9510929921262663,0.5316748085793812
peak_12,68,Channel 12,-16.6385,9,1,1.1347541628036308,0.3268847575189684
peak_12,68,Channel 13,347.9206,-1,0,,0.6635993255567817
peak_12,68,Channel 14,32.6361,-1,0,,0.648605393620637
peak_12,68,Channel 15,-1.354,-1,0,,0.6286150700670006
unphased,69,Channel 1,-158.956,-1,0,,0.6287347297782416
unphased,69,Channel 2,50.9554,-1,0,,0.6545969440083809
unphased,69,Channel 3,5.2598,-1,0,,0.6499199807243382
unphased,69,Channel 4,-15.4095,-1,0,,0.6905716425209235
unphased,69,Channel 5,79.9241,-1,0,,0.6175153293862656
unphased,69,Channel 6,-94.8121,-1,0,,0.6331275676005444
unphased,69,Channel 7,-20.4113,-1,0,,0.670472265495762
unphased,69,Channel 8,-10.6624,-1,0,,0.677491235518344
unphased,69,Channel 9,391.139,-1,0,,0.6830474119538748
unphased,69,Channel 10,-24.5525,-1,0,,0.6047461066706235
unphased,69,Channel 11,40.3989,-1,0,,0.6593497040156581
unphased,69,Channel 12,-16.1457,-1,0,,0.6431550325377221
unphased,69,Channel 13,466.0824,-1,0,,0.6786278698093692
unphased,69,Channel 14,162.9253,-1,0,,0.6455211888448752
unphased,69,Channel 15,-46.4586,-1,0,,0.6131229911350793
peak_all,69,Channel 1,-101.5761,6,2,1.1345279814855276,0.47425869855121405
peak_all,69,Channel 2,16.1213,5,2,1.2167816412068844,0.5318918714608428
peak_all,69,Channel 3,33.536,3,2,0.9135703774987168,0.47880689142680355
peak_all,69,Channel 4,78.9448,4,1,1.213006401240477,0.5165749646810393
peak_all,69,Channel 5,-95.6342,11,1,0.8277134821915838,0.2709679583454633
peak_all,69,Channel 6,-42.8045,8,1,1.11416638691583,0.3905683482833057
peak_all,69,Channel 7,-19.808,10,1,0.5772600542324278,0.3134901881530703
peak_all,69,Channel 8,84.6497,1,1,0.762527593965182,0.5395932531488413
peak_all,69,Channel 9,142.0773,7,1,1.2706733137331674,0.43513174589414616
peak_all,69,Channel 10,87.4776,2,1,0.8391928800585505,0.40022624590449984
peak_all,69,Channel 11,3.9547,9,1,1.0420193637498971,0.4070241037502343
peak_all,69,Channel 12,26.529,0,1,1.088560523721756,0.41974845502856534
peak_all,69,Channel 13,388.5534,6,2,1.1345279814855276,0.4992659888329053
peak_all,69,Channel 14,82.7025,5,2,1.2167816412068844,0.46745873322566434
peak_all,69,Channel 15,2.7303,3,2,0.9135703774987168,0.4298691123322574
peak_12,69,Channel 1,187.1,6,1,1.1345279814855276,0.47425869855121405
peak_12,69,Channel 2,64.7945,5,1,1.2167816412068844,0.5318918714608428
peak_12,69,Channel 3,25.1239,3,1,0.9135703774987168,0.47880689142680355
peak_12,69,Channel 4,49.2743,4,1,1.213006401240477,0.5165749646810393
peak_12,69,Channel 5,-151.6958,11,1,0.8277134821915838,0.2709679583454633
peak_12,69,Channel 6,-52.1373,8,1,1.11416638691583,0.3905683482833057
peak_12,69,Channel 7,-41.4129,10,1,0.5772600542324278,0.3134901881530703
peak_12,69,Channel 8,50.4439,1,1,0.762527593965182,0.5395932531488413
peak_12,69,Channel 9,92.4726,7,1,1.2706733137331674,0.43513174589414616
peak_12,69,Channel 10,64.6744,2,1,0.8391928800585505,0.40022624590449984
peak_12,69,Channel 11,-18.6893,9,1,1.0420193637498971,0.4070241037502343
peak_12,69,Channel 12,1.432,0,1,1.088560523721756,0.41974845502856534
peak_12,69,Channel 13,593.0499,-1,0,,0.6786278698093692
peak_12,69,Channel 14,135.6059,-1,0,,0.6455211888448752
peak_12,69,Channel 15,-55.5797,-1,0,,0.6131229911350793
unphased,70,Channel 1,-73.8063,-1,0,,0.6491091116879325
unphased,70,Channel 2,4.9895,-1,0,,0.6582232301397927
unphased,70,Channel 3,-5.2502,-1,0,,0.618688459675505
unphased,70,Channel 4,98.2914,-1,0,,0.6835348926697421
unphased,70,Channel 5,2.6112,-1,0,,0.6148074938013254
unphased,70,Channel 6,-40.2949,-1,0,,0.6409840818310671
unphased,70,Channel 7,-12.4697,-1,0,,0.6768280090747011
unphased,70,Channel 8,-76.4844,-1,0,,0.6402474860944086
unphased,70,Channel 9,262.7749,-1,0,,0.6467236371057637
unphased,70,Channel 10,95.8218,-1,0,,0.6354613461177242
unphased,70,Channel 11,63.4505,-1,0,,0.6847428872515565
unphased,70,Channel 12,-18.3853,-1,0,,0.6423580148675763
unphased,70,Channel 13,43.0939,-1,0,,0.6587008594619844
unphased,70,Channel 14,56.5335,-1,0,,0.6602500072290753
unphased,70,Channel 15,54.0451,-1,0,,0.6393404829918495
peak_all,70,Channel 1,9.4849,10,2,1.4602309369800077,0.3935159943892868
peak_all,70,Channel 2,33.67,2,2,0.5670187074169821,0.4035405793839886
peak_all,70,Channel 3,-22.1986,9,2,1.5642127675314437,0.5001499500458223
peak_all,70,Channel 4,35.4791,5,1,0.8254800548194833,0.4327334836347815
peak_all,70,Channel 5,97.2252,7,1,1.1330899678551174,0.3253555478755677
peak_all,70,Channel 6,-9.4393,11,1,1.6777329612691163,0.41591080221264515
peak_all,70,Channel 7,31.5316,3,1,0.6578168237988823,0.4675403864991811
peak_all,70,Channel 8,57.3633,6,1,0.8865235823390408,0.40760403474384127
peak_all,70,Channel 9,10.0361,8,1,1.4374878309221264,0.4025420708842812
peak_all,70,Channel 10,62.3149,1,1,0.4179678684161166,0.4051991256448199
peak_all,70,Channel 11,7.4598,0,1,0.5672912349142261,0.4203192278873288
peak_all,70,Channel 12,4.2174,4,1,0.8051472637374577,0.35245297267297315
peak_all,70,Channel 13,151.0038,10,2,1.4602309369800077,0.4063934239006403
peak_all,70,Channel 14,-6.9145,2,2,0.5670187074169821,0.3565105276661373
peak_all,70,Channel 15,19.5387,9,2,1.5642127675314437,0.44252733470054695
peak_12,70,Channel 1,72.4536,10,1,1.4602309369800077,0.3935159943892868
peak_12,70,Channel 2,7.2113,2,1,0.5670187074169821,0.4035405793839886
peak_12,70,Channel 3,-19.3204,9,1,1.5642127675314437,0.5001499500458223
peak_12,70,Channel 4,9.531,5,1,0.8254800548194833,0.4327334836347815
peak_12,70,Channel 5,53.0547,7,1,1.1330899678551174,0.3253555478755677
peak_12,70,Channel 6,-28.7064,11,1,1.6777329612691163,0.41591080221264515
peak_12,70,Channel 7,8.7739,3,1,0.6578168237988823,0.4675403864991811
peak_12,70,Channel 8,34.0394,6,1,0.8865235823390408,0.40760403474384127
peak_12,70,Channel 9,-45.2952,8,1,1.4374878309221264,0.4025420708842812
peak_12,70,Channel 10,16.4783,1,1,0.4179678684161166,0.4051991256448199
peak_12,70,Channel 11,-17.9843,0,1,0.5672912349142261,0.4203192278873288
peak_12,70,Channel 12,-18.1098,4,1,0.8051472637374577,0.35245297267297315
peak_12,70,Channel 13,349.8434,-1,0,,0.6587008594619844
peak_12,70,Channel 14,78.9731,-1,0,,0.6602500072290753
peak_12,70,Channel 15,82.8084,-1,0,,0.6393404829918495
unphased,71,Channel 1,-177.2008,-1,0,,0.6196226231430182
unphased,71,Channel 2,109.449,-1,0,,0.6714027022417766
unphased,71,Channel 3,2.9861,-1,0,,0.6187916340927813
unphased,71,Channel 4,76.069,-1,0,,0.7014189101462324
unphased,71,Channel 5,-370.3784,-1,0,,0.5630102696419838
unphased,71,Channel 6,-15.5931,-1,0,,0.6426523111592602
unphased,71,Channel 7,-15.0531,-1,0,,0.6675681202137963
unphased,71,Channel 8,48.5207,-1,0,,0.6575052364573366
unphased,71,Channel 9,4.8447,-1,0,,0.658567109905109
unphased,71,Channel 10,23.0518,-1,0,,0.6701437711289786
unphased,71,Channel 11,69.1896,-1,0,,0.650382413639775
unphased,71,Channel 12,-44.2598,-1,0,,0.6178429179275992
unphased,71,Channel 13,519.3217,-1,0,,0.6958688568330148
unphased,71,Channel 14,166.6691,-1,0,,0.6590679435992043
unphased,71,Channel 15,1.3037,-1,0,,0.6561551798701367
peak_all,71,Channel 1,5.6493,7,2,0.9433879393248674,0.3613957100057168
peak_all,71,Channel 2,-61.9398,10,2,1.3138890112051584,0.38671380982067577
peak_all,71,Channel 3,17.5985,1,2,0.35985236795491093,0.5205716156962196
peak_all,71,Channel 4,52.8462,9,1,1.7151039941705268,0.4536377878714654
peak_all,71,Channel 5,129.668,5,1,0.7292080028067971,0.38110855418575607
peak_all,71,Channel 6,40.8761,6,1,0.837938756642641,0.4630341090122823
peak_all,71,Channel 7,-12.9506,0,1,0.25755308160034124,0.32519433437093903
peak_all,71,Channel 8,7.5235,8,1,1.6391669183039945,0.39959502891646936
peak_all,71,Channel 9,235.8827,3,1,1.5227608198848228,0.5496139274086065
peak_all,71,Channel 10,65.7137,4,1,0.7517418129288509,0.40125359785188947
peak_all,71,Channel 11,62.6379,2,1,0.7497052108739365,0.3835527890707913
peak_all,71,Channel 12,-32.2773,11,1,1.1796920843031515,0.29671495282847987
peak_all,71,Channel 13,104.5833,7,2,0.9433879393248674,0.4163425372096945
peak_all,71,Channel 14,71.8552,10,2,1.3138890112051584,0.35778210284062595
peak_all,71,Channel 15,27.9959,1,2,0.35985236795491093,0.38494648258088826
peak_12,71,Channel 1,19.7587,7,1,0.9433879393248674,0.3613957100057168
peak_12,71,Channel 2,-36.187,10,1,1.3138890112051584,0.38671380982067577
peak_12,71,Channel 3,10.1822,1,1,0.35985236795491093,0.5205716156962196
peak_12,71,Channel 4,12.0799,9,1,1.7151039941705268,0.4536377878714654
peak_12,71,Channel 5,30.8275,5,1,0.7292080028067971,0.38110855418575607
peak_12,71,Channel 6,4.1245,6,1,0.837938756642641,0.4630341090122823
peak_12,71,Channel 7,-42.5425,0,1,0.25755308160034124,0.32519433437093903
peak_12,71,Channel 8,-12.0914,8,1,1.6391669183039945,0.39959502891646936
peak_12,71,Channel 9,138.5956,3,1,1.5227608198848228,0.5496139274086065
peak_12,71,Channel 10,26.0655,4,1,0.7517418129288509,0.40125359785188947
peak_12,71,Channel 11,44.486,2,1,0.7497052108739365,0.3835527890707913
peak_12,71,Channel 12,-58.6873,11,1,1.1796920843031515,0.29671495282847987
peak_12,71,Channel 13,385.3893,-1,0,,0.6958688568330148
peak_12,71,Channel 14,222.5421,-1,0,,0.6590679435992043
peak_12,71,Channel 15,63.6443,-1,0,,0.6561551798701367
unphased,72,Channel 1,-324.296,-1,0,,0.6029724859058382
unphased,72,Channel 2,52.4897,-1,0,,0.665331568221672
unphased,72,Channel 3,31.0366,-1,0,,0.6387082653429128
unphased,72,Channel 4,47.8806,-1,0,,0.676187133683017
unphased,72,Channel 5,82.5231,-1,0,,0.6175739955216873
unphased,72,Channel 6,-113.1075,-1,0,,0.6301618124020945
unphased,72,Channel 7,68.774,-1,0,,0.6764098174722342
unphased,72,Channel 8,53.4532,-1,0,,0.6798316476957694
unphased,72,Channel 9,189.0207,-1,0,,0.6606842938063127
unphased,72,Channel 10,12.4482,-1,0,,0.6734680378903035
unphased,72,Channel 11,64.6264,-1,0,,0.6799862080507051
unphased,72,Channel 12,-52.7799,-1,0,,0.6229887125524783
unphased,72,Channel 13,536.1491,-1,0,,0.6930222068211382
unphased,72,Channel 14,58.5986,-1,0,,0.6411475758821045
unphased,72,Channel 15,-67.1134,-1,0,,0.5915262387517383
peak_all,72,Channel 1,-301.2028,8,2,1.4615059113638431,0.3782146380773096
peak_all,72,Channel 2,22.6998,6,2,1.5672973263426926,0.4851390588831559
peak_all,72,Channel 3,57.3125,9,2,2.019113949565453,0.5345128427828358
peak_all,72,Channel 4,-22.9409,11,1,1.1047311413830214,0.3345310815417033
peak_all,72,Channel 5,144.5721,1,1,-0.05058671908110761,0.30872601749499035
peak_all,72,Channel 6,-58.7163,0,1,-0.3753851721318182,0.28543489106313974
peak_all,72,Channel 7,21.4289,10,1,1.7199544409296228,0.4375875144137089
peak_all,72,Channel 8,73.1313,3,1,0.6050016291412927,0.4155094610548171
peak_all,72,Channel 9,197.049,4,1,1.2224656024952107,0.4741599988798698
peak_all,72,Channel 10,106.5674,5,1,1.2932138955548322,0.5191420830218934
peak_all,72,Channel 11,30.6959,7,1,1.3566926131971546,0.4249149226776883
peak_all,72,Channel 12,22.8043,2,1,0.0759953812398019,0.28804439947032856
peak_all,72,Channel 13,295.4583,8,2,1.4615059113638431,0.42159219926144953
peak_all,72,Channel 14,101.1642,6,2,1.5672973263426926,0.4889242793524651
peak_all,72,Channel 15,-15.0518,9,2,2.019113949565453,0.43747082577449203
peak_12,72,Channel 1,-82.9677,8,1,1.4615059113638431,0.3782146380773096
peak_12,72,Channel 2,86.0362,6,1,1.5672973263426926,0.4851390588831559
peak_12,72,Channel 3,25.4549,9,1,2.019113949565453,0.5345128427828358
peak_12,72,Channel 4,-40.0355,11,1,1.1047311413830214,0.3345310815417033
peak_12,72,Channel 5,48.7882,1,1,-0.05058671908110761,0.30872601749499035
peak_12,72,Channel 6,-75.4261,0,1,-0.3753851721318182,0.28543489106313974
peak_12,72,Channel 7,5.0366,10,1,1.7199544409296228,0.4375875144137089
peak_12,72,Channel 8,58.2464,3,1,0.6050016291412927,0.4155094610548171
peak_12,72,Channel 9,119.7774,4,1,1.2224656024952107,0.4741599988798698
peak_12,72,Channel 10,97.6607,5,1,1.2932138955548322,0.5191420830218934
peak_12,72,Channel 11,24.9656,7,1,1.3566926131971546,0.4249149226776883
peak_12,72,Channel 12,10.2772,2,1,0.0759953812398019,0.28804439947032856
peak_12,72,Channel 13,547.8132,-1,0,,0.6930222068211382
peak_12,72,Channel 14,78.0679,-1,0,,0.6411475758821045
peak_12,72,Channel 15,-40.0571,-1,0,,0.5915262387517383
unphased,73,Channel 1,-56.8359,-1,0,,0.6465908977241817
unphased,73,Channel 2,-52.9771,-1,0,,0.6586534526234339
unphased,73,Channel 3,-12.3493,-1,0,,0.6109487568750119
unphased,73,Channel 4,78.5475,-1,0,,0.6756235584420743
unphased,73,Channel 5,7.569,-1,0,,0.6242185267998255
unphased,73,Channel 6,15.724,-1,0,,0.6517154546268089
unphased,73,Channel 7,93.7942,-1,0,,0.6773767115305167
unphased,73,Channel 8,-68.0446,-1,0,,0.6419904882883682
unphased,73,Channel 9,71.8131,-1,0,,0.6587510844449884
unphased,73,Channel 10,82.253,-1,0,,0.642779191530941
unphased,73,Channel 11,43.1181,-1,0,,0.6812644376500856
unphased,73,Channel 12,82.5945,-1,0,,0.6457531968990263
unphased,73,Channel 13,-116.5973,-1,0,,0.6531932087297603
unphased,73,Channel 14,97.7712,-1,0,,0.658096944817889
unphased,73,Channel 15,34.0549,-1,0,,0.6230440890170865
peak_all,73,Channel 1,159.5993,9,2,1.655943304280965,0.4284788374563422
peak_all,73,Channel 2,-64.618,7,2,1.2827073390385553,0.42477197624976104
peak_all,73,Channel 3,-2.1916,3,2,0.5120624078701911,0.3831791497988883
peak_all,73,Channel 4,-37.0973,0,1,0.43287741948347824,0.3533767558711229
peak_all,73,Channel 5,81.6043,11,1,1.6904637855588245,0.37999276829179207
peak_all,73,Channel 6,74.6241,5,1,0.8054917661394418,0.4565128585574969
peak_all,73,Channel 7,45.9086,4,1,0.7307218245109963,0.37335259247233266
peak_all,73,Channel 8,17.1673,8,1,1.6337113997706483,0.4088166201987559
peak_all,73,Channel 9,46.4987,2,1,0.4067864962956488,0.39940456665002505
peak_all,73,Channel 10,12.4863,10,1,1.5778252421797796,0.3962047351902861
peak_all,73,Channel 11,38.4247,1,1,0.2481917302938048,0.41514279895480294
peak_all,73,Channel 12,45.1445,6,1,1.0232172845776681,0.4343568490382111
peak_all,73,Channel 13,-81.712,9,2,1.655943304280965,0.44076474044875663
peak_all,73,Channel 14,102.4661,7,2,1.2827073390385553,0.4173432897344168
peak_all,73,Channel 15,37.7383,3,2,0.5120624078701911,0.3685039299256566
peak_12,73,Channel 1,13.8307,9,1,1.655943304280965,0.4284788374563422
peak_12,73,Channel 2,5.5272,7,1,1.2827073390385553,0.42477197624976104
peak_12,73,Channel 3,12.9814,3,1,0.5120624078701911,0.3831791497988883
peak_12,73,Channel 4,-68.9384,0,1,0.43287741948347824,0.3533767558711229
peak_12,73,Channel 5,26.0525,11,1,1.6904637855588245,0.37999276829179207
peak_12,73,Channel 6,41.5972,5,1,0.8054917661394418,0.4565128585574969
peak_12,73,Channel 7,23.639,4,1,0.7307218245109963,0.37335259247233266
peak_12,73,Channel 8,-3.2863,8,1,1.6337113997706483,0.4088166201987559
peak_12,73,Channel 9,-0.2602,2,1,0.4067864962956488,0.39940456665002505
peak_12,73,Channel 10,-9.4655,10,1,1.5778252421797796,0.3962047351902861
peak_12,73,Channel 11,20.2413,1,1,0.2481917302938048,0.41514279895480294
peak_12,73,Channel 12,18.1672,6,1,1.0232172845776681,0.4343568490382111
peak_12,73,Channel 13,110.0361,-1,0,,0.6531932087297603
peak_12,73,Channel 14,181.2693,-1,0,,0.658096944817889
peak_12,73,Channel 15,85.3026,-1,0,,0.6230440890170865
unphased,74,Channel 1,129.1833,-1,0,,0.6622716482784301
unphased,74,Channel 2,-45.1474,-1,0,,0.6446844167325589
unphased,74,Channel 3,13.3177,-1,0,,0.6358033685204574
unphased,74,Channel 4,88.4062,-1,0,,0.6590967911982119
unphased,74,Channel 5,356.2294,-1,0,,0.6277162279440037
unphased,74,Channel 6,-58.9244,-1,0,,0.6341849634893691
unphased,74,Channel 7,44.1827,-1,0,,0.663079226606557
unphased,74,Channel 8,-13.1225,-1,0,,0.659569328532304
unphased,74,Channel 9,197.5772,-1,0,,0.6523484255354346
unphased,74,Channel 10,-105.5831,-1,0,,0.608003790300002
unphased,74,Channel 11,14.072,-1,0,,0.6797208644113288
unphased,74,Channel 12,-28.6056,-1,0,,0.6596877226717065
unphased,74,Channel 13,-135.5589,-1,0,,0.6472995631782722
unphased,74,Channel 14,110.7667,-1,0,,0.6588722129651532
unphased,74,Channel 15,72.1902,-1,0,,0.6576614496362122
peak_all,74,Channel 1,176.8832,7,2,0.887515591628167,0.37066248040008465
peak_all,74,Channel 2,-22.3829,1,2,0.8428653604652177,0.47556183280614506
peak_all,74,Channel 3,17.2641,6,2,0.95910920864808,0.46066619703888045
peak_all,74,Channel 4,39.8135,3,1,0.6388210471386013,0.3734253316171929
peak_all,74,Channel 5,6.8205,9,1,1.2238656374232633,0.37319608951586053
peak_all,74,Channel 6,58.0735,0,1,1.3878238679323212,0.4686310690330845
peak_all,74,Channel 7,13.0328,8,1,1.0317043861107538,0.3613670406220795
peak_all,74,Channel 8,9.9266,5,1,0.7185927159784902,0.4141527921997548
peak_all,74,Channel 9,63.3943,4,1,0.42871261930737575,0.36123803858518483
peak_all,74,Channel 10,42.8622,2,1,0.8908316448178107,0.3995553793814761
peak_all,74,Channel 11,-2.1117,11,1,1.7028202843791163,0.4284345889978381
peak_all,74,Channel 12,4.9309,10,1,1.2873376361708029,0.3749975842156845
peak_all,74,Channel 13,-77.0412,7,2,0.887515591628167,0.3752904607499822
peak_all,74,Channel 14,122.6992,1,2,0.8428653604652177,0.5022291192633438
peak_all,74,Channel 15,43.0317,6,2,0.95910920864808,0.42795774499559974
peak_12,74,Channel 1,60.826,7,1,0.887515591628167,0.37066248040008465
peak_12,74,Channel 2,56.2465,1,1,0.8428653604652177,0.47556183280614506
peak_12,74,Channel 3,39.6192,6,1,0.95910920864808,0.46066619703888045
peak_12,74,Channel 4,20.3239,3,1,0.6388210471386013,0.3734253316171929
peak_12,74,Channel 5,-46.6987,9,1,1.2238656374232633,0.37319608951586053
peak_12,74,Channel 6,34.1453,0,1,1.3878238679323212,0.4686310690330845
peak_12,74,Channel 7,1.1307,8,1,1.0317043861107538,0.3613670406220795
peak_12,74,Channel 8,-3.2394,5,1,0.7185927159784902,0.4141527921997548
peak_12,74,Channel 9,-13.8409,4,1,0.42871261930737575,0.36123803858518483
peak_12,74,Channel 10,26.3624,2,1,0.8908316448178107,0.3995553793814761
peak_12,74,Channel 11,-11.5308,11,1,1.7028202843791163,0.4284345889978381
peak_12,74,Channel 12,-10.4577,10,1,1.2873376361708029,0.3749975842156845
peak_12,74,Channel 13,109.0118,-1,0,,0.6472995631782722
peak_12,74,Channel 14,153.2097,-1,0,,0.6588722129651532
peak_12,74,Channel 15,53.3292,-1,0,,0.6576614496362122
unphased,75,Channel 1,58.7695,-1,0,,0.6301034289930936
unphased,75,Channel 2,51.298,-1,0,,0.6499759535774978
unphased,75,Channel 3,-11.1261,-1,0,,0.6279391474096315
unphased,75,Channel 4,133.5325,-1,0,,0.7051736734220903
unphased,75,Channel 5,-321.8474,-1,0,,0.5863786287052293
unphased,75,Channel 6,-73.2013,-1,0,,0.6593769153598271
unphased,75,Channel 7,23.8919,-1,0,,0.675448797901154
unphased,75,Channel 8,-5.1943,-1,0,,0.6568442610341753
unphased,75,Channel 9,79.2977,-1,0,,0.6390507660646065
unphased,75,Channel 10,49.9024,-1,0,,0.6442998180584328
unphased,75,Channel 11,127.965,-1,0,,0.7070821076712425
unphased,75,Channel 12,-16.8091,-1,0,,0.629118147674989
unphased,75,Channel 13,41.5162,-1,0,,0.6493366051224735
unphased,75,Channel 14,74.7121,-1,0,,0.6616422803742209
unphased,75,Channel 15,29.0621,-1,0,,0.628229468631335
peak_all,75,Channel 1,362.8908,4,2,0.7897173155611732,0.3917717599631192
peak_all,75,Channel 2,1.4831,5,2,1.087243394375351,0.5129010211488723
peak_all,75,Channel 3,13.8992,9,2,1.338060943968255,0.4693824216082647
peak_all,75,Channel 4,66.0288,2,1,0.691293378189371,0.4437229742659483
peak_all,75,Channel 5,-44.2574,11,1,1.5784308179553659,0.33625965125724044
peak_all,75,Channel 6,-2.5153,7,1,1.1074015326200763,0.3847213614650938
peak_all,75,Channel 7,5.4228,10,1,1.263400135060302,0.39388501809677284
peak_all,75,Channel 8,-47.615,0,1,0.3975702200692163,0.35972915882283724
peak_all,75,Channel 9,225.1446,3,1,0.7895472301532712,0.4615195946236601
peak_all,75,Channel 10,76.1352,1,1,0.5284830944351684,0.4428457373657461
peak_all,75,Channel 11,49.4453,8,1,1.4397874343364219,0.4634918975553308
peak_all,75,Channel 12,75.8304,6,1,0.9890645032760305,0.4236803925798247
peak_all,75,Channel 13,-274.9357,4,2,0.7897173155611732,0.3732185666773841
peak_all,75,Channel 14,63.3844,5,2,1.087243394375351,0.4635250945212009
peak_all,75,Channel 15,-5.3448,9,2,1.338060943968255,0.3974147189042103
peak_12,75,Channel 1,58.9164,4,1,0.7897173155611732,0.3917717599631192
peak_12,75,Channel 2,46.7031,5,1,1.087243394375351,0.5129010211488723
peak_12,75,Channel 3,-1.4617,9,1,1.338060943968255,0.4693824216082647
peak_12,75,Channel 4,58.5634,2,1,0.691293378189371,0.4437229742659483
peak_12,75,Channel 5,-75.3493,11,1,1.5784308179553659,0.33625965125724044
peak_12,75,Channel 6,-12.2083,7,1,1.1074015326200763,0.3847213614650938
peak_12,75,Channel 7,-3.6471,10,1,1.263400135060302,0.39388501809677284
peak_12,75,Channel 8,-56.4341,0,1,0.3975702200692163,0.35972915882283724
peak_12,75,Channel 9,154.905,3,1,0.7895472301532712,0.4615195946236601
peak_12,75,Channel 10,59.2302,1,1,0.5284830944351684,0.4428457373657461
peak_12,75,Channel 11,41.0496,8,1,1.4397874343364219,0.4634918975553308
peak_12,75,Channel 12,55.7516,6,1,0.9890645032760305,0.4236803925798247
peak_12,75,Channel 13,-73.6223,-1,0,,0.6493366051224735
peak_12,75,Channel 14,168.8089,-1,0,,0.6616422803742209
peak_12,75,Channel 15,45.7605,-1,0,,0.628229468631335
unphased,76,Channel 1,-136.8631,-1,0,,0.6305565212129393
unphased,76,Channel 2,-61.4502,-1,0,,0.6482047860014324
unphased,76,Channel 3,-22.9934,-1,0,,0.6138867152959055
unphased,76,Channel 4,165.2449,-1,0,,0.6875075133819811
unphased,76,Channel 5,35.2249,-1,0,,0.6376313026598069
unphased,76,Channel 6,-40.6713,-1,0,,0.6489901048821825
unphased,76,Channel 7,56.5276,-1,0,,0.6664884698049715
unphased,76,Channel 8,-55.5993,-1,0,,0.6281862100395683
unphased,76,Channel 9,-29.0827,-1,0,,0.6374511739340523
unphased,76,Channel 10,45.2693,-1,0,,0.6566634146785282
unphased,76,Channel 11,103.3187,-1,0,,0.7088923211949185
unphased,76,Channel 12,95.4218,-1,0,,0.6546036219516741
unphased,76,Channel 13,-35.1424,-1,0,,0.6420229424075143
unphased,76,Channel 14,96.6291,-1,0,,0.6584456741675635
unphased,76,Channel 15,10.3859,-1,0,,0.630469228386962
peak_all,76,Channel 1,4.8791,1,2,-0.027120412670937115,0.3283204862695858
peak_all,76,Channel 2,-87.2721,0,2,0.10724716970188485,0.31004611451472275
peak_all,76,Channel 3,-29.8552,3,2,0.32845298455497585,0.3653567727572159
peak_all,76,Channel 4,44.1158,10,1,1.9719165594684667,0.5031850697083937
peak_all,76,Channel 5,111.1601,9,1,1.4192281011764543,0.3943012725755725
peak_all,76,Channel 6,36.2886,7,1,1.526270016894949,0.4306334065061235
peak_all,76,Channel 7,32.1047,2,1,0.04405222028835037,0.36233695666677185
peak_all,76,Channel 8,31.5684,6,1,1.22795962928429,0.44135835060472317
peak_all,76,Channel 9,81.3376,4,1,0.5729543075587784,0.36256542259674324
peak_all,76,Channel 10,109.6684,5,1,1.1412405913400965,0.49137185641089026
peak_all,76,Channel 11,18.8566,11,1,2.2640903911043027,0.5072132172570527
peak_all,76,Channel 12,-2.3193,8,1,1.4237084412983882,0.41934353137939223
peak_all,76,Channel 13,21.0083,1,2,-0.027120412670937115,0.3043075725001643
peak_all,76,Channel 14,53.6155,0,2,0.10724716970188485,0.2648788886460007
peak_all,76,Channel 15,38.0183,3,2,0.32845298455497585,0.35347785620876737
peak_12,76,Channel 1,-35.0085,1,1,-0.027120412670937115,0.3283204862695858
peak_12,76,Channel 2,-73.5755,0,1,0.10724716970188485,0.31004611451472275
peak_12,76,Channel 3,-13.9354,3,1,0.32845298455497585,0.3653567727572159
peak_12,76,Channel 4,26.8691,10,1,1.9719165594684667,0.5031850697083937
peak_12,76,Channel 5,54.5066,9,1,1.4192281011764543,0.3943012725755725
peak_12,76,Channel 6,17.1857,7,1,1.526270016894949,0.4306334065061235
peak_12,76,Channel 7,20.6218,2,1,0.04405222028835037,0.36233695666677185
peak_12,76,Channel 8,12.8641,6,1,1.22795962928429,0.44135835060472317
peak_12,76,Channel 9,18.8609,4,1,0.5729543075587784,0.36256542259674324
peak_12,76,Channel 10,86.0354,5,1,1.1412405913400965,0.49137185641089026
peak_12,76,Channel 11,8.219,11,1,2.2640903911043027,0.5072132172570527
peak_12,76,Channel 12,-20.5645,8,1,1.4237084412983882,0.41934353137939223
peak_12,76,Channel 13,143.0875,-1,0,,0.6420229424075143
peak_12,76,Channel 14,140.2298,-1,0,,0.6584456741675635
peak_12,76,Channel 15,67.5937,-1,0,,0.630469228386962
unphased,77,Channel 1,337.3329,-1,0,,0.6537725067432913
unphased,77,Channel 2,-38.0115,-1,0,,0.6587298992737041
unphased,77,Channel 3,-28.9303,-1,0,,0.6111013859949362
unphased,77,Channel 4,158.16,-1,0,,0.6960611952407372
unphased,77,Channel 5,265.8436,-1,0,,0.6110473352502268
unphased,77,Channel 6,-29.1516,-1,0,,0.6477759036714698
unphased,77,Channel 7,34.6008,-1,0,,0.6711009420509589
unphased,77,Channel 8,-46.6121,-1,0,,0.6374909654561013
unphased,77,Channel 9,-84.5073,-1,0,,0.6499124894555762
unphased,77,Channel 10,33.6064,-1,0,,0.6364814375163097
unphased,77,Channel 11,80.1466,-1,0,,0.6903849286393291
unphased,77,Channel 12,-48.4712,-1,0,,0.641621602793488
unphased,77,Channel 13,1.8657,-1,0,,0.6512697480290587
unphased,77,Channel 14,-1.7336,-1,0,,0.6586006398497009
unphased,77,Channel 15,8.473,-1,0,,0.6346490200351131
peak_all,77,Channel 1,219.3027,7,2,1.074290905309496,0.39218225643746796
peak_all,77,Channel 2,-32.5083,6,2,0.8993605247429822,0.413363023561166
peak_all,77,Channel 3,-7.3811,11,2,1.6547355614744732,0.4161656991416715
peak_all,77,Channel 4,38.7948,9,1,1.5848914931545404,0.4522153447255736
peak_all,77,Channel 5,222.3295,5,1,0.7751348160298052,0.4073532485344097
peak_all,77,Channel 6,-36.8072,0,1,0.4800957233945719,0.3557144032399132
peak_all,77,Channel 7,40.281,1,1,0.5306640116744294,0.4834772262475695
peak_all,77,Channel 8,16.7562,10,1,1.5745499583096971,0.4169180801621107
peak_all,77,Channel 9,129.824,2,1,0.6462554490837129,0.4332569669126157
peak_all,77,Channel 10,25.2105,8,1,1.5277151243868876,0.3939281691636007
peak_all,77,Channel 11,41.9182,3,1,0.5751418899253545,0.4751558044352264
peak_all,77,Channel 12,14.1712,4,1,0.6771645425140512,0.3310358824921849
peak_all,77,Channel 13,-129.9466,7,2,1.074290905309496,0.4029255421311821
peak_all,77,Channel 14,51.2959,6,2,0.8993605247429822,0.4298908819407115
peak_all,77,Channel 15,19.6954,11,2,1.6547355614744732,0.4020784295667634
peak_12,77,Channel 1,78.8615,7,1,1.074290905309496,0.39218225643746796
peak_12,77,Channel 2,-6.553,6,1,0.8993605247429822,0.413363023561166
peak_12,77,Channel 3,4.0796,11,1,1.6547355614744732,0.4161656991416715
peak_12,77,Channel 4,27.4008,9,1,1.5848914931545404,0.4522153447255736
peak_12,77,Channel 5,180.4308,5,1,0.7751348160298052,0.4073532485344097
peak_12,77,Channel 6,-58.4606,0,1,0.4800957233945719,0.3557144032399132
peak_12,77,Channel 7,26.0711,1,1,0.5306640116744294,0.4834772262475695
peak_12,77,Channel 8,6.7522,10,1,1.5745499583096971,0.4169180801621107
peak_12,77,Channel 9,101.9593,2,1,0.6462554490837129,0.4332569669126157
peak_12,77,Channel 10,7.3936,8,1,1.5277151243868876,0.3939281691636007
peak_12,77,Channel 11,30.1998,3,1,0.5751418899253545,0.4751558044352264
peak_12,77,Channel 12,-4.5064,4,1,0.6771645425140512,0.3310358824921849
peak_12,77,Channel 13,93.8337,-1,0,,0.6512697480290587
peak_12,77,Channel 14,81.0184,-1,0,,0.6586006398497009
peak_12,77,Channel 15,51.6679,-1,0,,0.6346490200351131
unphased,78,Channel 1,75.503,-1,0,,0.6360339954968705
unphased,78,Channel 2,-56.6936,-1,0,,0.6573056185118659
unphased,78,Channel 3,-4.8455,-1,0,,0.632294539897156
unphased,78,Channel 4,90.704,-1,0,,0.6920140825121608
unphased,78,Channel 5,-30.5813,-1,0,,0.6216641025597776
unphased,78,Channel 6,-49.5862,-1,0,,0.6528630004004878
unphased,78,Channel 7,6.895,-1,0,,0.6698614893161906
unphased,78,Channel 8,-19.8932,-1,0,,0.6420401845915127
unphased,78,Channel 9,307.4028,-1,0,,0.6633828824531904
unphased,78,Channel 10,-122.0449,-1,0,,0.6076645573246434
unphased,78,Channel 11,88.754,-1,0,,0.6785791234224481
unphased,78,Channel 12,0.4229,-1,0,,0.6507348515386171
unphased,78,Channel 13,79.9068,-1,0,,0.6559588824924095
unphased,78,Channel 14,140.7765,-1,0,,0.6626786381016796
unphased,78,Channel 15,36.5559,-1,0,,0.6269240513809917
peak_all,78,Channel 1,196.8279,7,2,1.1959365658765393,0.40304867359080626
peak_all,78,Channel 2,-71.5485,4,2,0.8879219749743936,0.38495432719148026
peak_all,78,Channel 3,7.8036,2,2,0.5448846898603569,0.40071034695381824
peak_all,78,Channel 4,6.5586,8,1,1.3734671433606325,0.42570279994316035
peak_all,78,Channel 5,184.2551,6,1,1.0657616296220822,0.4353243724642544
peak_all,78,Channel 6,-13.4166,10,1,1.191324361269584,0.3623241652234889
peak_all,78,Channel 7,59.4536,3,1,0.776851216541643,0.48502359483010066
peak_all,78,Channel 8,-9.443,0,1,0.9489387754651034,0.41285527461093385
peak_all,78,Channel 9,172.9283,5,1,0.9244140296572715,0.5398481447875748
peak_all,78,Channel 10,55.4689,1,1,0.48530803874840933,0.40684141950990066
peak_all,78,Channel 11,19.6144,9,1,1.2500235569078204,0.4416230200265051
peak_all,78,Channel 12,-11.6507,11,1,1.3551680177161642,0.3371999853172063
peak_all,78,Channel 13,-117.618,7,2,1.1959365658765393,0.4256806482755814
peak_all,78,Channel 14,135.4403,4,2,0.8879219749743936,0.4002898555601251
peak_all,78,Channel 15,46.3453,2,2,0.5448846898603569,0.42017785109417627
peak_12,78,Channel 1,46.3451,7,1,1.1959365658765393,0.40304867359080626
peak_12,78,Channel 2,8.1532,4,1,0.8879219749743936,0.38495432719148026
peak_12,78,Channel 3,31.8686,2,1,0.5448846898603569,0.40071034695381824
peak_12,78,Channel 4,-11.1981,8,1,1.3734671433606325,0.42570279994316035
peak_12,78,Channel 5,111.9717,6,1,1.0657616296220822,0.4353243724642544
peak_12,78,Channel 6,-38.7563,10,1,1.191324361269584,0.3623241652234889
peak_12,78,Channel 7,39.6046,3,1,0.776851216541643,0.48502359483010066
peak_12,78,Channel 8,-29.5254,0,1,0.9489387754651034,0.41285527461093385
peak_12,78,Channel 9,110.9913,5,1,0.9244140296572715,0.5398481447875748
peak_12,78,Channel 10,32.5229,1,1,0.48530803874840933,0.40684141950990066
peak_12,78,Channel 11,6.2194,9,1,1.2500235569078204,0.4416230200265051
peak_12,78,Channel 12,-25.5399,11,1,1.3551680177161642,0.3371999853172063
peak_12,78,Channel 13,112.1629,-1,0,,0.6559588824924095
peak_12,78,Channel 14,194.0676,-1,0,,0.6626786381016796
peak_12,78,Channel 15,50.9918,-1,0,,0.6269240513809917
unphased,79,Channel 1,-157.2164,-1,0,,0.6064482102418176
unphased,79,Channel 2,-109.808,-1,0,,0.6619475898458493
unphased,79,Channel 3,5.3236,-1,0,,0.6230824247517169
unphased,79,Channel 4,116.7762,-1,0,,0.7080320264412574
unphased,79,Channel 5,49.3471,-1,0,,0.6471327011520523
unphased,79,Channel 6,-116.8643,-1,0,,0.629135610484958
unphased,79,Channel 7,97.4038,-1,0,,0.667383071145786
unphased,79,Channel 8,47.2846,-1,0,,0.6594225634725738
unphased,79,Channel 9,359.4694,-1,0,,0.6701009634394005
unphased,79,Channel 10,-43.5321,-1,0,,0.6141496630750943
unphased,79,Channel 11,70.3039,-1,0,,0.6803939773965922
unphased,79,Channel 12,67.6684,-1,0,,0.6566320989132031
unphased,79,Channel 13,112.507,-1,0,,0.6789379246553984
unphased,79,Channel 14,61.6057,-1,0,,0.6329852888503064
unphased,79,Channel 15,-34.4372,-1,0,,0.6142158861339965
peak_all,79,Channel 1,-117.0087,0,2,0.2023287613014883,0.2789323208342274
peak_all,79,Channel 2,-64.9123,7,2,1.5350383652674238,0.4555490165951655
peak_all,79,Channel 3,18.2013,3,2,0.8634286799427235,0.44998469266596103
peak_all,79,Channel 4,74.9325,5,1,1.1707568836566917,0.4943327407409766
peak_all,79,Channel 5,48.905,9,1,1.3025851170788478,0.38613283825017297
peak_all,79,Channel 6,101.1645,6,1,1.268676549537748,0.49634067157454126
peak_all,79,Channel 7,71.0412,1,1,0.4562494836739356,0.4912069340469296
peak_all,79,Channel 8,48.1112,2,1,0.5481009407795985,0.36819581632136583
peak_all,79,Channel 9,189.6895,4,1,0.9541018556096786,0.452476655503683
peak_all,79,Channel 10,9.6556,8,1,1.595722192105931,0.3787911462377454
peak_all,79,Channel 11,-11.7726,11,1,0.9068935763795102,0.3282143373963483
peak_all,79,Channel 12,-5.6069,10,1,1.1961175946664213,0.3566256212607061
peak_all,79,Channel 13,60.5724,0,2,0.2023287613014883,0.36941659553580775
peak_all,79,Channel 14,123.0811,7,2,1.5350383652674238,0.42988783511341905
peak_all,79,Channel 15,11.1697,3,2,0.8634286799427235,0.41983251283504724
peak_12,79,Channel 1,-78.183,0,1,0.2023287613014883,0.2789323208342274
peak_12,79,Channel 2,40.2549,7,1,1.5350383652674238,0.4555490165951655
peak_12,79,Channel 3,23.8666,3,1,0.8634286799427235,0.44998469266596103
peak_12,79,Channel 4,70.8268,5,1,1.1707568836566917,0.4943327407409766
peak_12,79,Channel 5,9.2917,9,1,1.3025851170788478,0.38613283825017297
peak_12,79,Channel 6,90.6899,6,1,1.268676549537748,0.49634067157454126
peak_12,79,Channel 7,61.2225,1,1,0.4562494836739356,0.4912069340469296
peak_12,79,Channel 8,41.9209,2,1,0.5481009407795985,0.36819581632136583
peak_12,79,Channel 9,137.3049,4,1,0.9541018556096786,0.452476655503683
peak_12,79,Channel 10,0.8643,8,1,1.595722192105931,0.3787911462377454
peak_12,79,Channel 11,-16.9752,11,1,0.9068935763795102,0.3282143373963483
peak_12,79,Channel 12,-13.0775,10,1,1.1961175946664213,0.3566256212607061
peak_12,79,Channel 13,217.626,-1,0,,0.6789379246553984
peak_12,79,Channel 14,75.6574,-1,0,,0.6329852888503064
peak_12,79,Channel 15,-26.4174,-1,0,,0.6142158861339965
unphased,80,Channel 1,88.1816,-1,0,,0.6551668091743427
unphased,80,Channel 2,-27.0538,-1,0,,0.6525144019425348
unphased,80,Channel 3,22.1188,-1,0,,0.638668131614813
unphased,80,Channel 4,51.3893,-1,0,,0.6719345446657035
unphased,80,Channel 5,92.3596,-1,0,,0.6090717760329989
unphased,80,Channel 6,-7.6436,-1,0,,0.6765139240928709
unphased,80,Channel 7,47.6335,-1,0,,0.6826851690437608
unphased,80,Channel 8,-8.9872,-1,0,,0.6458354743127612
unphased,80,Channel 9,150.5612,-1,0,,0.6266921644426741
unphased,80,Channel 10,70.1284,-1,0,,0.6555938242222213
unphased,80,Channel 11,65.1293,-1,0,,0.6806223435657445
unphased,80,Channel 12,25.8517,-1,0,,0.6343083020559547
unphased,80,Channel 13,-246.7205,-1,0,,0.6277224142995886
unphased,80,Channel 14,35.3003,-1,0,,0.6566514703994119
unphased,80,Channel 15,-5.5477,-1,0,,0.6360192501346229
peak_all,80,Channel 1,296.896,10,2,1.4342382228392283,0.3814324124878856
peak_all,80,Channel 2,-62.3455,3,2,0.06469290117258335,0.39002538080146687
peak_all,80,Channel 3,31.7923,5,2,0.9838215614982699,0.39227692959278493
peak_all,80,Channel 4,-10.4702,9,1,1.8214212426258212,0.46088085045262217
peak_all,80,Channel 5,116.8091,7,1,1.4644994704521777,0.36607351736740423
peak_all,80,Channel 6,66.2953,4,1,0.4511037272551051,0.4466667403824171
peak_all,80,Channel 7,44.4855,6,1,1.2798253139206508,0.5350003534732807
peak_all,80,Channel 8,-1.2085,2,1,0.062406361402634544,0.2661586722987234
peak_all,80,Channel 9,155.2234,1,1,-0.0034540907965269242,0.371921437242527
peak_all,80,Channel 10,56.8444,11,1,2.491590993610679,0.4963090279021835
peak_all,80,Channel 11,-38.5555,0,1,0.31640164875099713,0.39032849142175713
peak_all,80,Channel 12,27.7672,8,1,1.6334526472683801,0.4341890301915484
peak_all,80,Channel 13,-273.8245,10,2,1.4342382228392283,0.37560311329067547
peak_all,80,Channel 14,67.3698,3,2,0.06469290117258335,0.3452475092931239
peak_all,80,Channel 15,18.5548,5,2,0.9838215614982699,0.45524285461596675
peak_12,80,Channel 1,39.7861,10,1,1.4342382228392283,0.3814324124878856
peak_12,80,Channel 2,-8.8502,3,1,0.06469290117258335,0.39002538080146687
peak_12,80,Channel 3,43.7805,5,1,0.9838215614982699,0.39227692959278493
peak_12,80,Channel 4,-10.0768,9,1,1.8214212426258212,0.46088085045262217
peak_12,80,Channel 5,102.1105,7,1,1.4644994704521777,0.36607351736740423
peak_12,80,Channel 6,51.7406,4,1,0.4511037272551051,0.4466667403824171
peak_12,80,Channel 7,40.6794,6,1,1.2798253139206508,0.5350003534732807
peak_12,80,Channel 8,-3.9821,2,1,0.062406361402634544,0.2661586722987234
peak_12,80,Channel 9,165.813,1,1,-0.0034540907965269242,0.371921437242527
peak_12,80,Channel 10,56.2459,11,1,2.491590993610679,0.4963090279021835
peak_12,80,Channel 11,-38.5816,0,1,0.31640164875099713,0.39032849142175713
peak_12,80,Channel 12,26.1573,8,1,1.6334526472683801,0.4341890301915484
peak_12,80,Channel 13,-210.3495,-1,0,,0.6277224142995886
peak_12,80,Channel 14,122.8968,-1,0,,0.6566514703994119
peak_12,80,Channel 15,14.1514,-1,0,,0.6360192501346229
unphased,81,Channel 1,-305.7221,-1,0,,0.6332259483626835
unphased,81,Channel 2,35.0142,-1,0,,0.659890781348237
unphased,81,Channel 3,26.6456,-1,0,,0.6235082679685434
unphased,81,Channel 4,137.2788,-1,0,,0.7021478785726865
unphased,81,Channel 5,-148.0778,-1,0,,0.6064789307823526
unphased,81,Channel 6,20.4614,-1,0,,0.6431458838414226
unphased,81,Channel 7,49.5263,-1,0,,0.6624487320747902
unphased,81,Channel 8,-50.6153,-1,0,,0.6510271518353341
unphased,81,Channel 9,254.3637,-1,0,,0.66656885638688
unphased,81,Channel 10,-38.2103,-1,0,,0.6304448452460257
unphased,81,Channel 11,36.8746,-1,0,,0.6822379515901763
unphased,81,Channel 12,48.6874,-1,0,,0.6372010404067996
unphased,81,Channel 13,105.659,-1,0,,0.6658773307270919
unphased,81,Channel 14,97.4238,-1,0,,0.6583825335483366
unphased,81,Channel 15,-1.0893,-1,0,,0.6274138673086405
peak_all,81,Channel 1,-65.8845,9,2,1.3666143833358084,0.37912392786237853
peak_all,81,Channel 2,-41.9591,8,2,1.389400402457007,0.4111421088923222
peak_all,81,Channel 3,38.9557,1,2,0.6642182031244398,0.5452174258400798
peak_all,81,Channel 4,84.6362,2,1,0.8608004120195885,0.46348272130877843
peak_all,81,Channel 5,30.1167,0,1,0.7064662478369146,0.34238059979223573
peak_all,81,Channel 6,102.6934,3,1,0.8790606675529976,0.4764649195768286
peak_all,81,Channel 7,53.1378,6,1,0.8926462645507736,0.47992632253917344
peak_all,81,Channel 8,29.3645,7,1,1.0446738930094108,0.3892553201291158
peak_all,81,Channel 9,12.2677,10,1,1.4668396870142348,0.42588649418795843
peak_all,81,Channel 10,31.4596,5,1,0.7676260445259327,0.4334718536078147
peak_all,81,Channel 11,38.2212,4,1,0.9250579852472929,0.4394802557983725
peak_all,81,Channel 12,-27.3845,11,1,1.0365958093256,0.2900673584142019
peak_all,81,Channel 13,81.0431,9,2,1.3666143833358084,0.4050500730736257
peak_all,81,Channel 14,46.2944,8,2,1.389400402457007,0.4210985398367018
peak_all,81,Channel 15,22.3945,1,2,0.6642182031244398,0.3890590808315789
peak_12,81,Channel 1,-48.3576,9,1,1.3666143833358084,0.37912392786237853
peak_12,81,Channel 2,-19.1359,8,1,1.389400402457007,0.4111421088923222
peak_12,81,Channel 3,47.4525,1,1,0.6642182031244398,0.5452174258400798
peak_12,81,Channel 4,69.9577,2,1,0.8608004120195885,0.46348272130877843
peak_12,81,Channel 5,-28.2215,0,1,0.7064662478369146,0.34238059979223573
peak_12,81,Channel 6,77.4482,3,1,0.8790606675529976,0.4764649195768286
peak_12,81,Channel 7,38.6239,6,1,0.8926462645507736,0.47992632253917344
peak_12,81,Channel 8,14.3947,7,1,1.0446738930094108,0.3892553201291158
peak_12,81,Channel 9,-25.7114,10,1,1.4668396870142348,0.42588649418795843
peak_12,81,Channel 10,8.2346,5,1,0.7676260445259327,0.4334718536078147
peak_12,81,Channel 11,24.0142,4,1,0.9250579852472929,0.4394802557983725
peak_12,81,Channel 12,-38.847,11,1,1.0365958093256,0.2900673584142019
peak_12,81,Channel 13,229.5615,-1,0,,0.6658773307270919
peak_12,81,Channel 14,116.499,-1,0,,0.6583825335483366
peak_12,81,Channel 15,25.7292,-1,0,,0.6274138673086405
unphased,82,Channel 1,113.1941,-1,0,,0.653298979656855
unphased,82,Channel 2,91.9553,-1,0,,0.6587191733266065
unphased,82,Channel 3,8.1765,-1,0,,0.6202966735484738
unphased,82,Channel 4,99.12,-1,0,,0.6832882044086326
unphased,82,Channel 5,-72.095,-1,0,,0.6203279009823248
unphased,82,Channel 6,92.571,-1,0,,0.6636377212912619
unphased,82,Channel 7,15.8847,-1,0,,0.670702988916374
unphased,82,Channel 8,-75.8452,-1,0,,0.6342993530268078
unphased,82,Channel 9,147.2856,-1,0,,0.6620290116221861
unphased,82,Channel 10,49.3454,-1,0,,0.622842046136627
unphased,82,Channel 11,45.7582,-1,0,,0.6865910389739557
unphased,82,Channel 12,-31.7859,-1,0,,0.6462446259578163
unphased,82,Channel 13,-230.9365,-1,0,,0.6513412393793713
unphased,82,Channel 14,8.5965,-1,0,,0.6464927141119369
unphased,82,Channel 15,17.8064,-1,0,,0.6298883286607717
peak_all,82,Channel 1,197.8489,2,2,0.4734800205141596,0.38705675542895857
peak_all,82,Channel 2,48.6252,7,2,1.0725746442924302,0.39010738994074134
peak_all,82,Channel 3,13.2775,5,2,0.7530002291265768,0.3567974597840584
peak_all,82,Channel 4,24.5734,9,1,1.4891970525339928,0.42467779325474153
peak_all,82,Channel 5,28.8885,0,1,0.7832015929632725,0.35911111612714863
peak_all,82,Channel 6,34.465,8,1,1.3575976800539005,0.4313126122801888
peak_all,82,Channel 7,9.0139,4,1,0.6453068936375193,0.36415244200180347
peak_all,82,Channel 8,21.579,10,1,1.7179562135714586,0.427123265034465
peak_all,82,Channel 9,103.4955,1,1,0.5014906876827478,0.4645560836559335
peak_all,82,Channel 10,4.4016,3,1,0.4543189808040815,0.4038225625960627
peak_all,82,Channel 11,13.7411,11,1,1.8692682875825921,0.4439645332928941
peak_all,82,Channel 12,39.9728,6,1,0.8826077172372673,0.418030835567205
peak_all,82,Channel 13,-117.2743,2,2,0.4734800205141596,0.41575196197554476
peak_all,82,Channel 14,-15.993,7,2,1.0725746442924302,0.37497971699693683
peak_all,82,Channel 15,18.6584,5,2,0.7530002291265768,0.42376256255347056
peak_12,82,Channel 1,74.8928,2,1,0.4734800205141596,0.38705675542895857
peak_12,82,Channel 2,26.5616,7,1,1.0725746442924302,0.39010738994074134
peak_12,82,Channel 3,20.5148,5,1,0.7530002291265768,0.3567974597840584
peak_12,82,Channel 4,19.2919,9,1,1.4891970525339928,0.42467779325474153
peak_12,82,Channel 5,-12.3902,0,1,0.7832015929632725,0.35911111612714863
peak_12,82,Channel 6,24.8461,8,1,1.3575976800539005,0.4313126122801888
peak_12,82,Channel 7,3.9543,4,1,0.6453068936375193,0.36415244200180347
peak_12,82,Channel 8,14.8374,10,1,1.7179562135714586,0.427123265034465
peak_12,82,Channel 9,105.6421,1,1,0.5014906876827478,0.4645560836559335
peak_12,82,Channel 10,-7.4265,3,1,0.4543189808040815,0.4038225625960627
peak_12,82,Channel 11,10.852,11,1,1.8692682875825921,0.4439645332928941
peak_12,82,Channel 12,31.1279,6,1,0.8826077172372673,0.418030835567205
peak_12,82,Channel 13,-65.8014,-1,0,,0.6513412393793713
peak_12,82,Channel 14,70.7679,-1,0,,0.6464927141119369
peak_12,82,Channel 15,48.4298,-1,0,,0.6298883286607717
unphased,83,Channel 1,86.4167,-1,0,,0.6491218129174285
unphased,83,Channel 2,29.4185,-1,0,,0.6594020159009532
unphased,83,Channel 3,13.6823,-1,0,,0.6283472531228742
unphased,83,Channel 4,158.018,-1,0,,0.6984895351438787
unphased,83,Channel 5,22.985,-1,0,,0.6275517969983626
unphased,83,Channel 6,-87.6402,-1,0,,0.6395900356309357
unphased,83,Channel 7,19.6953,-1,0,,0.6629777975122287
unphased,83,Channel 8,10.3651,-1,0,,0.6549690214346034
unphased,83,Channel 9,316.8649,-1,0,,0.6649066684536016
unphased,83,Channel 10,-82.8608,-1,0,,0.6038723859911148
unphased,83,Channel 11,67.1986,-1,0,,0.6775989447506587
unphased,83,Channel 12,0.4124,-1,0,,0.6476208153313586
unphased,83,Channel 13,-61.6499,-1,0,,0.6447523321066787
unphased,83,Channel 14,86.8427,-1,0,,0.652010508132191
unphased,83,Channel 15,-36.3526,-1,0,,0.6387890765731336
peak_all,83,Channel 1,239.3988,6,2,0.8504925151166856,0.45345998586328107
peak_all,83,Channel 2,12.1177,2,2,0.6627769911472262,0.43460670052068967
peak_all,83,Channel 3,34.2018,10,2,1.3011445390104524,0.37405017590307754
peak_all,83,Channel 4,76.6873,4,1,0.6779226174480081,0.44816757146320213
peak_all,83,Channel 5,183.7687,5,1,0.8216349438301834,0.433121915542712
peak_all,83,Channel 6,-42.052,8,1,1.4013601060527912,0.42438210528068493
peak_all,83,Channel 7,-1.2759,11,1,1.4759344096450027,0.38284707915224775
peak_all,83,Channel 8,89.9838,1,1,0.8144323015101017,0.5176128513873548
peak_all,83,Channel 9,100.8016,7,1,1.1307549262726013,0.40766748419879145
peak_all,83,Channel 10,-12.0442,0,1,0.9485880597617956,0.4039315279010433
peak_all,83,Channel 11,18.1359,9,1,1.247018244532054,0.4386723536190009
peak_all,83,Channel 12,30.977,3,1,0.6679403456730978,0.457068098104071
peak_all,83,Channel 13,-104.3286,6,2,0.8504925151166856,0.4403205357143234
peak_all,83,Channel 14,49.9635,2,2,0.6627769911472262,0.3796359155345332
peak_all,83,Channel 15,-22.2604,10,2,1.3011445390104524,0.3830521907972901
peak_12,83,Channel 1,116.5259,6,1,0.8504925151166856,0.45345998586328107
peak_12,83,Channel 2,52.9847,2,1,0.6627769911472262,0.43460670052068967
peak_12,83,Channel 3,11.6894,10,1,1.3011445390104524,0.37405017590307754
peak_12,83,Channel 4,69.2951,4,1,0.6779226174480081,0.44816757146320213
peak_12,83,Channel 5,178.9439,5,1,0.8216349438301834,0.433121915542712
peak_12,83,Channel 6,-47.9634,8,1,1.4013601060527912,0.42438210528068493
peak_12,83,Channel 7,-3.4329,11,1,1.4759344096450027,0.38284707915224775
peak_12,83,Channel 8,87.2372,1,1,0.8144323015101017,0.5176128513873548
peak_12,83,Channel 9,94.5227,7,1,1.1307549262726013,0.40766748419879145
peak_12,83,Channel 10,-14.6176,0,1,0.9485880597617956,0.4039315279010433
peak_12,83,Channel 11,13.1028,9,1,1.247018244532054,0.4386723536190009
peak_12,83,Channel 12,26.7783,3,1,0.6679403456730978,0.457068098104071
peak_12,83,Channel 13,-81.8501,-1,0,,0.6447523321066787
peak_12,83,Channel 14,116.0434,-1,0,,0.652010508132191
peak_12,83,Channel 15,-6.8937,-1,0,,0.6387890765731336
unphased,84,Channel 1,358.1108,-1,0,,0.6639120788918006
unphased,84,Channel 2,109.6007,-1,0,,0.6635677934328927
unphased,84,Channel 3,-34.215,-1,0,,0.6052340114410963
unphased,84,Channel 4,-34.2167,-1,0,,0.6529399393938101
unphased,84,Channel 5,12.8075,-1,0,,0.6369219291930839
unphased,84,Channel 6,-61.2615,-1,0,,0.6664892637948067
unphased,84,Channel 7,41.1763,-1,0,,0.668978802113997
unphased,84,Channel 8,55.1366,-1,0,,0.6301410747278013
unphased,84,Channel 9,-176.5413,-1,0,,0.6524260252012862
unphased,84,Channel 10,136.9239,-1,0,,0.6625472034237516
unphased,84,Channel 11,51.2857,-1,0,,0.6669080543258554
unphased,84,Channel 12,16.5719,-1,0,,0.6463550639087862
unphased,84,Channel 13,-100.824,-1,0,,0.6434635019330381
unphased,84,Channel 14,84.6225,-1,0,,0.6563840578362955
unphased,84,Channel 15,-12.7202,-1,0,,0.6337312003816995
peak_all,84,Channel 1,456.9189,3,2,0.02403781766263465,0.3824518988291252
peak_all,84,Channel 2,-29.5516,5,2,0.5299734922209335,0.4405748714116807
peak_all,84,Channel 3,-4.9638,1,2,-0.2212696518620828,0.42137337735953767
peak_all,84,Channel 4,35.8982,8,1,2.18663072289302,0.5040887158115261
peak_all,84,Channel 5,144.5953,10,1,1.9776296348590594,0.4454568421112758
peak_all,84,Channel 6,30.9283,7,1,1.3723543959647515,0.41685929057482846
peak_all,84,Channel 7,50.8304,9,1,2.1269075096059527,0.4848147377984254
peak_all,84,Channel 8,-86.4253,0,1,0.3061043273076378,0.30865983836470867
peak_all,84,Channel 9,152.5701,4,1,0.5762213628457715,0.3670218948228993
peak_all,84,Channel 10,33.4551,2,1,-0.021857993813459105,0.2764083942591135
peak_all,84,Channel 11,35.1353,6,1,0.631343147854135,0.4127592166082167
peak_all,84,Channel 12,25.9977,11,1,2.5119252344616463,0.4816633688824093
peak_all,84,Channel 13,-401.3567,3,2,0.02403781766263465,0.3202004900045739
peak_all,84,Channel 14,70.6829,5,2,0.5299734922209335,0.37530491233809304
peak_all,84,Channel 15,6.7685,1,2,-0.2212696518620828,0.2676564256713138
peak_12,84,Channel 1,-15.3574,3,1,0.02403781766263465,0.3824518988291252
peak_12,84,Channel 2,17.8388,5,1,0.5299734922209335,0.4405748714116807
peak_12,84,Channel 3,-12.5448,1,1,-0.2212696518620828,0.42137337735953767
peak_12,84,Channel 4,15.4497,8,1,2.18663072289302,0.5040887158115261
peak_12,84,Channel 5,98.2683,10,1,1.9776296348590594,0.4454568421112758
peak_12,84,Channel 6,16.4099,7,1,1.3723543959647515,0.41685929057482846
peak_12,84,Channel 7,38.9358,9,1,2.1269075096059527,0.4848147377984254
peak_12,84,Channel 8,-98.2772,0,1,0.3061043273076378,0.30865983836470867
peak_12,84,Channel 9,74.4998,4,1,0.5762213628457715,0.3670218948228993
peak_12,84,Channel 10,17.6758,2,1,-0.021857993813459105,0.2764083942591135
peak_12,84,Channel 11,21.6323,6,1,0.631343147854135,0.4127592166082167
peak_12,84,Channel 12,16.8679,11,1,2.5119252344616463,0.4816633688824093
peak_12,84,Channel 13,-41.9359,-1,0,,0.6434635019330381
peak_12,84,Channel 14,191.5238,-1,0,,0.6563840578362955
peak_12,84,Channel 15,69.9757,-1,0,,0.6337312003816995
unphased,85,Channel 1,-371.4912,-1,0,,0.6272251240829171
unphased,85,Channel 2,108.4819,-1,0,,0.6662400016850226
unphased,85,Channel 3,2.3231,-1,0,,0.6034532303231203
unphased,85,Channel 4,-69.0759,-1,0,,0.6425025522551701
unphased,85,Channel 5,17.8155,-1,0,,0.6348515465452909
unphased,85,Channel 6,-17.1975,-1,0,,0.652960361243293
unphased,85,Channel 7,42.1837,-1,0,,0.6471700898557156
unphased,85,Channel 8,57.9237,-1,0,,0.6678008597997572
unphased,85,Channel 9,-36.2495,-1,0,,0.6340560450308244
unphased,85,Channel 10,66.5292,-1,0,,0.684771969492488
unphased,85,Channel 11,104.7752,-1,0,,0.6794876500261113
unphased,85,Channel 12,-14.6472,-1,0,,0.6605974891964359
unphased,85,Channel 13,347.5733,-1,0,,0.6855041776848264
unphased,85,Channel 14,71.4807,-1,0,,0.6314287268779815
unphased,85,Channel 15,30.4501,-1,0,,0.6319501759010482
peak_all,85,Channel 1,-447.8173,0,2,-2.053933808545646,0.228339039527468
peak_all,85,Channel 2,21.0193,10,2,3.9620462351398222,0.4853095821724736
peak_all,85,Channel 3,-13.0787,9,2,3.878249234678177,0.5288739213296152
peak_all,85,Channel 4,-19.5929,1,1,-3.3069256919062684,0.2748885756337769
peak_all,85,Channel 5,47.3531,8,1,2.8362073394747536,0.3814926281650027
peak_all,85,Channel 6,4.7384,4,1,-0.5845933202868844,0.4259106785158013
peak_all,85,Channel 7,59.1733,6,1,2.228542559100434,0.5255182787765359
peak_all,85,Channel 8,89.7467,7,1,2.639239376403569,0.4693145622895686
peak_all,85,Channel 9,135.6048,11,1,4.483068686952154,0.4855595192349696
peak_all,85,Channel 10,58.5353,2,1,-1.3157738251010238,0.3327178007808183
peak_all,85,Channel 11,37.9727,5,1,0.3357316799830574,0.40674231809587974
peak_all,85,Channel 12,-32.643,3,1,-1.1018584658921446,0.4046259466098367
peak_all,85,Channel 13,395.7752,0,2,-2.053933808545646,0.31436272933471116
peak_all,85,Channel 14,33.1371,10,2,3.9620462351398222,0.44791462792224623
peak_all,85,Channel 15,50.6139,9,2,3.878249234678177,0.48042173991787973
peak_12,85,Channel 1,-255.105,0,1,-2.053933808545646,0.228339039527468
peak_12,85,Channel 2,12.677,10,1,3.9620462351398222,0.4853095821724736
peak_12,85,Channel 3,14.7236,9,1,3.878249234678177,0.5288739213296152
peak_12,85,Channel 4,-53.8321,1,1,-3.3069256919062684,0.2748885756337769
peak_12,85,Channel 5,-29.8399,8,1,2.8362073394747536,0.3814926281650027
peak_12,85,Channel 6,-43.6155,4,1,-0.5845933202868844,0.4259106785158013
peak_12,85,Channel 7,33.0151,6,1,2.228542559100434,0.5255182787765359
peak_12,85,Channel 8,62.657,7,1,2.639239376403569,0.4693145622895686
peak_12,85,Channel 9,58.0431,11,1,4.483068686952154,0.4855595192349696
peak_12,85,Channel 10,28.9291,2,1,-1.3157738251010238,0.3327178007808183
peak_12,85,Channel 11,14.0876,5,1,0.3357316799830574,0.40674231809587974
peak_12,85,Channel 12,-68.9058,3,1,-1.1018584658921446,0.4046259466098367
peak_12,85,Channel 13,633.1017,-1,0,,0.6855041776848264
peak_12,85,Channel 14,82.8804,-1,0,,0.6314287268779815
peak_12,85,Channel 15,86.9127,-1,0,,0.6319501759010482
unphased,86,Channel 1,143.407,-1,0,,0.6366698435107124
unphased,86,Channel 2,-21.2183,-1,0,,0.6488650774885572
unphased,86,Channel 3,-6.6203,-1,0,,0.6310147917954434
unphased,86,Channel 4,79.3837,-1,0,,0.6970991493577348
unphased,86,Channel 5,-145.0028,-1,0,,0.6050888702348768
unphased,86,Channel 6,0.1159,-1,0,,0.6415558075001082
unphased,86,Channel 7,-54.6565,-1,0,,0.6666147737903675
unphased,86,Channel 8,26.1252,-1,0,,0.6496404078471113
unphased,86,Channel 9,322.8714,-1,0,,0.6632796366665786
unphased,86,Channel 10,-138.4547,-1,0,,0.6163874228198878
unphased,86,Channel 11,77.3289,-1,0,,0.6966062952623762
unphased,86,Channel 12,21.5059,-1,0,,0.6540827675953194
unphased,86,Channel 13,245.2002,-1,0,,0.658239084798045
unphased,86,Channel 14,72.7984,-1,0,,0.6572788157017561
unphased,86,Channel 15,-7.3724,-1,0,,0.6275772556311294
peak_all,86,Channel 1,121.8359,9,2,1.1024119236110164,0.3490381452839091
peak_all,86,Channel 2,-12.2133,0,2,0.7675240166165153,0.4000957146083162
peak_all,86,Channel 3,-7.581,11,2,1.4900767114593934,0.40217639482852
peak_all,86,Channel 4,71.1134,1,1,0.6680874844184116,0.47067229822405715
peak_all,86,Channel 5,266.5188,5,1,1.0012195759876905,0.44027207347986735
peak_all,86,Channel 6,83.1348,4,1,1.0329235155559717,0.5104861056687845
peak_all,86,Channel 7,0.1865,10,1,1.2856174970411358,0.3983659449788499
peak_all,86,Channel 8,50.6089,2,1,0.7064021071014698,0.3739562895964067
peak_all,86,Channel 9,192.8387,6,1,1.015984062917847,0.4929763275807272
peak_all,86,Channel 10,-30.6589,7,1,1.0250465847130692,0.3844441719538015
peak_all,86,Channel 11,64.7234,3,1,0.893298682998884,0.5261745999344332
peak_all,86,Channel 12,-2.832,8,1,1.0114078375785966,0.371631996098677
peak_all,86,Channel 13,-198.3596,9,2,1.1024119236110164,0.3688672400818
peak_all,86,Channel 14,25.5812,0,2,0.7675240166165153,0.3582080895176983
peak_all,86,Channel 15,2.6948,11,2,1.4900767114593934,0.37516193040861684
peak_12,86,Channel 1,-102.3481,9,1,1.1024119236110164,0.3490381452839091
peak_12,86,Channel 2,-3.3429,0,1,0.7675240166165153,0.4000957146083162
peak_12,86,Channel 3,-9.9294,11,1,1.4900767114593934,0.40217639482852
peak_12,86,Channel 4,51.2712,1,1,0.6680874844184116,0.47067229822405715
peak_12,86,Channel 5,207.1261,5,1,1.0012195759876905,0.44027207347986735
peak_12,86,Channel 6,45.5511,4,1,1.0329235155559717,0.5104861056687845
peak_12,86,Channel 7,-9.7448,10,1,1.2856174970411358,0.3983659449788499
peak_12,86,Channel 8,41.385,2,1,0.7064021071014698,0.3739562895964067
peak_12,86,Channel 9,151.0722,6,1,1.015984062917847,0.4929763275807272
peak_12,86,Channel 10,-39.7999,7,1,1.0250465847130692,0.3844441719538015
peak_12,86,Channel 11,50.914,3,1,0.893298682998884,0.5261745999344332
peak_12,86,Channel 12,-17.1012,8,1,1.0114078375785966,0.371631996098677
peak_12,86,Channel 13,166.1263,-1,0,,0.658239084798045
peak_12,86,Channel 14,137.449,-1,0,,0.6572788157017561
peak_12,86,Channel 15,5.7131,-1,0,,0.6275772556311294
unphased,87,Channel 1,170.6738,-1,0,,0.6331375902951659
unphased,87,Channel 2,-119.1122,-1,0,,0.643297992201001
unphased,87,Channel 3,31.4789,-1,0,,0.622711996035313
unphased,87,Channel 4,96.0038,-1,0,,0.683620724641876
unphased,87,Channel 5,212.4934,-1,0,,0.6466472579662301
unphased,87,Channel 6,-15.7801,-1,0,,0.6393398386836276
unphased,87,Channel 7,114.76,-1,0,,0.683165968778532
unphased,87,Channel 8,-11.7348,-1,0,,0.64730039325973
unphased,87,Channel 9,-40.5576,-1,0,,0.6469069197164463
unphased,87,Channel 10,-46.1492,-1,0,,0.6615284110258653
unphased,87,Channel 11,19.4319,-1,0,,0.6887931490913305
unphased,87,Channel 12,26.292,-1,0,,0.6388405886327654
unphased,87,Channel 13,19.994,-1,0,,0.6590685038840207
unphased,87,Channel 14,11.0431,-1,0,,0.6399063441576611
unphased,87,Channel 15,-21.2278,-1,0,,0.6157343216304376
peak_all,87,Channel 1,159.0139,3,2,0.32187761487709465,0.40379648519641426
peak_all,87,Channel 2,-62.5285,5,2,0.8048941760474817,0.4678596542425803
peak_all,87,Channel 3,44.02,2,2,0.3040641097050005,0.3531937214866018
peak_all,87,Channel 4,47.7662,7,1,1.6902478509023018,0.500172727351378
peak_all,87,Channel 5,138.1677,9,1,1.6342245917518505,0.4290222971052155
peak_all,87,Channel 6,-25.3997,4,1,0.3112062510911637,0.3977338239305977
peak_all,87,Channel 7,49.4891,6,1,1.3665961565580846,0.5492539722934552
peak_all,87,Channel 8,-1.9243,0,1,0.1984753313521395,0.3150103017042864
peak_all,87,Channel 9,101.6985,1,1,0.25104914662080563,0.41749500072488166
peak_all,87,Channel 10,3.9933,8,1,1.6838636188521812,0.4201700284595865
peak_all,87,Channel 11,7.8004,11,1,1.8952409295646637,0.4522221550186742
peak_all,87,Channel 12,11.9885,10,1,1.538260222677232,0.39796064555223354
peak_all,87,Channel 13,-9.1182,3,2,0.32187761487709465,0.37986439829555385
peak_all,87,Channel 14,95.9377,5,2,0.8048941760474817,0.4075731128107248
peak_all,87,Channel 15,-39.0397,2,2,0.3040641097050005,0.36708223884737323
peak_12,87,Channel 1,101.4168,3,1,0.32187761487709465,0.40379648519641426
peak_12,87,Channel 2,20.6686,5,1,0.8048941760474817,0.4678596542425803
peak_12,87,Channel 3,15.1568,2,1,0.3040641097050005,0.3531937214866018
peak_12,87,Channel 4,48.037,7,1,1.6902478509023018,0.500172727351378
peak_12,87,Channel 5,97.4002,9,1,1.6342245917518505,0.4290222971052155
peak_12,87,Channel 6,-44.2052,4,1,0.3112062510911637,0.3977338239305977
peak_12,87,Channel 7,38.0702,6,1,1.3665961565580846,0.5492539722934552
peak_12,87,Channel 8,-3.5107,0,1,0.1984753313521395,0.3150103017042864
peak_12,87,Channel 9,11.8266,1,1,0.25104914662080563,0.41749500072488166
peak_12,87,Channel 10,-9.9319,8,1,1.6838636188521812,0.4201700284595865
peak_12,87,Channel 11,2.1868,11,1,1.8952409295646637,0.4522221550186742
peak_12,87,Channel 12,5.3337,10,1,1.538260222677232,0.39796064555223354
peak_12,87,Channel 13,226.0702,-1,0,,0.6590685038840207
peak_12,87,Channel 14,49.5263,-1,0,,0.6399063441576611
peak_12,87,Channel 15,-4.2838,-1,0,,0.6157343216304376
unphased,88,Channel 1,-153.6436,-1,0,,0.6550223434563295
unphased,88,Channel 2,30.0886,-1,0,,0.6651311596392774
unphased,88,Channel 3,-2.381,-1,0,,0.6154291970146841
unphased,88,Channel 4,101.6368,-1,0,,0.6831992797998073
unphased,88,Channel 5,-184.327,-1,0,,0.5987315382489378
unphased,88,Channel 6,-18.7459,-1,0,,0.6405912225265771
unphased,88,Channel 7,108.9688,-1,0,,0.6919181594007245
unphased,88,Channel 8,-29.8099,-1,0,,0.6388819240678913
unphased,88,Channel 9,-6.068,-1,0,,0.6220292040477915
unphased,88,Channel 10,135.1008,-1,0,,0.6850037468129395
unphased,88,Channel 11,53.6131,-1,0,,0.6766486352027354
unphased,88,Channel 12,-4.5394,-1,0,,0.6304422588325231
unphased,88,Channel 13,-307.6525,-1,0,,0.6520147182494669
unphased,88,Channel 14,143.1754,-1,0,,0.6609251405038518
unphased,88,Channel 15,36.0057,-1,0,,0.6340314721964645
peak_all,88,Channel 1,142.6973,2,2,-0.19894080720858004,0.2848820801116571
peak_all,88,Channel 2,-73.2401,6,2,0.9863512522769133,0.42087165796455706
peak_all,88,Channel 3,11.9821,8,2,2.2480873032283153,0.4944863630705449
peak_all,88,Channel 4,58.2766,11,1,2.4520700720133717,0.5015776089211915
peak_all,88,Channel 5,-150.8834,0,1,-0.14320732252633842,0.22522070663086977
peak_all,88,Channel 6,16.8945,7,1,1.3579558717901914,0.4003416155928087
peak_all,88,Channel 7,32.7375,4,1,0.5062366866032978,0.34765936443976225
peak_all,88,Channel 8,25.7143,10,1,1.8146781435921042,0.43563579726904195
peak_all,88,Channel 9,140.1758,5,1,1.0977030726374541,0.5171396999126943
peak_all,88,Channel 10,23.1288,1,1,-0.5185057141383942,0.3339363533613978
peak_all,88,Channel 11,11.3977,3,1,0.2227659677651315,0.42246116527499644
peak_all,88,Channel 12,23.0484,9,1,2.1748054739665346,0.44586058968393544
peak_all,88,Channel 13,-237.1039,2,2,-0.19894080720858004,0.31543629908632204
peak_all,88,Channel 14,119.5371,6,2,0.9863512522769133,0.4376262035774229
peak_all,88,Channel 15,31.6363,8,2,2.2480873032283153,0.4778607313197741
peak_12,88,Channel 1,-105.9796,2,1,-0.19894080720858004,0.2848820801116571
peak_12,88,Channel 2,2.2349,6,1,0.9863512522769133,0.42087165796455706
peak_12,88,Channel 3,31.834,8,1,2.2480873032283153,0.4944863630705449
peak_12,88,Channel 4,46.9806,11,1,2.4520700720133717,0.5015776089211915
peak_12,88,Channel 5,-210.9565,0,1,-0.14320732252633842,0.22522070663086977
peak_12,88,Channel 6,2.7667,7,1,1.3579558717901914,0.4003416155928087
peak_12,88,Channel 7,18.58,4,1,0.5062366866032978,0.34765936443976225
peak_12,88,Channel 8,12.0821,10,1,1.8146781435921042,0.43563579726904195
peak_12,88,Channel 9,119.6874,5,1,1.0977030726374541,0.5171396999126943
peak_12,88,Channel 10,26.7138,1,1,-0.5185057141383942,0.3339363533613978
peak_12,88,Channel 11,1.2204,3,1,0.2227659677651315,0.42246116527499644
peak_12,88,Channel 12,11.9638,9,1,2.1748054739665346,0.44586058968393544
peak_12,88,Channel 13,-209.8738,-1,0,,0.6520147182494669
peak_12,88,Channel 14,220.9088,-1,0,,0.6609251405038518
peak_12,88,Channel 15,60.5285,-1,0,,0.6340314721964645
unphased,89,Channel 1,63.0383,-1,0,,0.6505641248380324
unphased,89,Channel 2,-7.3394,-1,0,,0.6578783415148405
unphased,89,Channel 3,-53.1513,-1,0,,0.6248376751029665
unphased,89,Channel 4,121.0973,-1,0,,0.7030437405187278
unphased,89,Channel 5,254.456,-1,0,,0.6223989375019245
unphased,89,Channel 6,-1.8269,-1,0,,0.6383338860593673
unphased,89,Channel 7,56.5849,-1,0,,0.6709695573906219
unphased,89,Channel 8,-0.2347,-1,0,,0.6442762488789089
unphased,89,Channel 9,51.4414,-1,0,,0.6370948092668798
unphased,89,Channel 10,86.0416,-1,0,,0.6284697777652102
unphased,89,Channel 11,79.2444,-1,0,,0.6879854993798173
unphased,89,Channel 12,-81.5873,-1,0,,0.6500102213800185
unphased,89,Channel 13,-216.0806,-1,0,,0.6457344654925674
unphased,89,Channel 14,71.0755,-1,0,,0.6568691145548665
unphased,89,Channel 15,1.5666,-1,0,,0.6315336003552524
peak_all,89,Channel 1,177.8051,11,2,2.216945720021686,0.45147227890311886
peak_all,89,Channel 2,-54.8043,10,2,1.526202236205359,0.40560901179043946
peak_all,89,Channel 3,-35.1416,0,2,0.5958043082518383,0.2967734540589658
peak_all,89,Channel 4,42.0981,1,1,0.13242579014678182,0.41457903643201877
peak_all,89,Channel 5,24.9245,8,1,1.5688903043040605,0.3660734663075731
peak_all,89,Channel 6,45.1901,6,1,0.8995960674535904,0.45951495077554244
peak_all,89,Channel 7,26.122,3,1,0.3429299368017841,0.4351111052681225
peak_all,89,Channel 8,29.3406,5,1,1.065437831774082,0.44190475626919923
peak_all,89,Channel 9,170.1792,4,1,0.9984398500122069,0.4292863838083659
peak_all,89,Channel 10,26.6091,2,1,0.021949824861035933,0.2892404937448521
peak_all,89,Channel 11,36.9965,7,1,1.0389792710731716,0.39074448429683833
peak_all,89,Channel 12,20.5034,9,1,1.592398859094401,0.38083183009920724
peak_all,89,Channel 13,-168.2829,11,2,2.216945720021686,0.4593440164201121
peak_all,89,Channel 14,82.7311,10,2,1.526202236205359,0.38153153779516435
peak_all,89,Channel 15,23.7163,0,2,0.5958043082518383,0.31093042206181587
peak_12,89,Channel 1,3.2124,11,1,2.216945720021686,0.45147227890311886
peak_12,89,Channel 2,12.7429,10,1,1.526202236205359,0.40560901179043946
peak_12,89,Channel 3,-21.647,0,1,0.5958043082518383,0.2967734540589658
peak_12,89,Channel 4,32.0078,1,1,0.13242579014678182,0.41457903643201877
peak_12,89,Channel 5,-10.0755,8,1,1.5688903043040605,0.3660734663075731
peak_12,89,Channel 6,23.9416,6,1,0.8995960674535904,0.45951495077554244
peak_12,89,Channel 7,15.7501,3,1,0.3429299368017841,0.4351111052681225
peak_12,89,Channel 8,22.192,5,1,1.065437831774082,0.44190475626919923
peak_12,89,Channel 9,120.1511,4,1,0.9984398500122069,0.4292863838083659
peak_12,89,Channel 10,15.6031,2,1,0.021949824861035933,0.2892404937448521
peak_12,89,Channel 11,30.9533,7,1,1.0389792710731716,0.39074448429683833
peak_12,89,Channel 12,13.18,9,1,1.592398859094401,0.38083183009920724
peak_12,89,Channel 13,-49.3673,-1,0,,0.6457344654925674
peak_12,89,Channel 14,130.9264,-1,0,,0.6568691145548665
peak_12,89,Channel 15,41.398,-1,0,,0.6315336003552524
unphased,90,Channel 1,-196.1199,-1,0,,0.6378574545412428
unphased,90,Channel 2,29.0552,-1,0,,0.6482934883208933
unphased,90,Channel 3,8.5825,-1,0,,0.6259007288332338
unphased,90,Channel 4,-0.624,-1,0,,0.6529671166961442
unphased,90,Channel 5,147.555,-1,0,,0.637679510261281
unphased,90,Channel 6,27.6198,-1,0,,0.6642273764913494
unphased,90,Channel 7,59.627,-1,0,,0.6837080198849501
unphased,90,Channel 8,1.0078,-1,0,,0.6521395635988215
unphased,90,Channel 9,-51.2,-1,0,,0.6425274010607003
unphased,90,Channel 10,17.6612,-1,0,,0.6551240474950528
unphased,90,Channel 11,105.0404,-1,0,,0.6846501268445275
unphased,90,Channel 12,65.1425,-1,0,,0.6441841919938613
unphased,90,Channel 13,97.6413,-1,0,,0.6628453219712866
unphased,90,Channel 14,43.1634,-1,0,,0.6519516418325855
unphased,90,Channel 15,-24.4737,-1,0,,0.6059440101740713
peak_all,90,Channel 1,13.5892,8,2,1.7616247137775274,0.4401661184381595
peak_all,90,Channel 2,-20.2155,9,2,1.7176157863079191,0.41726355415810173
peak_all,90,Channel 3,6.7024,4,2,0.7142997422576945,0.3554797265869542
peak_all,90,Channel 4,36.7822,10,1,1.8842973706063995,0.46692387160076987
peak_all,90,Channel 5,-17.33,1,1,-0.4388977388077154,0.23815572228194645
peak_all,90,Channel 6,76.1513,7,1,1.5058051542860675,0.4351589314149757
peak_all,90,Channel 7,-3.5604,2,1,-0.306275012243901,0.3231018890181311
peak_all,90,Channel 8,7.5254,11,1,2.464480532427801,0.5215148835662157
peak_all,90,Channel 9,-28.9278,0,1,0.10811300120883206,0.25859566432444553
peak_all,90,Channel 10,70.2628,5,1,0.8675749344430833,0.4541545234138624
peak_all,90,Channel 11,34.5549,3,1,0.46363463007565026,0.4554172784836301
peak_all,90,Channel 12,67.2402,6,1,1.2577268856606418,0.4597274394746482
peak_all,90,Channel 13,111.1975,8,2,1.7616247137775274,0.44983481933702857
peak_all,90,Channel 14,9.0838,9,2,1.7176157863079191,0.42023004571507966
peak_all,90,Channel 15,18.0584,4,2,0.7142997422576945,0.3794710643861311
peak_12,90,Channel 1,78.4149,8,1,1.7616247137775274,0.4401661184381595
peak_12,90,Channel 2,-30.3446,9,1,1.7176157863079191,0.41726355415810173
peak_12,90,Channel 3,7.2873,4,1,0.7142997422576945,0.3554797265869542
peak_12,90,Channel 4,19.092,10,1,1.8842973706063995,0.46692387160076987
peak_12,90,Channel 5,-65.6163,1,1,-0.4388977388077154,0.23815572228194645
peak_12,90,Channel 6,60.9886,7,1,1.5058051542860675,0.4351589314149757
peak_12,90,Channel 7,-13.1463,2,1,-0.306275012243901,0.3231018890181311
peak_12,90,Channel 8,-3.5541,11,1,2.464480532427801,0.5215148835662157
peak_12,90,Channel 9,-83.434,0,1,0.10811300120883206,0.25859566432444553
peak_12,90,Channel 10,43.9425,5,1,0.8675749344430833,0.4541545234138624
peak_12,90,Channel 11,20.5334,3,1,0.46363463007565026,0.4554172784836301
peak_12,90,Channel 12,54.6572,6,1,1.2577268856606418,0.4597274394746482
peak_12,90,Channel 13,336.3083,-1,0,,0.6628453219712866
peak_12,90,Channel 14,90.5815,-1,0,,0.6519516418325855
peak_12,90,Channel 15,-2.9233,-1,0,,0.6059440101740713
unphased,91,Channel 1,-98.3769,-1,0,,0.6358051972219899
unphased,91,Channel 2,-2.0181,-1,0,,0.659502140180096
unphased,91,Channel 3,-41.4944,-1,0,,0.625387087605888
unphased,91,Channel 4,78.4875,-1,0,,0.6840525960060305
unphased,91,Channel 5,44.363,-1,0,,0.6038371846455886
unphased,91,Channel 6,-61.5436,-1,0,,0.6488791850785207
unphased,91,Channel 7,-42.5955,-1,0,,0.662805244444535
unphased,91,Channel 8,-16.4182,-1,0,,0.6609198896401729
unphased,91,Channel 9,332.2454,-1,0,,0.6557486656136793
unphased,91,Channel 10,-45.044,-1,0,,0.6338980120076864
unphased,91,Channel 11,110.5363,-1,0,,0.6823460124333425
unphased,91,Channel 12,-19.9027,-1,0,,0.642279244299961
unphased,91,Channel 13,51.4124,-1,0,,0.6563281179384685
unphased,91,Channel 14,184.7217,-1,0,,0.66337252620212
unphased,91,Channel 15,43.6992,-1,0,,0.6348388966819256
peak_all,91,Channel 1,178.2092,2,2,0.6397063007070725,0.39620584681395116
peak_all,91,Channel 2,-81.5058,9,2,1.52017423402357,0.41088720649788757
peak_all,91,Channel 3,-31.9646,0,2,0.41806438396716766,0.26816518726092253
peak_all,91,Channel 4,-6.2318,11,1,1.1765854300884164,0.350980051393554
peak_all,91,Channel 5,76.4105,7,1,1.225106648844561,0.3360695100745757
peak_all,91,Channel 6,59.0976,1,1,0.28397449619354814,0.451434854098939
peak_all,91,Channel 7,3.7673,10,1,1.3819003693079552,0.40920253792687716
peak_all,91,Channel 8,35.1262,5,1,1.0905170000119202,0.45859151640817153
peak_all,91,Channel 9,179.7132,4,1,0.9379143920578166,0.43541779826432714
peak_all,91,Channel 10,42.1316,3,1,0.6353998133368303,0.43082078913142013
peak_all,91,Channel 11,16.4806,8,1,1.5583954146741807,0.4723418075603707
peak_all,91,Channel 12,35.08,6,1,1.1322615167869619,0.4505799126386628
peak_all,91,Channel 13,27.1394,2,2,0.6397063007070725,0.44034654782259697
peak_all,91,Channel 14,96.4921,9,2,1.52017423402357,0.4112093828522194
peak_all,91,Channel 15,35.4852,0,2,0.41806438396716766,0.2829269924045961
peak_12,91,Channel 1,130.2127,2,1,0.6397063007070725,0.39620584681395116
peak_12,91,Channel 2,-28.0157,9,1,1.52017423402357,0.41088720649788757
peak_12,91,Channel 3,-21.8207,0,1,0.41806438396716766,0.26816518726092253
peak_12,91,Channel 4,-29.5421,11,1,1.1765854300884164,0.350980051393554
peak_12,91,Channel 5,22.4578,7,1,1.225106648844561,0.3360695100745757
peak_12,91,Channel 6,22.7997,1,1,0.28397449619354814,0.451434854098939
peak_12,91,Channel 7,-14.9321,10,1,1.3819003693079552,0.40920253792687716
peak_12,91,Channel 8,15.1993,5,1,1.0905170000119202,0.45859151640817153
peak_12,91,Channel 9,96.8651,4,1,0.9379143920578166,0.43541779826432714
peak_12,91,Channel 10,17.5673,3,1,0.6353998133368303,0.43082078913142013
peak_12,91,Channel 11,4.8345,8,1,1.5583954146741807,0.4723418075603707
peak_12,91,Channel 12,9.0434,6,1,1.1322615167869619,0.4505799126386628
peak_12,91,Channel 13,152.1573,-1,0,,0.6563281179384685
peak_12,91,Channel 14,226.3491,-1,0,,0.66337252620212
peak_12,91,Channel 15,60.2421,-1,0,,0.6348388966819256
unphased,92,Channel 1,-37.1898,-1,0,,0.633647062143477
unphased,92,Channel 2,7.3256,-1,0,,0.6450805058309579
unphased,92,Channel 3,25.1836,-1,0,,0.6268444230354897
unphased,92,Channel 4,63.2146,-1,0,,0.6748934857008916
unphased,92,Channel 5,142.5506,-1,0,,0.6274695530726111
unphased,92,Channel 6,11.4027,-1,0,,0.6431550144863031
unphased,92,Channel 7,50.4816,-1,0,,0.679259597889402
unphased,92,Channel 8,10.019,-1,0,,0.6543978594080311
unphased,92,Channel 9,102.883,-1,0,,0.6472297549910698
unphased,92,Channel 10,-15.4706,-1,0,,0.6524393897258236
unphased,92,Channel 11,9.8613,-1,0,,0.6832529344606195
unphased,92,Channel 12,-8.597,-1,0,,0.644303657055791
unphased,92,Channel 13,3.1162,-1,0,,0.6594445735602044
unphased,92,Channel 14,99.2043,-1,0,,0.6599310161907321
unphased,92,Channel 15,-0.2543,-1,0,,0.6186511724486012
peak_all,92,Channel 1,107.0714,4,2,0.8401673737056515,0.3898214449844465
peak_all,92,Channel 2,-54.7789,9,2,1.439240347453521,0.39054389633535697
peak_all,92,Channel 3,20.8064,2,2,0.5435551248008113,0.3840944151902394
peak_all,92,Channel 4,-21.9886,0,1,0.4041000645688495,0.3490006253005003
peak_all,92,Channel 5,-21.4903,10,1,1.567679780292236,0.39167858245544473
peak_all,92,Channel 6,53.9935,6,1,1.0285034105988125,0.47702213240620395
peak_all,92,Channel 7,34.0203,11,1,2.0218440689325368,0.47199457040980364
peak_all,92,Channel 8,18.3259,1,1,0.22376295102048785,0.4301493079893438
peak_all,92,Channel 9,136.361,8,1,1.3736217501299184,0.39195767171185714
peak_all,92,Channel 10,13.989,3,1,0.5292970610979769,0.4253748078571299
peak_all,92,Channel 11,24.2535,7,1,1.1296573848881182,0.40221141909710734
peak_all,92,Channel 12,31.56,5,1,0.8985706825110786,0.39322620583347906
peak_all,92,Channel 13,3.5985,4,2,0.8401673737056515,0.37616527579442355
peak_all,92,Channel 14,98.0599,9,2,1.439240347453521,0.39649757797851154
peak_all,92,Channel 15,-6.9826,2,2,0.5435551248008113,0.39990985744648144
peak_12,92,Channel 1,35.8203,4,1,0.8401673737056515,0.3898214449844465
peak_12,92,Channel 2,8.6823,9,1,1.439240347453521,0.39054389633535697
peak_12,92,Channel 3,7.6286,2,1,0.5435551248008113,0.3840944151902394
peak_12,92,Channel 4,-42.9041,0,1,0.4041000645688495,0.3490006253005003
peak_12,92,Channel 5,-67.8971,10,1,1.567679780292236,0.39167858245544473
peak_12,92,Channel 6,25.7101,6,1,1.0285034105988125,0.47702213240620395
peak_12,92,Channel 7,24.6774,11,1,2.0218440689325368,0.47199457040980364
peak_12,92,Channel 8,-5.4674,1,1,0.22376295102048785,0.4301493079893438
peak_12,92,Channel 9,87.5415,8,1,1.3736217501299184,0.39195767171185714
peak_12,92,Channel 10,-7.3697,3,1,0.5292970610979769,0.4253748078571299
peak_12,92,Channel 11,16.347,7,1,1.1296573848881182,0.40221141909710734
peak_12,92,Channel 12,21.207,5,1,0.8985706825110786,0.39322620583347906
peak_12,92,Channel 13,169.297,-1,0,,0.6594445735602044
peak_12,92,Channel 14,168.5269,-1,0,,0.6599310161907321
peak_12,92,Channel 15,22.1799,-1,0,,0.6186511724486012
unphased,93,Channel 1,75.364,-1,0,,0.6585544896692648
unphased,93,Channel 2,-8.686,-1,0,,0.6617436110836208
unphased,93,Channel 3,-52.9073,-1,0,,0.6133673623326449
unphased,93,Channel 4,55.8513,-1,0,,0.6729812821571625
unphased,93,Channel 5,75.8151,-1,0,,0.6207184983744952
unphased,93,Channel 6,44.9791,-1,0,,0.6735749179264472
unphased,93,Channel 7,13.4749,-1,0,,0.6595928856900933
unphased,93,Channel 8,26.8686,-1,0,,0.626288153548875
unphased,93,Channel 9,45.1378,-1,0,,0.6550551052223812
unphased,93,Channel 10,142.3335,-1,0,,0.6514375723992359
unphased,93,Channel 11,66.0603,-1,0,,0.6817053574669506
unphased,93,Channel 12,25.4746,-1,0,,0.638805913258796
unphased,93,Channel 13,-173.7104,-1,0,,0.6388665231661017
unphased,93,Channel 14,128.0081,-1,0,,0.6676146808938005
unphased,93,Channel 15,-40.338,-1,0,,0.629693646810134
peak_all,93,Channel 1,106.7175,6,2,0.4911409806391896,0.3994949822256151
peak_all,93,Channel 2,-35.905,9,2,1.7815235052509546,0.43839213211389216
peak_all,93,Channel 3,-0.02,8,2,1.48975163675404,0.40690388281107476
peak_all,93,Channel 4,20.4472,2,1,0.4406094063420619,0.36453252441274014
peak_all,93,Channel 5,151.6291,5,1,0.45246455818806774,0.36441190031222725
peak_all,93,Channel 6,29.4906,7,1,1.0142343922016706,0.3693940031787338
peak_all,93,Channel 7,24.3107,3,1,0.3060708519241437,0.40348616259184783
peak_all,93,Channel 8,39.3456,10,1,2.2845771570181426,0.5165193529389269
peak_all,93,Channel 9,31.3799,4,1,0.55396721908588,0.36795455480221256
peak_all,93,Channel 10,18.6998,0,1,0.48468146510937316,0.36160677730391744
peak_all,93,Channel 11,31.4352,1,1,0.2814322556464113,0.42250805892543203
peak_all,93,Channel 12,17.8738,11,1,2.4195465718400673,0.47192507346165974
peak_all,93,Channel 13,-39.5633,6,2,0.4911409806391896,0.3774966497837173
peak_all,93,Channel 14,92.0384,9,2,1.7815235052509546,0.4390392965635224
peak_all,93,Channel 15,8.4925,8,2,1.48975163675404,0.3853057532470956
peak_12,93,Channel 1,46.3361,6,1,0.4911409806391896,0.3994949822256151
peak_12,93,Channel 2,33.2988,9,1,1.7815235052509546,0.43839213211389216
peak_12,93,Channel 3,5.9933,8,1,1.48975163675404,0.40690388281107476
peak_12,93,Channel 4,10.6716,2,1,0.4406094063420619,0.36453252441274014
peak_12,93,Channel 5,130.8422,5,1,0.45246455818806774,0.36441190031222725
peak_12,93,Channel 6,18.9387,7,1,1.0142343922016706,0.3693940031787338
peak_12,93,Channel 7,18.6413,3,1,0.3060708519241437,0.40348616259184783
peak_12,93,Channel 8,30.0172,10,1,2.2845771570181426,0.5165193529389269
peak_12,93,Channel 9,-15.8979,4,1,0.55396721908588,0.36795455480221256
peak_12,93,Channel 10,13.4899,0,1,0.48468146510937316,0.36160677730391744
peak_12,93,Channel 11,29.5427,1,1,0.2814322556464113,0.42250805892543203
peak_12,93,Channel 12,13.8443,11,1,2.4195465718400673,0.47192507346165974
peak_12,93,Channel 13,33.5952,-1,0,,0.6388665231661017
peak_12,93,Channel 14,150.6268,-1,0,,0.6676146808938005
peak_12,93,Channel 15,-25.5541,-1,0,,0.629693646810134
unphased,94,Channel 1,-105.7881,-1,0,,0.6373312975125046
unphased,94,Channel 2,11.7934,-1,0,,0.6483470507000803
unphased,94,Channel 3,-7.0023,-1,0,,0.6327087500873828
unphased,94,Channel 4,103.1056,-1,0,,0.6908311712388953
unphased,94,Channel 5,108.3619,-1,0,,0.6247135649614143
unphased,94,Channel 6,-57.568,-1,0,,0.6409610385303826
unphased,94,Channel 7,68.3747,-1,0,,0.6746249780972166
unphased,94,Channel 8,-3.0432,-1,0,,0.6481876941461043
unphased,94,Channel 9,57.8961,-1,0,,0.642275237952032
unphased,94,Channel 10,1.3971,-1,0,,0.6341496435330769
unphased,94,Channel 11,114.5439,-1,0,,0.6927523853791251
unphased,94,Channel 12,-18.032,-1,0,,0.647006403097928
unphased,94,Channel 13,-184.1784,-1,0,,0.6429512511545075
unphased,94,Channel 14,52.432,-1,0,,0.6616883451023566
unphased,94,Channel 15,76.0494,-1,0,,0.6314711885069972
peak_all,94,Channel 1,177.9176,0,2,0.4819472127389737,0.3072677333959637
peak_all,94,Channel 2,-17.1045,3,2,0.6073164765254508,0.4529889040210438
peak_all,94,Channel 3,-7.36,9,2,1.4321139425058145,0.48790836439209334
peak_all,94,Channel 4,34.5444,8,1,1.568605983665857,0.45187822135006345
peak_all,94,Channel 5,189.7464,1,1,0.1428716168503764,0.30270726403109355
peak_all,94,Channel 6,24.8231,2,1,0.29486140603635413,0.350139684682703
peak_all,94,Channel 7,13.3117,11,1,1.7094594871565734,0.42426123377485375
peak_all,94,Channel 8,-17.7147,10,1,1.336093063130668,0.3833067536457277
peak_all,94,Channel 9,101.5338,4,1,0.8501413614822505,0.4104491342597245
peak_all,94,Channel 10,107.3181,5,1,1.1148042439844144,0.47612471713151927
peak_all,94,Channel 11,52.359,6,1,1.110281885810657,0.5025991912389332
peak_all,94,Channel 12,24.1639,7,1,1.3515033201126085,0.4371347021007248
peak_all,94,Channel 13,-299.8317,0,2,0.4819472127389737,0.35600605660950013
peak_all,94,Channel 14,68.3771,3,2,0.6073164765254508,0.4181038999846813
peak_all,94,Channel 15,30.0927,9,2,1.4321139425058145,0.41653414501405567
peak_12,94,Channel 1,-129.6944,0,1,0.4819472127389737,0.3072677333959637
peak_12,94,Channel 2,20.4967,3,1,0.6073164765254508,0.4529889040210438
peak_12,94,Channel 3,15.0472,9,1,1.4321139425058145,0.48790836439209334
peak_12,94,Channel 4,17.9528,8,1,1.568605983665857,0.45187822135006345
peak_12,94,Channel 5,180.5919,1,1,0.1428716168503764,0.30270726403109355
peak_12,94,Channel 6,13.1594,2,1,0.29486140603635413,0.350139684682703
peak_12,94,Channel 7,6.4427,11,1,1.7094594871565734,0.42426123377485375
peak_12,94,Channel 8,-26.5251,10,1,1.336093063130668,0.3833067536457277
peak_12,94,Channel 9,60.7776,4,1,0.8501413614822505,0.4104491342597245
peak_12,94,Channel 10,94.4155,5,1,1.1148042439844144,0.47612471713151927
peak_12,94,Channel 11,40.3055,6,1,1.110281885810657,0.5025991912389332
peak_12,94,Channel 12,11.8792,7,1,1.3515033201126085,0.4371347021007248
peak_12,94,Channel 13,-222.7994,-1,0,,0.6429512511545075
peak_12,94,Channel 14,145.1618,-1,0,,0.6616883451023566
peak_12,94,Channel 15,93.1908,-1,0,,0.6314711885069972
unphased,95,Channel 1,-208.8175,-1,0,,0.6423874522091452
unphased,95,Channel 2,-123.3675,-1,0,,0.6538608621901112
unphased,95,Channel 3,35.6527,-1,0,,0.6706644710061013
unphased,95,Channel 4,66.1538,-1,0,,0.6961048899303642
unphased,95,Channel 5,-135.0664,-1,0,,0.5988023574539292
unphased,95,Channel 6,22.6598,-1,0,,0.6647299992262903
unphased,95,Channel 7,56.2803,-1,0,,0.6559016245556545
unphased,95,Channel 8,113.7344,-1,0,,0.6677271972217287
unphased,95,Channel 9,488.05,-1,0,,0.665019610499462
unphased,95,Channel 10,-157.6389,-1,0,,0.5860336939375126
unphased,95,Channel 11,46.6166,-1,0,,0.6768069724335403
unphased,95,Channel 12,46.4081,-1,0,,0.6440043095621895
unphased,95,Channel 13,-227.2225,-1,0,,0.6294387274296944
unphased,95,Channel 14,135.6858,-1,0,,0.6517517313431215
unphased,95,Channel 15,57.7239,-1,0,,0.6467661010011572
peak_all,95,Channel 1,262.7472,1,2,0.7310163836320979,0.4486730214382913
peak_all,95,Channel 2,-75.7496,7,2,0.9877441148200842,0.3853103682444329
peak_all,95,Channel 3,23.7294,2,2,0.8846411559855161,0.48092360680940116
peak_all,95,Channel 4,94.6833,4,1,0.96345155741138,0.4914749590803581
peak_all,95,Channel 5,-47.3492,9,1,0.7687394267645296,0.30625778544530774
peak_all,95,Channel 6,93.3453,5,1,1.2963510067113493,0.5307292192715701
peak_all,95,Channel 7,51.0056,3,1,0.6031078105902299,0.46591463264607136
peak_all,95,Channel 8,53.8315,6,1,1.011757712117545,0.4513912142648557
peak_all,95,Channel 9,-5.7829,8,1,0.819493456068348,0.33929760996665653
peak_all,95,Channel 10,45.4545,0,1,1.2926353380654674,0.4306540706955042
peak_all,95,Channel 11,-6.7952,11,1,1.7720850579238765,0.4160510848526368
peak_all,95,Channel 12,-6.6499,10,1,0.8689769799095745,0.31152746632931966
peak_all,95,Channel 13,-114.1631,1,2,0.7310163836320979,0.40981431186995615
peak_all,95,Channel 14,97.4455,7,2,0.9877441148200842,0.3736152346729522
peak_all,95,Channel 15,49.4379,2,2,0.8846411559855161,0.4901184134542637
peak_12,95,Channel 1,188.48,1,1,0.7310163836320979,0.4486730214382913
peak_12,95,Channel 2,2.227,7,1,0.9877441148200842,0.3853103682444329
peak_12,95,Channel 3,55.1214,2,1,0.8846411559855161,0.48092360680940116
peak_12,95,Channel 4,85.5562,4,1,0.96345155741138,0.4914749590803581
peak_12,95,Channel 5,-51.1326,9,1,0.7687394267645296,0.30625778544530774
peak_12,95,Channel 6,87.6929,5,1,1.2963510067113493,0.5307292192715701
peak_12,95,Channel 7,51.2869,3,1,0.6031078105902299,0.46591463264607136
peak_12,95,Channel 8,49.8602,6,1,1.011757712117545,0.4513912142648557
peak_12,95,Channel 9,-13.4664,8,1,0.819493456068348,0.33929760996665653
peak_12,95,Channel 10,36.538,0,1,1.2926353380654674,0.4306540706955042
peak_12,95,Channel 11,-7.8091,11,1,1.7720850579238765,0.4160510848526368
peak_12,95,Channel 12,-11.2444,10,1,0.8689769799095745,0.31152746632931966
peak_12,95,Channel 13,-243.3011,-1,0,,0.6294387274296944
peak_12,95,Channel 14,136.8728,-1,0,,0.6517517313431215
peak_12,95,Channel 15,38.6656,-1,0,,0.6467661010011572
unphased,96,Channel 1,-316.1004,-1,0,,0.6399160935954958
unphased,96,Channel 2,64.4334,-1,0,,0.652450254997194
unphased,96,Channel 3,44.7187,-1,0,,0.6325637943464164
unphased,96,Channel 4,5.0209,-1,0,,0.667939048376801
unphased,96,Channel 5,-178.2004,-1,0,,0.6196801848114918
unphased,96,Channel 6,-16.9013,-1,0,,0.6582370550447936
unphased,96,Channel 7,51.567,-1,0,,0.678588286640603
unphased,96,Channel 8,-23.7262,-1,0,,0.6519052161204357
unphased,96,Channel 9,361.3093,-1,0,,0.6522412729317288
unphased,96,Channel 10,74.982,-1,0,,0.6404230948210617
unphased,96,Channel 11,74.9278,-1,0,,0.6844815254170165
unphased,96,Channel 12,31.1839,-1,0,,0.6455477034496402
unphased,96,Channel 13,-129.8942,-1,0,,0.6505273260348251
unphased,96,Channel 14,117.6897,-1,0,,0.653870528042736
unphased,96,Channel 15,-15.9069,-1,0,,0.6216286153697581
peak_all,96,Channel 1,81.5132,11,2,1.9627768231217286,0.4424239297638259
peak_all,96,Channel 2,-13.1793,8,2,1.6341936766645009,0.4427365653232537
peak_all,96,Channel 3,40.3691,2,2,0.31418402346263213,0.34852494269057827
peak_all,96,Channel 4,16.8517,10,1,1.520082395444047,0.43339736733300277
peak_all,96,Channel 5,28.9078,7,1,1.2455007966706435,0.34395993898745025
peak_all,96,Channel 6,29.4835,6,1,0.912667588360703,0.4717499599473062
peak_all,96,Channel 7,51.8064,4,1,0.9191710527787864,0.40346609191607435
peak_all,96,Channel 8,6.977,3,1,0.502215218734945,0.36236820835172545
peak_all,96,Channel 9,138.1063,5,1,0.9115120019797309,0.5218942272553193
peak_all,96,Channel 10,-18.7483,0,1,0.44496067755485097,0.34940966514550037
peak_all,96,Channel 11,30.5273,1,1,0.17552922179991645,0.40705259979145725
peak_all,96,Channel 12,5.2883,9,1,1.4572065234275147,0.3744004379361772
peak_all,96,Channel 13,-16.2394,11,2,1.9627768231217286,0.4585370586175672
peak_all,96,Channel 14,54.4787,8,2,1.6341936766645009,0.45357193692391307
peak_all,96,Channel 15,-6.4627,2,2,0.31418402346263213,0.3627743498255706
peak_12,96,Channel 1,27.6425,11,1,1.9627768231217286,0.4424239297638259
peak_12,96,Channel 2,18.8961,8,1,1.6341936766645009,0.4427365653232537
peak_12,96,Channel 3,27.6121,2,1,0.31418402346263213,0.34852494269057827
peak_12,96,Channel 4,2.3432,10,1,1.520082395444047,0.43339736733300277
peak_12,96,Channel 5,12.8165,7,1,1.2455007966706435,0.34395993898745025
peak_12,96,Channel 6,9.784,6,1,0.912667588360703,0.4717499599473062
peak_12,96,Channel 7,41.4355,4,1,0.9191710527787864,0.40346609191607435
peak_12,96,Channel 8,-5.5723,3,1,0.502215218734945,0.36236820835172545
peak_12,96,Channel 9,106.0491,5,1,0.9115120019797309,0.5218942272553193
peak_12,96,Channel 10,-38.8002,0,1,0.44496067755485097,0.34940966514550037
peak_12,96,Channel 11,20.6947,1,1,0.17552922179991645,0.40705259979145725
peak_12,96,Channel 12,-9.3649,9,1,1.4572065234275147,0.3744004379361772
peak_12,96,Channel 13,19.5028,-1,0,,0.6505273260348251
peak_12,96,Channel 14,165.2925,-1,0,,0.653870528042736
peak_12,96,Channel 15,24.1431,-1,0,,0.6216286153697581
unphased,97,Channel 1,339.373,-1,0,,0.6484169630104158
unphased,97,Channel 2,-127.5963,-1,0,,0.622796981464454
unphased,97,Channel 3,-41.2958,-1,0,,0.5910170773246672
unphased,97,Channel 4,19.9943,-1,0,,0.6600130118454249
unphased,97,Channel 5,398.3464,-1,0,,0.6442675730975982
unphased,97,Channel 6,31.5375,-1,0,,0.676237008488176
unphased,97,Channel 7,-3.5349,-1,0,,0.6413103266189076
unphased,97,Channel 8,153.1077,-1,0,,0.7047734279342978
unphased,97,Channel 9,-129.5437,-1,0,,0.6365561943264199
unphased,97,Channel 10,43.1759,-1,0,,0.676039941849064
unphased,97,Channel 11,31.7048,-1,0,,0.6655221978409933
unphased,97,Channel 12,-11.36,-1,0,,0.6664611691132185
unphased,97,Channel 13,391.387,-1,0,,0.6960752737550224
unphased,97,Channel 14,-87.2516,-1,0,,0.5902925237971048
unphased,97,Channel 15,-35.2726,-1,0,,0.630220329534238
peak_all,97,Channel 1,-126.8844,1,2,4.044778701207492,0.4176774155405271
peak_all,97,Channel 2,-41.6061,4,2,5.935540357439899,0.26980070695255826
peak_all,97,Channel 3,32.8092,7,2,3.8142124611008805,0.2672159743810447
peak_all,97,Channel 4,35.009,10,1,-3.727291749179758,0.44048834821715505
peak_all,97,Channel 5,-52.1559,6,1,10.238833869329756,0.27075331003952285
peak_all,97,Channel 6,60.3801,11,1,-9.675831048776367,0.5232285046505383
peak_all,97,Channel 7,25.6433,0,1,2.270858250906626,0.35952070572662487
peak_all,97,Channel 8,71.4616,3,1,0.7848499547611604,0.4726373041021186
peak_all,97,Channel 9,136.7031,8,1,-3.9679476153706355,0.4216810890897612
peak_all,97,Channel 10,-21.552,5,1,7.540470351563457,0.37361477400337895
peak_all,97,Channel 11,33.3285,2,1,2.9148591266328387,0.37878022805579875
peak_all,97,Channel 12,64.7831,9,1,-8.173332659615347,0.4841325361326767
peak_all,97,Channel 13,306.4261,1,2,4.044778701207492,0.4186236359787256
peak_all,97,Channel 14,42.6258,4,2,5.935540357439899,0.2584915473046523
peak_all,97,Channel 15,-34.6525,7,2,3.8142124611008805,0.33726391606027045
peak_12,97,Channel 1,133.3786,1,1,4.044778701207492,0.4176774155405271
peak_12,97,Channel 2,-1.0033,4,1,5.935540357439899,0.26980070695255826
peak_12,97,Channel 3,8.832,7,1,3.8142124611008805,0.2672159743810447
peak_12,97,Channel 4,40.3264,10,1,-3.727291749179758,0.44048834821715505
peak_12,97,Channel 5,-36.9761,6,1,10.238833869329756,0.27075331003952285
peak_12,97,Channel 6,62.5086,11,1,-9.675831048776367,0.5232285046505383
peak_12,97,Channel 7,33.3566,0,1,2.270858250906626,0.35952070572662487
peak_12,97,Channel 8,79.5414,3,1,0.7848499547611604,0.4726373041021186
peak_12,97,Channel 9,136.9193,8,1,-3.9679476153706355,0.4216810890897612
peak_12,97,Channel 10,-13.4922,5,1,7.540470351563457,0.37361477400337895
peak_12,97,Channel 11,38.9953,2,1,2.9148591266328387,0.37878022805579875
peak_12,97,Channel 12,61.8025,9,1,-8.173332659615347,0.4841325361326767
peak_12,97,Channel 13,371.5325,-1,0,,0.6960752737550224
peak_12,97,Channel 14,-130.6156,-1,0,,0.5902925237971048
peak_12,97,Channel 15,-71.3742,-1,0,,0.630220329534238
unphased,98,Channel 1,-85.493,-1,0,,0.650121771903978
unphased,98,Channel 2,59.5454,-1,0,,0.651028974556573
unphased,98,Channel 3,40.3105,-1,0,,0.6149327410127075
unphased,98,Channel 4,57.2302,-1,0,,0.6813018326596395
unphased,98,Channel 5,-17.1155,-1,0,,0.619157292211184
unphased,98,Channel 6,-8.3735,-1,0,,0.6599719013251165
unphased,98,Channel 7,-27.5004,-1,0,,0.6726453125891946
unphased,98,Channel 8,12.4447,-1,0,,0.6363466949289234
unphased,98,Channel 9,79.9605,-1,0,,0.6433090896841244
unphased,98,Channel 10,-2.9469,-1,0,,0.632050903897745
unphased,98,Channel 11,33.631,-1,0,,0.69134471797635
unphased,98,Channel 12,51.856,-1,0,,0.6566145567673419
unphased,98,Channel 13,235.027,-1,0,,0.6518146664265841
unphased,98,Channel 14,71.9953,-1,0,,0.6585128197963513
unphased,98,Channel 15,-26.2187,-1,0,,0.6308467242641892
peak_all,98,Channel 1,-141.1045,7,2,0.9122783785915097,0.36203687187075534
peak_all,98,Channel 2,-13.2533,11,2,1.950004630688895,0.4585334079161251
peak_all,98,Channel 3,71.7993,1,2,0.4821895230296567,0.511312602691931
peak_all,98,Channel 4,-11.6769,8,1,1.3799193091346265,0.4223583141581453
peak_all,98,Channel 5,37.2966,5,1,0.6608907661940255,0.3964197046281919
peak_all,98,Channel 6,-8.2431,0,1,0.6897546657821426,0.39188587445453255
peak_all,98,Channel 7,27.1064,6,1,0.7209548886896994,0.4576889184728779
peak_all,98,Channel 8,44.4365,2,1,0.5291302460424724,0.3286197662497104
peak_all,98,Channel 9,130.5924,10,1,1.6545830237566341,0.4436636178635535
peak_all,98,Channel 10,20.4588,4,1,0.7650842796646092,0.361785180005557
peak_all,98,Channel 11,27.0022,3,1,0.6835946646745661,0.4895482484793116
peak_all,98,Channel 12,28.1211,9,1,1.5716156237511643,0.3949933993325523
peak_all,98,Channel 13,210.8386,7,2,0.9122783785915097,0.3762697761831783
peak_all,98,Channel 14,31.2331,11,2,1.950004630688895,0.46140898311304585
peak_all,98,Channel 15,-19.8189,1,2,0.4821895230296567,0.35921947578812513
peak_12,98,Channel 1,2.455,7,1,0.9122783785915097,0.36203687187075534
peak_12,98,Channel 2,-6.4389,11,1,1.950004630688895,0.4585334079161251
peak_12,98,Channel 3,23.2155,1,1,0.4821895230296567,0.511312602691931
peak_12,98,Channel 4,-24.852,8,1,1.3799193091346265,0.4223583141581453
peak_12,98,Channel 5,-1.5633,5,1,0.6608907661940255,0.3964197046281919
peak_12,98,Channel 6,-39.9074,0,1,0.6897546657821426,0.39188587445453255
peak_12,98,Channel 7,8.0699,6,1,0.7209548886896994,0.4576889184728779
peak_12,98,Channel 8,28.3201,2,1,0.5291302460424724,0.3286197662497104
peak_12,98,Channel 9,62.9104,10,1,1.6545830237566341,0.4436636178635535
peak_12,98,Channel 10,-2.6438,4,1,0.7650842796646092,0.361785180005557
peak_12,98,Channel 11,11.7272,3,1,0.6835946646745661,0.4895482484793116
peak_12,98,Channel 12,-4.5321,9,1,1.5716156237511643,0.3949933993325523
peak_12,98,Channel 13,381.7744,-1,0,,0.6518146664265841
peak_12,98,Channel 14,137.8061,-1,0,,0.6585128197963513
peak_12,98,Channel 15,22.3614,-1,0,,0.6308467242641892
unphased,99,Channel 1,145.9124,-1,0,,0.6421065176882119
unphased,99,Channel 2,-26.5306,-1,0,,0.6355103319160432
unphased,99,Channel 3,-8.5269,-1,0,,0.6566407635205709
unphased,99,Channel 4,37.9609,-1,0,,0.7148897211745053
unphased,99,Channel 5,15.7426,-1,0,,0.6163703122093874
unphased,99,Channel 6,-49.9081,-1,0,,0.642632589718148
unphased,99,Channel 7,36.8591,-1,0,,0.666566030306559
unphased,99,Channel 8,-25.8594,-1,0,,0.6445253258573747
unphased,99,Channel 9,126.493,-1,0,,0.6556448619969414
unphased,99,Channel 10,39.7912,-1,0,,0.5997481711197433
unphased,99,Channel 11,86.1993,-1,0,,0.7010551624870004
unphased,99,Channel 12,47.2583,-1,0,,0.6507754069609584
unphased,99,Channel 13,-166.8826,-1,0,,0.6499301737791379
unphased,99,Channel 14,179.9469,-1,0,,0.6421968120549415
unphased,99,Channel 15,25.1319,-1,0,,0.6314078192104795
peak_all,99,Channel 1,343.9812,3,2,0.7397468527532404,0.4735800555300352
peak_all,99,Channel 2,-87.7012,11,2,1.9498315723146715,0.4168261553183285
peak_all,99,Channel 3,-22.8782,7,2,1.2941270415229074,0.3920998408990196
peak_all,99,Channel 4,57.4865,1,1,0.579534623785624,0.48617043668508714
peak_all,99,Channel 5,194.9343,6,1,0.7190894821801351,0.39858751430522577
peak_all,99,Channel 6,-10.4644,8,1,1.1071737198469698,0.39168000732711145
peak_all,99,Channel 7,59.9527,4,1,1.127885520442586,0.4308690219446307
peak_all,99,Channel 8,42.4955,5,1,0.8378576674580708,0.42327174187317074
peak_all,99,Channel 9,86.0787,10,1,0.9990622676257175,0.35063761756296846
peak_all,99,Channel 10,40.3947,0,1,1.204341611427172,0.42830280654629543
peak_all,99,Channel 11,41.9023,2,1,0.6420252044226484,0.405955476494661
peak_all,99,Channel 12,-26.7661,9,1,0.7993244362202573,0.29617058692332754
peak_all,99,Channel 13,-224.5189,3,2,0.7397468527532404,0.43873855914067905
peak_all,99,Channel 14,130.3686,11,2,1.9498315723146715,0.4192584945135529
peak_all,99,Channel 15,45.6986,7,2,1.2941270415229074,0.4362558821429536
peak_12,99,Channel 1,96.4731,3,1,0.7397468527532404,0.4735800555300352
peak_12,99,Channel 2,23.28,11,1,1.9498315723146715,0.4168261553183285
peak_12,99,Channel 3,5.4374,7,1,1.2941270415229074,0.3920998408990196
peak_12,99,Channel 4,57.309,1,1,0.579534623785624,0.48617043668508714
peak_12,99,Channel 5,163.1951,6,1,0.7190894821801351,0.39858751430522577
peak_12,99,Channel 6,-24.3747,8,1,1.1071737198469698,0.39168000732711145
peak_12,99,Channel 7,47.3833,4,1,1.127885520442586,0.4308690219446307
peak_12,99,Channel 8,32.2847,5,1,0.8378576674580708,0.42327174187317074
peak_12,99,Channel 9,59.0185,10,1,0.9990622676257175,0.35063761756296846
peak_12,99,Channel 10,32.3546,0,1,1.204341611427172,0.42830280654629543
peak_12,99,Channel 11,37.0395,2,1,0.6420252044226484,0.405955476494661
peak_12,99,Channel 12,-32.1728,9,1,0.7993244362202573,0.29617058692332754
peak_12,99,Channel 13,-160.5251,-1,0,,0.6499301737791379
peak_12,99,Channel 14,185.8999,-1,0,,0.6421968120549415
peak_12,99,Channel 15,36.9556,-1,0,,0.6314078192104795
unphased,100,Channel 1,89.7156,-1,0,,0.663589449098768
unphased,100,Channel 2,96.1093,-1,0,,0.683051034469661
unphased,100,Channel 3,-39.8477,-1,0,,0.5927243672088
unphased,100,Channel 4,-26.0566,-1,0,,0.652248379480494
unphased,100,Channel 5,35.6781,-1,0,,0.6310787017972133
unphased,100,Channel 6,134.15,-1,0,,0.7009816945984324
unphased,100,Channel 7,60.036,-1,0,,0.6661382110868383
unphased,100,Channel 8,-22.2675,-1,0,,0.6371696061508917
unphased,100,Channel 9,62.9736,-1,0,,0.6452092222936483
unphased,100,Channel 10,224.552,-1,0,,0.6823919212128093
unphased,100,Channel 11,-17.8202,-1,0,,0.6618354404774814
unphased,100,Channel 12,35.6688,-1,0,,0.6278749977211395
unphased,100,Channel 13,-434.5092,-1,0,,0.6396664770383856
unphased,100,Channel 14,117.747,-1,0,,0.6548975706664472
unphased,100,Channel 15,-41.4233,-1,0,,0.6111429266989931
peak_all,100,Channel 1,205.7394,7,2,1.6658920926774807,0.4407893627500789
peak_all,100,Channel 2,31.12,8,2,2.9070183783590746,0.5331696224780152
peak_all,100,Channel 3,-1.1522,3,2,-0.7121921707813854,0.27256881568332675
peak_all,100,Channel 4,-6.5941,2,1,-0.6287996509781247,0.25148455028239014
peak_all,100,Channel 5,174.6277,11,1,3.720736001811252,0.5265656543507593
peak_all,100,Channel 6,53.6008,6,1,0.361235405831618,0.4424039998766096
peak_all,100,Channel 7,-1.6673,5,1,-0.07328596501919345,0.33008056480669934
peak_all,100,Channel 8,-25.7068,0,1,-0.5386595029405162,0.2569451988127035
peak_all,100,Channel 9,-62.0072,1,1,-1.2574298546829912,0.30069081370436657
peak_all,100,Channel 10,10.0408,4,1,0.028487978614779374,0.30564288738039774
peak_all,100,Channel 11,48.3395,10,1,3.3578287950492296,0.5410531271203884
peak_all,100,Channel 12,54.4871,9,1,3.1691684920587755,0.4933451143328762
peak_all,100,Channel 13,-114.3857,7,2,1.6658920926774807,0.4449367649014311
peak_all,100,Channel 14,86.0591,8,2,2.9070183783590746,0.528992733270958
peak_all,100,Channel 15,-7.7634,3,2,-0.7121921707813854,0.26108061486948964
peak_12,100,Channel 1,87.5065,7,1,1.6658920926774807,0.4407893627500789
peak_12,100,Channel 2,94.1295,8,1,2.9070183783590746,0.5331696224780152
peak_12,100,Channel 3,-14.461,3,1,-0.7121921707813854,0.27256881568332675
peak_12,100,Channel 4,-13.6359,2,1,-0.6287996509781247,0.25148455028239014
peak_12,100,Channel 5,155.668,11,1,3.720736001811252,0.5265656543507593
peak_12,100,Channel 6,34.5242,6,1,0.361235405831618,0.4424039998766096
peak_12,100,Channel 7,-7.4455,5,1,-0.07328596501919345,0.33008056480669934
peak_12,100,Channel 8,-34.2054,0,1,-0.5386595029405162,0.2569451988127035
peak_12,100,Channel 9,-91.533,1,1,-1.2574298546829912,0.30069081370436657
peak_12,100,Channel 10,-5.2575,4,1,0.028487978614779374,0.30564288738039774
peak_12,100,Channel 11,42.5069,10,1,3.3578287950492296,0.5410531271203884
peak_12,100,Channel 12,43.5381,9,1,3.1691684920587755,0.4933451143328762
peak_12,100,Channel 13,-48.4716,-1,0,,0.6396664770383856
peak_12,100,Channel 14,165.6465,-1,0,,0.6548975706664472
peak_12,100,Channel 15,3.1215,-1,0,,0.6111429266989931
unphased,101,Channel 1,-115.0665,-1,0,,0.6362244980015103
unphased,101,Channel 2,102.556,-1,0,,0.6544179733370369
unphased,101,Channel 3,10.1165,-1,0,,0.6283140662669412
unphased,101,Channel 4,9.6279,-1,0,,0.6803263239864732
unphased,101,Channel 5,-8.1455,-1,0,,0.6289723652783337
unphased,101,Channel 6,-41.1745,-1,0,,0.6496831002716273
unphased,101,Channel 7,53.534,-1,0,,0.671868648585749
unphased,101,Channel 8,-68.8548,-1,0,,0.6420665618099383
unphased,101,Channel 9,116.5383,-1,0,,0.6502809252227075
unphased,101,Channel 10,57.0925,-1,0,,0.6441489091458347
unphased,101,Channel 11,84.1315,-1,0,,0.6841797540016864
unphased,101,Channel 12,105.0972,-1,0,,0.6438431547257042
unphased,101,Channel 13,-11.175,-1,0,,0.6564914396492038
unphased,101,Channel 14,37.1051,-1,0,,0.6570125677404051
unphased,101,Channel 15,8.7629,-1,0,,0.622169711976854
peak_all,101,Channel 1,98.2376,2,2,0.41815771103324123,0.3569374657285016
peak_all,101,Channel 2,50.2418,0,2,0.32392977472937573,0.336603590818441
peak_all,101,Channel 3,-1.4637,11,2,1.5988241940452055,0.4161664110003423
peak_all,101,Channel 4,51.3077,6,1,1.025880825171658,0.45119746095884056
peak_all,101,Channel 5,112.5215,8,1,1.55582896944847,0.38130228342221256
peak_all,101,Channel 6,46.2937,4,1,0.8687300951456858,0.4857490543105218
peak_all,101,Channel 7,45.7753,5,1,0.9111708076041849,0.43539349306567265
peak_all,101,Channel 8,14.4951,9,1,1.586433297418856,0.43163486841592064
peak_all,101,Channel 9,59.675,10,1,1.5708940574092007,0.4346777981126612
peak_all,101,Channel 10,43.587,7,1,1.2693688964405723,0.437320674592991
peak_all,101,Channel 11,39.3414,1,1,0.25428260317445345,0.4218235308871661
peak_all,101,Channel 12,24.3917,3,1,0.6164987683790972,0.43343938838250573
peak_all,101,Channel 13,-33.2758,2,2,0.41815771103324123,0.4019482582160206
peak_all,101,Channel 14,-49.6514,0,2,0.32392977472937573,0.2897367688262742
peak_all,101,Channel 15,-1.688,11,2,1.5988241940452055,0.3883521448225044
peak_12,101,Channel 1,36.2015,2,1,0.41815771103324123,0.3569374657285016
peak_12,101,Channel 2,-23.2683,0,1,0.32392977472937573,0.336603590818441
peak_12,101,Channel 3,-7.8463,11,1,1.5988241940452055,0.4161664110003423
peak_12,101,Channel 4,38.4707,6,1,1.025880825171658,0.45119746095884056
peak_12,101,Channel 5,80.3585,8,1,1.55582896944847,0.38130228342221256
peak_12,101,Channel 6,32.4976,4,1,0.8687300951456858,0.4857490543105218
peak_12,101,Channel 7,35.1668,5,1,0.9111708076041849,0.43539349306567265
peak_12,101,Channel 8,5.4354,9,1,1.586433297418856,0.43163486841592064
peak_12,101,Channel 9,31.8648,10,1,1.5708940574092007,0.4346777981126612
peak_12,101,Channel 10,36.7723,7,1,1.2693688964405723,0.437320674592991
peak_12,101,Channel 11,29.7009,1,1,0.25428260317445345,0.4218235308871661
peak_12,101,Channel 12,10.5861,3,1,0.6164987683790972,0.43343938838250573
peak_12,101,Channel 13,80.9521,-1,0,,0.6564914396492038
peak_12,101,Channel 14,83.0539,-1,0,,0.6570125677404051
peak_12,101,Channel 15,41.9851,-1,0,,0.622169711976854
unphased,102,Channel 1,64.9108,-1,0,,0.6284262771680598
unphased,102,Channel 2,-62.5594,-1,0,,0.6429217282606507
unphased,102,Channel 3,30.7595,-1,0,,0.6349712186320551
unphased,102,Channel 4,7.2333,-1,0,,0.6813192128700694
unphased,102,Channel 5,-22.3019,-1,0,,0.624239475430714
unphased,102,Channel 6,-11.3621,-1,0,,0.6425643992402797
unphased,102,Channel 7,62.1766,-1,0,,0.6713372692380414
unphased,102,Channel 8,10.8046,-1,0,,0.6542870479117444
unphased,102,Channel 9,196.5476,-1,0,,0.6559369422468505
unphased,102,Channel 10,-60.4071,-1,0,,0.6368469522824032
unphased,102,Channel 11,59.2468,-1,0,,0.6819136020847218
unphased,102,Channel 12,9.0127,-1,0,,0.6443309247696086
unphased,102,Channel 13,381.0495,-1,0,,0.665562861431651
unphased,102,Channel 14,40.9672,-1,0,,0.6598979389112327
unphased,102,Channel 15,-34.6374,-1,0,,0.6254441495219193
peak_all,102,Channel 1,-108.1449,8,2,1.2242277626773581,0.37560044767842365
peak_all,102,Channel 2,-5.5029,1,2,0.5516000580124456,0.4321893653292418
peak_all,102,Channel 3,37.7886,4,2,0.8153345717503536,0.38232486491522316
peak_all,102,Channel 4,-1.4416,0,1,0.6898227944046579,0.398352948378924
peak_all,102,Channel 5,233.8924,6,1,1.0827456230616757,0.4399516557205196
peak_all,102,Channel 6,46.4445,7,1,1.269238853468278,0.4019997708506512
peak_all,102,Channel 7,52.4371,3,1,0.790035575700763,0.4845302669393942
peak_all,102,Channel 8,47.6463,5,1,0.9426586020668241,0.43513366653741836
peak_all,102,Channel 9,71.2545,10,1,1.3741841398355523,0.40931850014673155
peak_all,102,Channel 10,63.472,2,1,0.545872995583558,0.3580443783594655
peak_all,102,Channel 11,15.0478,9,1,1.2449796703876652,0.4445046344719457
peak_all,102,Channel 12,-12.3124,11,1,1.4692993530508685,0.35395228893091385
peak_all,102,Channel 13,32.4517,8,2,1.2242277626773581,0.39238249255518715
peak_all,102,Channel 14,101.1936,1,2,0.5516000580124456,0.4614695324463268
peak_all,102,Channel 15,1.8874,4,2,0.8153345717503536,0.4126914618954928
peak_12,102,Channel 1,-144.1691,8,1,1.2242277626773581,0.37560044767842365
peak_12,102,Channel 2,24.0547,1,1,0.5516000580124456,0.4321893653292418
peak_12,102,Channel 3,17.5226,4,1,0.8153345717503536,0.38232486491522316
peak_12,102,Channel 4,-18.9559,0,1,0.6898227944046579,0.398352948378924
peak_12,102,Channel 5,151.6633,6,1,1.0827456230616757,0.4399516557205196
peak_12,102,Channel 6,33.7638,7,1,1.269238853468278,0.4019997708506512
peak_12,102,Channel 7,26.8319,3,1,0.790035575700763,0.4845302669393942
peak_12,102,Channel 8,25.7219,5,1,0.9426586020668241,0.43513366653741836
peak_12,102,Channel 9,1.798,10,1,1.3741841398355523,0.40931850014673155
peak_12,102,Channel 10,42.8931,2,1,0.545872995583558,0.3580443783594655
peak_12,102,Channel 11,-0.7887,9,1,1.2449796703876652,0.4445046344719457
peak_12,102,Channel 12,-27.9869,11,1,1.4692993530508685,0.35395228893091385
peak_12,102,Channel 13,495.3037,-1,0,,0.665562861431651
peak_12,102,Channel 14,102.0353,-1,0,,0.6598979389112327
peak_12,102,Channel 15,8.5186,-1,0,,0.6254441495219193
unphased,103,Channel 1,-57.039,-1,0,,0.6436013661029124
unphased,103,Channel 2,-34.3964,-1,0,,0.6516012564171656
unphased,103,Channel 3,22.1295,-1,0,,0.6172796105924815
unphased,103,Channel 4,-9.9101,-1,0,,0.6801997175427913
unphased,103,Channel 5,110.2376,-1,0,,0.6123742552599696
unphased,103,Channel 6,-12.661,-1,0,,0.6606325876872193
unphased,103,Channel 7,2.781,-1,0,,0.664308469254157
unphased,103,Channel 8,14.9266,-1,0,,0.6378695462112883
unphased,103,Channel 9,215.8061,-1,0,,0.6617727799995737
unphased,103,Channel 10,-33.895,-1,0,,0.6217018560736005
unphased,103,Channel 11,42.7516,-1,0,,0.6882903635342958
unphased,103,Channel 12,-0.2223,-1,0,,0.6559226180162439
unphased,103,Channel 13,401.3474,-1,0,,0.6572062373687108
unphased,103,Channel 14,117.9652,-1,0,,0.6659487242072214
unphased,103,Channel 15,-38.4871,-1,0,,0.6312906117323701
peak_all,103,Channel 1,10.2318,4,2,0.7722621213171162,0.3896055603010622
peak_all,103,Channel 2,-32.8271,3,2,0.7248558528264254,0.47295256930597085
peak_all,103,Channel 3,35.4881,10,2,1.3413548594464215,0.3812768898920729
peak_all,103,Channel 4,-29.5859,0,1,0.8388022284999381,0.4157557990774837
peak_all,103,Channel 5,225.803,5,1,0.7911644204462376,0.41390382353723654
peak_all,103,Channel 6,10.6982,8,1,1.243734559419157,0.42206319243215146
peak_all,103,Channel 7,44.7045,2,1,0.8134521224637458,0.4793990710423765
peak_all,103,Channel 8,23.9032,6,1,0.8987982945482114,0.4113458705814467
peak_all,103,Channel 9,239.0213,1,1,0.6651363637703793,0.4817304909265293
peak_all,103,Channel 10,-14.5978,9,1,1.387364003284466,0.38047986110396326
peak_all,103,Channel 11,-0.394,11,1,1.5420270741346016,0.41540379281348266
peak_all,103,Channel 12,16.916,7,1,0.9810480998432992,0.3844751975919057
peak_all,103,Channel 13,127.9183,4,2,0.7722621213171162,0.36925724762028617
peak_all,103,Channel 14,114.7753,3,2,0.7248558528264254,0.4374211556003253
peak_all,103,Channel 15,-18.2949,10,2,1.3413548594464215,0.39069770952213234
peak_12,103,Channel 1,49.2364,4,1,0.7722621213171162,0.3896055603010622
peak_12,103,Channel 2,40.2358,3,1,0.7248558528264254,0.47295256930597085
peak_12,103,Channel 3,7.2255,10,1,1.3413548594464215,0.3812768898920729
peak_12,103,Channel 4,-44.1813,0,1,0.8388022284999381,0.4157557990774837
peak_12,103,Channel 5,179.9831,5,1,0.7911644204462376,0.41390382353723654
peak_12,103,Channel 6,-8.7406,8,1,1.243734559419157,0.42206319243215146
peak_12,103,Channel 7,34.3017,2,1,0.8134521224637458,0.4793990710423765
peak_12,103,Channel 8,9.1397,6,1,0.8987982945482114,0.4113458705814467
peak_12,103,Channel 9,139.6353,1,1,0.6651363637703793,0.4817304909265293
peak_12,103,Channel 10,-46.5727,9,1,1.387364003284466,0.38047986110396326
peak_12,103,Channel 11,-11.5785,11,1,1.5420270741346016,0.41540379281348266
peak_12,103,Channel 12,-0.7954,7,1,0.9810480998432992,0.3844751975919057
peak_12,103,Channel 13,372.2426,-1,0,,0.6572062373687108
peak_12,103,Channel 14,149.7898,-1,0,,0.6659487242072214
peak_12,103,Channel 15,-20.9928,-1,0,,0.6312906117323701
unphased,104,Channel 1,210.411,-1,0,,0.6348107882792153
unphased,104,Channel 2,-4.1602,-1,0,,0.6487730642106745
unphased,104,Channel 3,15.4817,-1,0,,0.5992184852269501
unphased,104,Channel 4,89.2452,-1,0,,0.7001980732213264
unphased,104,Channel 5,35.4821,-1,0,,0.621354787187493
unphased,104,Channel 6,-55.9027,-1,0,,0.636997423527797
unphased,104,Channel 7,-13.8818,-1,0,,0.660504879509274
unphased,104,Channel 8,-55.538,-1,0,,0.660939250231242
unphased,104,Channel 9,85.0563,-1,0,,0.6531482381922398
unphased,104,Channel 10,23.7948,-1,0,,0.636248212183071
unphased,104,Channel 11,6.9645,-1,0,,0.6665021540214771
unphased,104,Channel 12,166.1012,-1,0,,0.6792130836486476
unphased,104,Channel 13,235.6698,-1,0,,0.6956045787981388
unphased,104,Channel 14,-48.6059,-1,0,,0.6311734006679308
unphased,104,Channel 15,-14.1412,-1,0,,0.6253135810945253
peak_all,104,Channel 1,-14.2111,9,2,1.1460305824673551,0.3432887004177689
peak_all,104,Channel 2,-8.3995,7,2,-0.633350509546116,0.25216119275991083
peak_all,104,Channel 3,7.127,0,2,1.106421471021276,0.34119821921113136
peak_all,104,Channel 4,28.0673,6,1,-0.1182209971637386,0.3916625697545302
peak_all,104,Channel 5,23.4686,10,1,1.905871984275849,0.3746732694314245
peak_all,104,Channel 6,125.7482,1,1,1.5245365153541406,0.560605878086324
peak_all,104,Channel 7,-28.2268,8,1,-0.07355170095807755,0.2848649654694676
peak_all,104,Channel 8,63.6563,4,1,1.8300456288110063,0.4954480704517588
peak_all,104,Channel 9,215.463,3,1,0.720103300820311,0.4791999778327075
peak_all,104,Channel 10,78.1405,2,1,1.1520642030508137,0.4450980631101113
peak_all,104,Channel 11,15.5858,5,1,0.22047527870446681,0.38805078455085884
peak_all,104,Channel 12,55.5587,11,1,3.2195742431627137,0.4552718257940985
peak_all,104,Channel 13,80.1857,9,2,1.1460305824673551,0.38370133238346865
peak_all,104,Channel 14,-8.031,7,2,-0.633350509546116,0.23246424008016145
peak_all,104,Channel 15,4.7443,0,2,1.106421471021276,0.3662013069087294
peak_12,104,Channel 1,17.0625,9,1,1.1460305824673551,0.3432887004177689
peak_12,104,Channel 2,-23.7279,7,1,-0.633350509546116,0.25216119275991083
peak_12,104,Channel 3,6.8435,0,1,1.106421471021276,0.34119821921113136
peak_12,104,Channel 4,19.2643,6,1,-0.1182209971637386,0.3916625697545302
peak_12,104,Channel 5,1.9692,10,1,1.905871984275849,0.3746732694314245
peak_12,104,Channel 6,104.1285,1,1,1.5245365153541406,0.560605878086324
peak_12,104,Channel 7,-35.2509,8,1,-0.07355170095807755,0.2848649654694676
peak_12,104,Channel 8,54.625,4,1,1.8300456288110063,0.4954480704517588
peak_12,104,Channel 9,173.4531,3,1,0.720103300820311,0.4791999778327075
peak_12,104,Channel 10,72.4241,2,1,1.1520642030508137,0.4450980631101113
peak_12,104,Channel 11,7.5234,5,1,0.22047527870446681,0.38805078455085884
peak_12,104,Channel 12,47.2866,11,1,3.2195742431627137,0.4552718257940985
peak_12,104,Channel 13,340.4319,-1,0,,0.6956045787981388
peak_12,104,Channel 14,-2.3832,-1,0,,0.6311734006679308
peak_12,104,Channel 15,-1.7732,-1,0,,0.6253135810945253
unphased,105,Channel 1,113.5236,-1,0,,0.6699677157245081
unphased,105,Channel 2,-9.6293,-1,0,,0.6681797479710957
unphased,105,Channel 3,59.9581,-1,0,,0.6111176574258884
unphased,105,Channel 4,51.252,-1,0,,0.660120303407323
unphased,105,Channel 5,-529.6906,-1,0,,0.5867512308556844
unphased,105,Channel 6,41.2947,-1,0,,0.689968212196239
unphased,105,Channel 7,123.0926,-1,0,,0.681218053304026
unphased,105,Channel 8,-114.1925,-1,0,,0.6178359484675068
unphased,105,Channel 9,-66.5226,-1,0,,0.6400202063638402
unphased,105,Channel 10,249.4991,-1,0,,0.6999770186042711
unphased,105,Channel 11,57.6639,-1,0,,0.665792053888841
unphased,105,Channel 12,-21.9791,-1,0,,0.6127033418128077
unphased,105,Channel 13,-165.7661,-1,0,,0.6769923493162526
unphased,105,Channel 14,81.6181,-1,0,,0.6525795427736091
unphased,105,Channel 15,37.7163,-1,0,,0.6167766178881084
peak_all,105,Channel 1,149.6695,1,2,-2.347214918139517,0.2572933083722875
peak_all,105,Channel 2,-66.0319,0,2,-0.8448383356497758,0.3017474091775095
peak_all,105,Channel 3,3.1561,3,2,-0.8398626685869952,0.31874207199294874
peak_all,105,Channel 4,65.913,8,1,2.8052305519218255,0.4743029463052476
peak_all,105,Channel 5,88.7945,10,1,3.209708063602974,0.44693210388880794
peak_all,105,Channel 6,69.8552,4,1,0.6918513939807555,0.5042094232022777
peak_all,105,Channel 7,42.8518,7,1,1.5882519144658802,0.42081132214302197
peak_all,105,Channel 8,1.4019,5,1,0.9148496593632905,0.40146639324873257
peak_all,105,Channel 9,-69.9001,2,1,-1.61506843609644,0.27208997025854825
peak_all,105,Channel 10,38.3461,6,1,0.5466857557947074,0.40296895286085027
peak_all,105,Channel 11,52.409,9,1,3.3694012235848914,0.5501100655618507
peak_all,105,Channel 12,52.2778,11,1,4.521005795758405,0.5083451237467823
peak_all,105,Channel 13,-361.2125,1,2,-2.347214918139517,0.22787719754407088
peak_all,105,Channel 14,42.6061,0,2,-0.8448383356497758,0.24301208944653177
peak_all,105,Channel 15,29.5211,3,2,-0.8398626685869952,0.3009316516053463
peak_12,105,Channel 1,-284.2328,1,1,-2.347214918139517,0.2572933083722875
peak_12,105,Channel 2,-61.5706,0,1,-0.8448383356497758,0.3017474091775095
peak_12,105,Channel 3,7.0407,3,1,-0.8398626685869952,0.31874207199294874
peak_12,105,Channel 4,36.8124,8,1,2.8052305519218255,0.4743029463052476
peak_12,105,Channel 5,34.6796,10,1,3.209708063602974,0.44693210388880794
peak_12,105,Channel 6,18.3411,4,1,0.6918513939807555,0.5042094232022777
peak_12,105,Channel 7,34.1316,7,1,1.5882519144658802,0.42081132214302197
peak_12,105,Channel 8,-16.11,5,1,0.9148496593632905,0.40146639324873257
peak_12,105,Channel 9,-102.8112,2,1,-1.61506843609644,0.27208997025854825
peak_12,105,Channel 10,3.1659,6,1,0.5466857557947074,0.40296895286085027
peak_12,105,Channel 11,41.3474,9,1,3.3694012235848914,0.5501100655618507
peak_12,105,Channel 12,38.9836,11,1,4.521005795758405,0.5083451237467823
peak_12,105,Channel 13,85.1986,-1,0,,0.6769923493162526
peak_12,105,Channel 14,139.9244,-1,0,,0.6525795427736091
peak_12,105,Channel 15,116.7967,-1,0,,0.6167766178881084
unphased,106,Channel 1,-70.7213,-1,0,,0.6507946075007537
unphased,106,Channel 2,42.3497,-1,0,,0.6579548206948407
unphased,106,Channel 3,-31.8624,-1,0,,0.6187389396719227
unphased,106,Channel 4,152.8617,-1,0,,0.6986013215415156
unphased,106,Channel 5,-205.715,-1,0,,0.6112516792133361
unphased,106,Channel 6,-57.9927,-1,0,,0.6505590606997516
unphased,106,Channel 7,11.7251,-1,0,,0.6770605144595645
unphased,106,Channel 8,-107.479,-1,0,,0.6389123330979923
unphased,106,Channel 9,163.3144,-1,0,,0.6523626968089882
unphased,106,Channel 10,197.3775,-1,0,,0.6405276696036719
unphased,106,Channel 11,51.1133,-1,0,,0.6924438336959028
unphased,106,Channel 12,0.9589,-1,0,,0.6380847253805786
unphased,106,Channel 13,49.6402,-1,0,,0.6464872869435233
unphased,106,Channel 14,62.2358,-1,0,,0.6576945498821761
unphased,106,Channel 15,38.3957,-1,0,,0.6185259608054857
peak_all,106,Channel 1,85.4099,6,2,0.681496154605346,0.42550720471657955
peak_all,106,Channel 2,-30.9278,8,2,1.454331721509061,0.41553942853168163
peak_all,106,Channel 3,-16.7415,11,2,2.2246738330762716,0.48478842480277906
peak_all,106,Channel 4,31.0431,10,1,1.674829319027116,0.4651628475794725
peak_all,106,Channel 5,57.5096,7,1,1.0971252820764248,0.3131423840709672
peak_all,106,Channel 6,28.2908,5,1,0.7476378601792203,0.45131120276623216
peak_all,106,Channel 7,20.7843,9,1,1.5391340480084192,0.41745326048898984
peak_all,106,Channel 8,-49.5317,0,1,0.44628055929559746,0.3406258867418686
peak_all,106,Channel 9,174.1122,2,1,0.5148978994632272,0.41959928940447516
peak_all,106,Channel 10,70.7386,1,1,0.2518125252562166,0.3931054268848077
peak_all,106,Channel 11,26.8305,4,1,0.7560068650306347,0.4136871943237068
peak_all,106,Channel 12,8.9407,3,1,0.6117739324724656,0.4317303391452228
peak_all,106,Channel 13,60.0955,6,2,0.681496154605346,0.4128290234429939
peak_all,106,Channel 14,47.2961,8,2,1.454331721509061,0.4253629367033956
peak_all,106,Channel 15,33.6489,11,2,2.2246738330762716,0.46030794001792696
peak_12,106,Channel 1,63.7616,6,1,0.681496154605346,0.42550720471657955
peak_12,106,Channel 2,-12.9638,8,1,1.454331721509061,0.41553942853168163
peak_12,106,Channel 3,3.0848,11,1,2.2246738330762716,0.48478842480277906
peak_12,106,Channel 4,12.3794,10,1,1.674829319027116,0.4651628475794725
peak_12,106,Channel 5,32.3608,7,1,1.0971252820764248,0.3131423840709672
peak_12,106,Channel 6,2.0259,5,1,0.7476378601792203,0.45131120276623216
peak_12,106,Channel 7,10.6067,9,1,1.5391340480084192,0.41745326048898984
peak_12,106,Channel 8,-76.874,0,1,0.44628055929559746,0.3406258867418686
peak_12,106,Channel 9,139.2222,2,1,0.5148978994632272,0.41959928940447516
peak_12,106,Channel 10,45.2121,1,1,0.2518125252562166,0.3931054268848077
peak_12,106,Channel 11,13.1766,4,1,0.7560068650306347,0.4136871943237068
peak_12,106,Channel 12,-10.2878,3,1,0.6117739324724656,0.4317303391452228
peak_12,106,Channel 13,151.0615,-1,0,,0.6464872869435233
peak_12,106,Channel 14,93.7636,-1,0,,0.6576945498821761
peak_12,106,Channel 15,81.9069,-1,0,,0.6185259608054857
unphased,107,Channel 1,-31.1634,-1,0,,0.6502043406453597
unphased,107,Channel 2,107.1486,-1,0,,0.6552851101221807
unphased,107,Channel 3,49.7974,-1,0,,0.6192191399724312
unphased,107,Channel 4,-39.9922,-1,0,,0.6681851645365967
unphased,107,Channel 5,195.4098,-1,0,,0.6067963762109448
unphased,107,Channel 6,-115.5156,-1,0,,0.6453392239423325
unphased,107,Channel 7,85.1202,-1,0,,0.6701575094280859
unphased,107,Channel 8,88.6224,-1,0,,0.6600293703372226
unphased,107,Channel 9,-75.4558,-1,0,,0.6493381258389491
unphased,107,Channel 10,-58.2894,-1,0,,0.6296725349202774
unphased,107,Channel 11,47.0198,-1,0,,0.678719927136462
unphased,107,Channel 12,15.2338,-1,0,,0.6535482706984561
unphased,107,Channel 13,39.021,-1,0,,0.6565181127205669
unphased,107,Channel 14,29.2442,-1,0,,0.6530695022270178
unphased,107,Channel 15,35.7575,-1,0,,0.6539172912631206
peak_all,107,Channel 1,205.6994,9,2,1.5065695077022854,0.4106151630887494
peak_all,107,Channel 2,44.1966,6,2,0.7685070697456171,0.39409505449022875
peak_all,107,Channel 3,16.305,4,2,0.8042850085623376,0.36832269543639345
peak_all,107,Channel 4,7.0269,11,1,1.7632013767564272,0.42685570636373776
peak_all,107,Channel 5,167.4179,3,1,0.7847747875172687,0.42117652360086716
peak_all,107,Channel 6,37.3627,1,1,0.40246090629597314,0.4593840838333167
peak_all,107,Channel 7,21.4076,7,1,0.8784529161894421,0.3593447255497685
peak_all,107,Channel 8,37.1136,2,1,0.5682884366631085,0.3509823325765505
peak_all,107,Channel 9,10.1704,10,1,1.4109037555579567,0.41086324820555364
peak_all,107,Channel 10,64.4602,5,1,0.8104478608827206,0.4323339559920532
peak_all,107,Channel 11,35.2274,8,1,1.5059801296410888,0.464124590077542
peak_all,107,Channel 12,-8.6777,0,1,0.7961282444857736,0.3802657223985031
peak_all,107,Channel 13,-176.9053,9,2,1.5065695077022854,0.42166808447472215
peak_all,107,Channel 14,-4.2453,6,2,0.7685070697456171,0.40857458924575063
peak_all,107,Channel 15,19.4738,4,2,0.8042850085623376,0.43031353874580114
peak_12,107,Channel 1,-9.0863,9,1,1.5065695077022854,0.4106151630887494
peak_12,107,Channel 2,14.0278,6,1,0.7685070697456171,0.39409505449022875
peak_12,107,Channel 3,18.2787,4,1,0.8042850085623376,0.36832269543639345
peak_12,107,Channel 4,-5.1113,11,1,1.7632013767564272,0.42685570636373776
peak_12,107,Channel 5,75.8529,3,1,0.7847747875172687,0.42117652360086716
peak_12,107,Channel 6,2.602,1,1,0.40246090629597314,0.4593840838333167
peak_12,107,Channel 7,12.6041,7,1,0.8784529161894421,0.3593447255497685
peak_12,107,Channel 8,26.1735,2,1,0.5682884366631085,0.3509823325765505
peak_12,107,Channel 9,-25.4989,10,1,1.4109037555579567,0.41086324820555364
peak_12,107,Channel 10,31.3183,5,1,0.8104478608827206,0.4323339559920532
peak_12,107,Channel 11,22.2226,8,1,1.5059801296410888,0.464124590077542
peak_12,107,Channel 12,-34.8974,0,1,0.7961282444857736,0.3802657223985031
peak_12,107,Channel 13,121.0302,-1,0,,0.6565181127205669
peak_12,107,Channel 14,126.1767,-1,0,,0.6530695022270178
peak_12,107,Channel 15,77.0614,-1,0,,0.6539172912631206
unphased,108,Channel 1,162.2377,-1,0,,0.6458070274208371
unphased,108,Channel 2,-40.0567,-1,0,,0.6489052190427537
unphased,108,Channel 3,-0.2275,-1,0,,0.6017945558501551
unphased,108,Channel 4,-2.5943,-1,0,,0.7030896744057024
unphased,108,Channel 5,508.3841,-1,0,,0.6514339363946757
unphased,108,Channel 6,35.1415,-1,0,,0.6566201326634797
unphased,108,Channel 7,39.675,-1,0,,0.6762653385949955
unphased,108,Channel 8,-44.3035,-1,0,,0.653503354751453
unphased,108,Channel 9,81.1652,-1,0,,0.6652792999105
unphased,108,Channel 10,90.9007,-1,0,,0.6575621183748308
unphased,108,Channel 11,39.8321,-1,0,,0.6765692567719525
unphased,108,Channel 12,-19.0926,-1,0,,0.6288395898310262
unphased,108,Channel 13,103.8834,-1,0,,0.6549337157384856
unphased,108,Channel 14,55.1306,-1,0,,0.6358377804691576
unphased,108,Channel 15,-91.3939,-1,0,,0.5935589997799988
peak_all,108,Channel 1,-182.4241,11,2,2.677766018828259,0.44811581922891547
peak_all,108,Channel 2,-52.4536,4,2,-0.5371965161351797,0.23805134060003796
peak_all,108,Channel 3,61.4066,6,2,1.335397459335767,0.46334218496265633
peak_all,108,Channel 4,44.3452,7,1,1.163762709296832,0.4220005698565077
peak_all,108,Channel 5,144.1444,10,1,2.303167838607647,0.4407141285673413
peak_all,108,Channel 6,-33.0645,3,1,-0.2564021784374456,0.397018088684627
peak_all,108,Channel 7,7.1023,0,1,0.03577598402766845,0.3230466008769622
peak_all,108,Channel 8,52.0305,1,1,0.40351275995279534,0.4882469886566008
peak_all,108,Channel 9,180.7341,2,1,0.2053057279829045,0.42906947567859643
peak_all,108,Channel 10,73.1584,5,1,0.5614654160404169,0.4387726213782266
peak_all,108,Channel 11,-15.341,8,1,1.437848579522092,0.42844630518108573
peak_all,108,Channel 12,44.4875,9,1,2.669596200978243,0.4412142439524856
peak_all,108,Channel 13,271.1142,11,2,2.677766018828259,0.46737775299666035
peak_all,108,Channel 14,30.0428,4,2,-0.5371965161351797,0.2446101164144527
peak_all,108,Channel 15,-14.8275,6,2,1.335397459335767,0.41434613104101414
peak_12,108,Channel 1,42.0688,11,1,2.677766018828259,0.44811581922891547
peak_12,108,Channel 2,-43.8916,4,1,-0.5371965161351797,0.23805134060003796
peak_12,108,Channel 3,45.9053,6,1,1.335397459335767,0.46334218496265633
peak_12,108,Channel 4,32.9046,7,1,1.163762709296832,0.4220005698565077
peak_12,108,Channel 5,101.6132,10,1,2.303167838607647,0.4407141285673413
peak_12,108,Channel 6,-39.9619,3,1,-0.2564021784374456,0.397018088684627
peak_12,108,Channel 7,-0.4867,0,1,0.03577598402766845,0.3230466008769622
peak_12,108,Channel 8,31.1646,1,1,0.40351275995279534,0.4882469886566008
peak_12,108,Channel 9,138.8505,2,1,0.2053057279829045,0.42906947567859643
peak_12,108,Channel 10,58.3805,5,1,0.5614654160404169,0.4387726213782266
peak_12,108,Channel 11,-15.8164,8,1,1.437848579522092,0.42844630518108573
peak_12,108,Channel 12,26.073,9,1,2.669596200978243,0.4412142439524856
peak_12,108,Channel 13,434.9964,-1,0,,0.6549337157384856
peak_12,108,Channel 14,75.1193,-1,0,,0.6358377804691576
peak_12,108,Channel 15,-73.2501,-1,0,,0.5935589997799988
unphased,109,Channel 1,5.3244,-1,0,,0.6404589868632342
unphased,109,Channel 2,53.7846,-1,0,,0.659978195976353
unphased,109,Channel 3,-1.5424,-1,0,,0.6574135637370458
unphased,109,Channel 4,34.6685,-1,0,,0.6862780619670836
unphased,109,Channel 5,-78.3219,-1,0,,0.6039775155397789
unphased,109,Channel 6,38.906,-1,0,,0.671004416934073
unphased,109,Channel 7,5.1652,-1,0,,0.6617177915559712
unphased,109,Channel 8,-43.7694,-1,0,,0.6205313141874238
unphased,109,Channel 9,462.0387,-1,0,,0.6760107818534113
unphased,109,Channel 10,-94.1262,-1,0,,0.5894026253428903
unphased,109,Channel 11,30.6846,-1,0,,0.670866983518195
unphased,109,Channel 12,39.4492,-1,0,,0.6455503288770439
unphased,109,Channel 13,-1.8761,-1,0,,0.6556848243764635
unphased,109,Channel 14,76.1778,-1,0,,0.6626779285472211
unphased,109,Channel 15,15.6257,-1,0,,0.6484466807238148
peak_all,109,Channel 1,201.7231,7,2,1.3310656448415927,0.42275696234476595
peak_all,109,Channel 2,39.08,6,2,1.089283422378229,0.43885952355840485
peak_all,109,Channel 3,-31.4725,9,2,1.0084889692190615,0.4519653510523066
peak_all,109,Channel 4,29.8482,3,1,0.4145302108565763,0.3742866526083085
peak_all,109,Channel 5,-31.5253,8,1,1.5301922879731291,0.3573599409690678
peak_all,109,Channel 6,81.4795,5,1,1.122938668073643,0.5172196083490085
peak_all,109,Channel 7,17.9928,2,1,0.3194874692080974,0.42042496027370824
peak_all,109,Channel 8,31.2083,0,1,1.4250920106513818,0.45387925661593287
peak_all,109,Channel 9,171.3351,4,1,0.9342106154597413,0.45225472878598155
peak_all,109,Channel 10,76.0863,1,1,0.6049899175919107,0.41505163985237153
peak_all,109,Channel 11,4.7584,10,1,1.0342492295755379,0.3181066541086286
peak_all,109,Channel 12,-4.4328,11,1,1.1854715541711003,0.31213909996093786
peak_all,109,Channel 13,-62.3108,7,2,1.3310656448415927,0.44406093941717684
peak_all,109,Channel 14,29.2604,6,2,1.089283422378229,0.4608448369751249
peak_all,109,Channel 15,23.8344,9,2,1.0084889692190615,0.37139289973457335
peak_12,109,Channel 1,112.0911,7,1,1.3310656448415927,0.42275696234476595
peak_12,109,Channel 2,47.1608,6,1,1.089283422378229,0.43885952355840485
peak_12,109,Channel 3,-17.6112,9,1,1.0084889692190615,0.4519653510523066
peak_12,109,Channel 4,14.1961,3,1,0.4145302108565763,0.3742866526083085
peak_12,109,Channel 5,-61.0756,8,1,1.5301922879731291,0.3573599409690678
peak_12,109,Channel 6,64.692,5,1,1.122938668073643,0.5172196083490085
peak_12,109,Channel 7,10.1106,2,1,0.3194874692080974,0.42042496027370824
peak_12,109,Channel 8,13.7912,0,1,1.4250920106513818,0.45387925661593287
peak_12,109,Channel 9,122.5344,4,1,0.9342106154597413,0.45225472878598155
peak_12,109,Channel 10,61.2338,1,1,0.6049899175919107,0.41505163985237153
peak_12,109,Channel 11,-4.7697,10,1,1.0342492295755379,0.3181066541086286
peak_12,109,Channel 12,-16.1659,11,1,1.1854715541711003,0.31213909996093786
peak_12,109,Channel 13,81.6004,-1,0,,0.6556848243764635
peak_12,109,Channel 14,118.5518,-1,0,,0.6626779285472211
peak_12,109,Channel 15,36.9902,-1,0,,0.6484466807238148
unphased,110,Channel 1,116.4519,-1,0,,0.6479578887714272
unphased,110,Channel 2,27.883,-1,0,,0.6560498127134551
unphased,110,Channel 3,-24.2486,-1,0,,0.6237537033816091
unphased,110,Channel 4,47.0982,-1,0,,0.6874835510829914
unphased,110,Channel 5,105.9112,-1,0,,0.6099883535095669
unphased,110,Channel 6,25.7752,-1,0,,0.6514345203798583
unphased,110,Channel 7,45.4805,-1,0,,0.6748547173371326
unphased,110,Channel 8,4.1973,-1,0,,0.6422853300948479
unphased,110,Channel 9,245.8641,-1,0,,0.649859996089737
unphased,110,Channel 10,-41.8799,-1,0,,0.6366943503190765
unphased,110,Channel 11,36.1407,-1,0,,0.6852277284626411
unphased,110,Channel 12,58.156,-1,0,,0.6452259756225599
unphased,110,Channel 13,-230.7399,-1,0,,0.649399887850775
unphased,110,Channel 14,84.0543,-1,0,,0.6577189508113364
unphased,110,Channel 15,-19.0755,-1,0,,0.6320652335729894
peak_all,110,Channel 1,347.8744,6,2,0.9252500427778557,0.4561094420169367
peak_all,110,Channel 2,-42.7789,11,2,1.7702503775755627,0.43929914428136346
peak_all,110,Channel 3,17.0705,3,2,0.6018706369646242,0.40717770087704686
peak_all,110,Channel 4,29.3479,1,1,0.40481406773122386,0.4190146804487229
peak_all,110,Channel 5,73.7738,9,1,1.4892471639157308,0.3990588979228757
peak_all,110,Channel 6,52.8547,4,1,0.8025453725241555,0.47883519029751714
peak_all,110,Channel 7,20.4277,7,1,1.0656030734897635,0.39224084193928893
peak_all,110,Channel 8,-28.1095,0,1,0.5467370869860543,0.3525200358056878
peak_all,110,Channel 9,106.1183,8,1,1.4493786716193364,0.4063475023158731
peak_all,110,Channel 10,53.3636,2,1,0.5544450895098549,0.355025752901842
peak_all,110,Channel 11,0.2086,10,1,1.41145573596545,0.38309480623707254
peak_all,110,Channel 12,68.6277,5,1,0.9784026809403883,0.406894579355732
peak_all,110,Channel 13,-244.6397,6,2,0.9252500427778557,0.4471062312218036
peak_all,110,Channel 14,54.8954,11,2,1.7702503775755627,0.43957406022148227
peak_all,110,Channel 15,16.805,3,2,0.6018706369646242,0.3890705346571254
peak_12,110,Channel 1,81.1155,6,1,0.9252500427778557,0.4561094420169367
peak_12,110,Channel 2,-1.7918,11,1,1.7702503775755627,0.43929914428136346
peak_12,110,Channel 3,20.7777,3,1,0.6018706369646242,0.40717770087704686
peak_12,110,Channel 4,20.1417,1,1,0.40481406773122386,0.4190146804487229
peak_12,110,Channel 5,43.2598,9,1,1.4892471639157308,0.3990588979228757
peak_12,110,Channel 6,21.0902,4,1,0.8025453725241555,0.47883519029751714
peak_12,110,Channel 7,12.8746,7,1,1.0656030734897635,0.39224084193928893
peak_12,110,Channel 8,-37.8465,0,1,0.5467370869860543,0.3525200358056878
peak_12,110,Channel 9,71.6249,8,1,1.4493786716193364,0.4063475023158731
peak_12,110,Channel 10,43.2476,2,1,0.5544450895098549,0.355025752901842
peak_12,110,Channel 11,-5.3849,10,1,1.41145573596545,0.38309480623707254
peak_12,110,Channel 12,56.1536,5,1,0.9784026809403883,0.406894579355732
peak_12,110,Channel 13,-37.7633,-1,0,,0.649399887850775
peak_12,110,Channel 14,173.5026,-1,0,,0.6577189508113364
peak_12,110,Channel 15,22.9208,-1,0,,0.6320652335729894
unphased,111,Channel 1,71.117,-1,0,,0.6431169230509458
unphased,111,Channel 2,-92.4032,-1,0,,0.6566131217517975
unphased,111,Channel 3,36.7425,-1,0,,0.64881616844018
unphased,111,Channel 4,41.5793,-1,0,,0.6956438030965562
unphased,111,Channel 5,-35.9471,-1,0,,0.6097887109725234
unphased,111,Channel 6,95.5875,-1,0,,0.6522451614013648
unphased,111,Channel 7,-2.4531,-1,0,,0.649258295185281
unphased,111,Channel 8,18.3354,-1,0,,0.6653656906716371
unphased,111,Channel 9,241.9653,-1,0,,0.6641494267577839
unphased,111,Channel 10,-128.9032,-1,0,,0.583612024917984
unphased,111,Channel 11,28.5719,-1,0,,0.668243476814652
unphased,111,Channel 12,65.8964,-1,0,,0.6608157211721883
unphased,111,Channel 13,178.7068,-1,0,,0.6567820714652879
unphased,111,Channel 14,81.6282,-1,0,,0.6476503601492178
unphased,111,Channel 15,6.1424,-1,0,,0.6478990441526055
peak_all,111,Channel 1,202.0076,6,2,0.4045076279430946,0.42535577294631394
peak_all,111,Channel 2,58.2261,1,2,1.3537527375350302,0.5369630442343668
peak_all,111,Channel 3,14.7531,9,2,0.76174980288874,0.4316422456010717
peak_all,111,Channel 4,72.4308,3,1,1.204628840007244,0.46592644221503765
peak_all,111,Channel 5,337.0714,2,1,1.101119550110339,0.45942218172917065
peak_all,111,Channel 6,-10.731,10,1,0.841485039581597,0.3277189803231165
peak_all,111,Channel 7,-20.3196,8,1,0.5671733232664937,0.32011934706375045
peak_all,111,Channel 8,75.8918,0,1,2.145104924914851,0.5324509498251009
peak_all,111,Channel 9,216.2674,4,1,1.1109798098333874,0.46930286647048514
peak_all,111,Channel 10,58.9984,5,1,0.8086609171253891,0.41907641116634264
peak_all,111,Channel 11,7.1715,7,1,0.3844100822803104,0.32779211339705655
peak_all,111,Channel 12,-8.9795,11,1,1.3164273445135233,0.3274422999390577
peak_all,111,Channel 13,-42.9432,6,2,0.4045076279430946,0.4233620516920864
peak_all,111,Channel 14,100.2694,1,2,1.3537527375350302,0.5455366099608192
peak_all,111,Channel 15,-28.0468,9,2,0.76174980288874,0.3549174990109654
peak_12,111,Channel 1,128.0803,6,1,0.4045076279430946,0.42535577294631394
peak_12,111,Channel 2,121.4226,1,1,1.3537527375350302,0.5369630442343668
peak_12,111,Channel 3,-20.5681,9,1,0.76174980288874,0.4316422456010717
peak_12,111,Channel 4,68.9376,3,1,1.204628840007244,0.46592644221503765
peak_12,111,Channel 5,328.7577,2,1,1.101119550110339,0.45942218172917065
peak_12,111,Channel 6,-16.2835,10,1,0.841485039581597,0.3277189803231165
peak_12,111,Channel 7,-26.3879,8,1,0.5671733232664937,0.32011934706375045
peak_12,111,Channel 8,78.3758,0,1,2.145104924914851,0.5324509498251009
peak_12,111,Channel 9,195.3465,4,1,1.1109798098333874,0.46930286647048514
peak_12,111,Channel 10,62.6249,5,1,0.8086609171253891,0.41907641116634264
peak_12,111,Channel 11,8.4882,7,1,0.3844100822803104,0.32779211339705655
peak_12,111,Channel 12,-15.0068,11,1,1.3164273445135233,0.3274422999390577
peak_12,111,Channel 13,15.079,-1,0,,0.6567820714652879
peak_12,111,Channel 14,82.5171,-1,0,,0.6476503601492178
peak_12,111,Channel 15,0.7433,-1,0,,0.6478990441526055
unphased,112,Channel 1,-126.5861,-1,0,,0.6416909481831664
unphased,112,Channel 2,-68.1123,-1,0,,0.6314735115741114
unphased,112,Channel 3,-38.1559,-1,0,,0.5996862676519609
unphased,112,Channel 4,20.332,-1,0,,0.6599949390600957
unphased,112,Channel 5,312.4138,-1,0,,0.6473726787412412
unphased,112,Channel 6,109.6201,-1,0,,0.684361865660365
unphased,112,Channel 7,79.1158,-1,0,,0.6722435205847923
unphased,112,Channel 8,-55.0156,-1,0,,0.6229330117316783
unphased,112,Channel 9,-11.3944,-1,0,,0.6700883584269995
unphased,112,Channel 10,51.9768,-1,0,,0.6648678057341387
unphased,112,Channel 11,100.7402,-1,0,,0.689561424177456
unphased,112,Channel 12,-14.8415,-1,0,,0.6601254729317261
unphased,112,Channel 13,3.2267,-1,0,,0.6493688557303818
unphased,112,Channel 14,154.5372,-1,0,,0.6592165621835288
unphased,112,Channel 15,-18.6159,-1,0,,0.5970147776283583
peak_all,112,Channel 1,-146.8965,4,2,0.1978845773442901,0.31264070798267013
peak_all,112,Channel 2,-116.7777,7,2,0.7493522580661441,0.32594407841893736
peak_all,112,Channel 3,9.0908,6,2,0.29332805145765084,0.36045461690229164
peak_all,112,Channel 4,78.3508,10,1,2.682243737100578,0.5504916782102356
peak_all,112,Channel 5,29.3436,1,1,0.03915778818717816,0.3235052667457105
peak_all,112,Channel 6,66.8368,11,1,3.0891509271464224,0.557769787800199
peak_all,112,Channel 7,26.2578,8,1,1.3871807794347628,0.3934496384390481
peak_all,112,Channel 8,0.9024,0,1,0.7518659690991639,0.371289605514953
peak_all,112,Channel 9,120.6,9,1,1.8430953410112507,0.47575888906792896
peak_all,112,Channel 10,35.786,2,1,0.38886806080351094,0.35977878365852295
peak_all,112,Channel 11,8.703,5,1,-0.08568731837348806,0.3289441194633371
peak_all,112,Channel 12,44.3811,3,1,0.6635598287225356,0.4601559482546474
peak_all,112,Channel 13,128.5414,4,2,0.1978845773442901,0.2891740699784795
peak_all,112,Channel 14,136.2211,7,2,0.7493522580661441,0.3324688424384223
peak_all,112,Channel 15,2.2279,6,2,0.29332805145765084,0.3104205161424167
peak_12,112,Channel 1,-104.8592,4,1,0.1978845773442901,0.31264070798267013
peak_12,112,Channel 2,-11.6366,7,1,0.7493522580661441,0.32594407841893736
peak_12,112,Channel 3,-0.1143,6,1,0.29332805145765084,0.36045461690229164
peak_12,112,Channel 4,62.6875,10,1,2.682243737100578,0.5504916782102356
peak_12,112,Channel 5,-20.0317,1,1,0.03915778818717816,0.3235052667457105
peak_12,112,Channel 6,50.1712,11,1,3.0891509271464224,0.557769787800199
peak_12,112,Channel 7,17.4496,8,1,1.3871807794347628,0.3934496384390481
peak_12,112,Channel 8,-14.0431,0,1,0.7518659690991639,0.371289605514953
peak_12,112,Channel 9,45.5809,9,1,1.8430953410112507,0.47575888906792896
peak_12,112,Channel 10,20.3766,2,1,0.38886806080351094,0.35977878365852295
peak_12,112,Channel 11,2.3259,5,1,-0.08568731837348806,0.3289441194633371
peak_12,112,Channel 12,27.359,3,1,0.6635598287225356,0.4601559482546474
peak_12,112,Channel 13,234.8761,-1,0,,0.6493688557303818
peak_12,112,Channel 14,181.9778,-1,0,,0.6592165621835288
peak_12,112,Channel 15,-22.5473,-1,0,,0.5970147776283583
unphased,113,Channel 1,-27.0148,-1,0,,0.6336589788536172
unphased,113,Channel 2,-19.3308,-1,0,,0.6522851538599528
unphased,113,Channel 3,-39.6658,-1,0,,0.6173404554838083
unphased,113,Channel 4,75.4184,-1,0,,0.709523960809485
unphased,113,Channel 5,31.7973,-1,0,,0.6201618851983184
unphased,113,Channel 6,-53.2358,-1,0,,0.6458497687555019
unphased,113,Channel 7,-13.976,-1,0,,0.6660878087520558
unphased,113,Channel 8,-41.1673,-1,0,,0.6411095815025555
unphased,113,Channel 9,266.9243,-1,0,,0.6637035900530335
unphased,113,Channel 10,31.0817,-1,0,,0.6298035349828984
unphased,113,Channel 11,81.2314,-1,0,,0.6893696458867425
unphased,113,Channel 12,9.0387,-1,0,,0.6454644225211541
unphased,113,Channel 13,341.6814,-1,0,,0.6682636443863494
unphased,113,Channel 14,50.3035,-1,0,,0.6515945959743541
unphased,113,Channel 15,26.2138,-1,0,,0.6157829729801713
peak_all,113,Channel 1,-122.1643,10,2,1.520051589527389,0.3825325019360487
peak_all,113,Channel 2,45.9402,2,2,0.9487477939915713,0.4692922417339117
peak_all,113,Channel 3,-23.7793,8,2,0.9309671445347463,0.3461595740467923
peak_all,113,Channel 4,43.2546,4,1,0.7257714660440987,0.4635033979967616
peak_all,113,Channel 5,50.259,7,1,0.8352002653535157,0.2875330164763393
peak_all,113,Channel 6,38.2796,5,1,0.7458947424217196,0.45881509666678766
peak_all,113,Channel 7,6.0193,11,1,1.7047071978773236,0.4085595546914381
peak_all,113,Channel 8,24.3754,0,1,0.6931097902523015,0.3860911785126284
peak_all,113,Channel 9,0.5133,9,1,1.2980980633174695,0.42682809173793007
peak_all,113,Channel 10,136.8797,1,1,1.0459589474013011,0.4894104906311814
peak_all,113,Channel 11,45.1228,3,1,0.7149538603899304,0.5027100133938781
peak_all,113,Channel 12,60.2219,6,1,0.8365391388886338,0.4171383371349392
peak_all,113,Channel 13,204.9284,10,2,1.520051589527389,0.40865111744187543
peak_all,113,Channel 14,36.4399,2,2,0.9487477939915713,0.41944309673953123
peak_all,113,Channel 15,0.9734,8,2,0.9309671445347463,0.3136300326000714
peak_12,113,Channel 1,18.4703,10,1,1.520051589527389,0.3825325019360487
peak_12,113,Channel 2,64.7146,2,1,0.9487477939915713,0.4692922417339117
peak_12,113,Channel 3,-31.7131,8,1,0.9309671445347463,0.3461595740467923
peak_12,113,Channel 4,19.6319,4,1,0.7257714660440987,0.4635033979967616
peak_12,113,Channel 5,16.3696,7,1,0.8352002653535157,0.2875330164763393
peak_12,113,Channel 6,15.4886,5,1,0.7458947424217196,0.45881509666678766
peak_12,113,Channel 7,-3.7417,11,1,1.7047071978773236,0.4085595546914381
peak_12,113,Channel 8,1.6803,0,1,0.6931097902523015,0.3860911785126284
peak_12,113,Channel 9,-72.5741,9,1,1.2980980633174695,0.42682809173793007
peak_12,113,Channel 10,99.9198,1,1,1.0459589474013011,0.4894104906311814
peak_12,113,Channel 11,33.2423,3,1,0.7149538603899304,0.5027100133938781
peak_12,113,Channel 12,40.5651,6,1,0.8365391388886338,0.4171383371349392
peak_12,113,Channel 13,401.7092,-1,0,,0.6682636443863494
peak_12,113,Channel 14,63.088,-1,0,,0.6515945959743541
peak_12,113,Channel 15,20.3004,-1,0,,0.6157829729801713
unphased,114,Channel 1,-125.1441,-1,0,,0.6384782564725607
unphased,114,Channel 2,28.1126,-1,0,,0.6494066635808594
unphased,114,Channel 3,21.8045,-1,0,,0.6199847126190904
unphased,114,Channel 4,-2.3207,-1,0,,0.6799787958491115
unphased,114,Channel 5,294.9684,-1,0,,0.6356113308024851
unphased,114,Channel 6,-87.6525,-1,0,,0.6428201733927182
unphased,114,Channel 7,15.0304,-1,0,,0.6611385108976201
unphased,114,Channel 8,53.4047,-1,0,,0.6535597567990172
unphased,114,Channel 9,322.2901,-1,0,,0.66217973837667
unphased,114,Channel 10,-24.1772,-1,0,,0.626314379773376
unphased,114,Channel 11,-11.8325,-1,0,,0.6631754121607659
unphased,114,Channel 12,81.5799,-1,0,,0.6709987015570187
unphased,114,Channel 13,-26.6856,-1,0,,0.6446962705734859
unphased,114,Channel 14,116.6791,-1,0,,0.6526606273683899
unphased,114,Channel 15,31.1434,-1,0,,0.6489966697768352
peak_all,114,Channel 1,-61.3913,9,2,1.3594056929545322,0.38017449427708266
peak_all,114,Channel 2,-5.8363,8,2,1.1660476530090476,0.379596040350941
peak_all,114,Channel 3,16.9568,5,2,0.8032397920574252,0.36480071752441257
peak_all,114,Channel 4,19.4369,7,1,0.9921085289044309,0.39702742974119404
peak_all,114,Channel 5,48.3877,10,1,1.2957571449479863,0.3512616191498766
peak_all,114,Channel 6,43.724,2,1,0.6223951319531256,0.4064535909612071
peak_all,114,Channel 7,32.1745,4,1,0.306324556093427,0.3135828993821907
peak_all,114,Channel 8,102.0319,1,1,1.1042626370490425,0.5510919125262846
peak_all,114,Channel 9,57.7413,11,1,1.8319261781040306,0.4572382513573021
peak_all,114,Channel 10,83.6748,6,1,0.9754967380693993,0.4004142288444618
peak_all,114,Channel 11,8.7274,3,1,0.33116550603503087,0.43466852498139735
peak_all,114,Channel 12,49.5721,0,1,1.2118704408225247,0.45068862076131117
peak_all,114,Channel 13,-6.3815,9,2,1.3594056929545322,0.3929014761278714
peak_all,114,Channel 14,47.4689,8,2,1.1660476530090476,0.39239401301857335
peak_all,114,Channel 15,16.3438,5,2,0.8032397920574252,0.4465976182766039
peak_12,114,Channel 1,-138.0826,9,1,1.3594056929545322,0.38017449427708266
peak_12,114,Channel 2,11.4056,8,1,1.1660476530090476,0.379596040350941
peak_12,114,Channel 3,14.0705,5,1,0.8032397920574252,0.36480071752441257
peak_12,114,Channel 4,1.4454,7,1,0.9921085289044309,0.39702742974119404
peak_12,114,Channel 5,-4.6449,10,1,1.2957571449479863,0.3512616191498766
peak_12,114,Channel 6,21.9764,2,1,0.6223951319531256,0.4064535909612071
peak_12,114,Channel 7,12.2471,4,1,0.306324556093427,0.3135828993821907
peak_12,114,Channel 8,76.4218,1,1,1.1042626370490425,0.5510919125262846
peak_12,114,Channel 9,17.549,11,1,1.8319261781040306,0.4572382513573021
peak_12,114,Channel 10,57.684,6,1,0.9754967380693993,0.4004142288444618
peak_12,114,Channel 11,-7.7958,3,1,0.33116550603503087,0.43466852498139735
peak_12,114,Channel 12,22.8835,0,1,1.2118704408225247,0.45068862076131117
peak_12,114,Channel 13,213.1888,-1,0,,0.6446962705734859
peak_12,114,Channel 14,179.1326,-1,0,,0.6526606273683899
peak_12,114,Channel 15,31.9721,-1,0,,0.6489966697768352
unphased,115,Channel 1,106.7258,-1,0,,0.6553310508667045
unphased,115,Channel 2,54.8421,-1,0,,0.6649889665991602
unphased,115,Channel 3,17.7099,-1,0,,0.608708125618052
unphased,115,Channel 4,12.2091,-1,0,,0.6733983136799447
unphased,115,Channel 5,13.6788,-1,0,,0.616156361042743
unphased,115,Channel 6,12.6266,-1,0,,0.6675048769152987
unphased,115,Channel 7,42.3091,-1,0,,0.6740700016976421
unphased,115,Channel 8,-60.6736,-1,0,,0.6254031425625601
unphased,115,Channel 9,247.1367,-1,0,,0.6596814007251256
unphased,115,Channel 10,103.3601,-1,0,,0.6465209271775969
unphased,115,Channel 11,37.1265,-1,0,,0.6808293379849117
unphased,115,Channel 12,-46.8309,-1,0,,0.6380923933908972
unphased,115,Channel 13,-237.9401,-1,0,,0.6484071643047994
unphased,115,Channel 14,91.2573,-1,0,,0.6627977424641478
unphased,115,Channel 15,-19.247,-1,0,,0.6281101949704176
peak_all,115,Channel 1,172.9909,1,2,0.08496448763099304,0.34878947614389944
peak_all,115,Channel 2,-3.5667,4,2,0.6184118204990925,0.3346967621693478
peak_all,115,Channel 3,20.253,8,2,1.7100873207880611,0.4379508241501052
peak_all,115,Channel 4,30.2534,2,1,0.2598616593994189,0.33297067623345383
peak_all,115,Channel 5,87.9481,10,1,1.8510808713945512,0.4302361935223839
peak_all,115,Channel 6,-0.5735,11,1,1.9449468415411788,0.4592115606860796
peak_all,115,Channel 7,23.54,6,1,1.010802449989676,0.49448648214926555
peak_all,115,Channel 8,10.5587,5,1,0.6971684820835449,0.3757612272397997
peak_all,115,Channel 9,123.8915,9,1,1.8118588208330728,0.49082962002500435
peak_all,115,Channel 10,37.3606,3,1,0.40290448792702627,0.40055075571638316
peak_all,115,Channel 11,3.8825,0,1,0.3114573852921079,0.3791409654496498
peak_all,115,Channel 12,29.8457,7,1,1.2964553726212769,0.41986952378048376
peak_all,115,Channel 13,-195.602,1,2,0.08496448763099304,0.31198770608266674
peak_all,115,Channel 14,47.2213,4,2,0.6184118204990925,0.34746571931616066
peak_all,115,Channel 15,-3.0861,8,2,1.7100873207880611,0.42019918455356037
peak_12,115,Channel 1,-53.7401,1,1,0.08496448763099304,0.34878947614389944
peak_12,115,Channel 2,18.2279,4,1,0.6184118204990925,0.3346967621693478
peak_12,115,Channel 3,10.9905,8,1,1.7100873207880611,0.4379508241501052
peak_12,115,Channel 4,21.8023,2,1,0.2598616593994189,0.33297067623345383
peak_12,115,Channel 5,63.935,10,1,1.8510808713945512,0.4302361935223839
peak_12,115,Channel 6,-8.3394,11,1,1.9449468415411788,0.4592115606860796
peak_12,115,Channel 7,12.764,6,1,1.010802449989676,0.49448648214926555
peak_12,115,Channel 8,3.0147,5,1,0.6971684820835449,0.3757612272397997
peak_12,115,Channel 9,91.8905,9,1,1.8118588208330728,0.49082962002500435
peak_12,115,Channel 10,16.7458,3,1,0.40290448792702627,0.40055075571638316
peak_12,115,Channel 11,-2.5375,0,1,0.3114573852921079,0.3791409654496498
peak_12,115,Channel 12,21.2878,7,1,1.2964553726212769,0.41986952378048376
peak_12,115,Channel 13,8.5359,-1,0,,0.6484071643047994
peak_12,115,Channel 14,126.9592,-1,0,,0.6627977424641478
peak_12,115,Channel 15,25.9741,-1,0,,0.6281101949704176
unphased,116,Channel 1,158.6109,-1,0,,0.6596866984747021
unphased,116,Channel 2,-22.6238,-1,0,,0.6678709422102121
unphased,116,Channel 3,-27.0976,-1,0,,0.6108040302354134
unphased,116,Channel 4,29.1489,-1,0,,0.6792217397530431
unphased,116,Channel 5,-108.0609,-1,0,,0.6284991712440876
unphased,116,Channel 6,-50.4798,-1,0,,0.655219230036809
unphased,116,Channel 7,50.2792,-1,0,,0.6647006965625589
unphased,116,Channel 8,12.996,-1,0,,0.6357299747207448
unphased,116,Channel 9,348.3762,-1,0,,0.6625390185482373
unphased,116,Channel 10,-43.9785,-1,0,,0.6174281095515315
unphased,116,Channel 11,94.5525,-1,0,,0.6698866866243726
unphased,116,Channel 12,50.1821,-1,0,,0.6534776072047687
unphased,116,Channel 13,-113.8412,-1,0,,0.6458550532489731
unphased,116,Channel 14,108.6672,-1,0,,0.6522309964188059
unphased,116,Channel 15,22.6562,-1,0,,0.6468500451657416
peak_all,116,Channel 1,356.9524,3,2,0.4376839616498953,0.44124409821333505
peak_all,116,Channel 2,-37.78,10,2,1.6440510871098024,0.4346638228922215
peak_all,116,Channel 3,-14.7935,8,2,1.3318614079649107,0.3850747717663738
peak_all,116,Channel 4,-12.8237,7,1,0.8773624358173352,0.37727899321006525
peak_all,116,Channel 5,258.7057,6,1,0.6882103126828657,0.3894386346294127
peak_all,116,Channel 6,58.072,1,1,0.6586746297641017,0.5047992119422424
peak_all,116,Channel 7,30.4863,4,1,0.5836412715898585,0.35178778827975776
peak_all,116,Channel 8,28.0249,0,1,1.1594150413606803,0.43242358981072315
peak_all,116,Channel 9,190.8409,2,1,0.41821350964723597,0.4185360457616683
peak_all,116,Channel 10,-0.7723,9,1,1.4981870511039506,0.3835413422064526
peak_all,116,Channel 11,9.7248,11,1,2.1403403335329463,0.4709260912021864
peak_all,116,Channel 12,47.2968,5,1,0.5623589577764175,0.3592721770354021
peak_all,116,Channel 13,-243.2849,3,2,0.4376839616498953,0.38831189486530293
peak_all,116,Channel 14,77.0707,10,2,1.6440510871098024,0.4038830921991492
peak_all,116,Channel 15,11.3957,8,2,1.3318614079649107,0.3738090045025729
peak_12,116,Channel 1,78.1987,3,1,0.4376839616498953,0.44124409821333505
peak_12,116,Channel 2,25.9405,10,1,1.6440510871098024,0.4346638228922215
peak_12,116,Channel 3,-11.362,8,1,1.3318614079649107,0.3850747717663738
peak_12,116,Channel 4,-18.8362,7,1,0.8773624358173352,0.37727899321006525
peak_12,116,Channel 5,205.1822,6,1,0.6882103126828657,0.3894386346294127
peak_12,116,Channel 6,41.0524,1,1,0.6586746297641017,0.5047992119422424
peak_12,116,Channel 7,16.1716,4,1,0.5836412715898585,0.35178778827975776
peak_12,116,Channel 8,21.4685,0,1,1.1594150413606803,0.43242358981072315
peak_12,116,Channel 9,163.1439,2,1,0.41821350964723597,0.4185360457616683
peak_12,116,Channel 10,-11.013,9,1,1.4981870511039506,0.3835413422064526
peak_12,116,Channel 11,7.3454,11,1,2.1403403335329463,0.4709260912021864
peak_12,116,Channel 12,35.5338,5,1,0.5623589577764175,0.3592721770354021
peak_12,116,Channel 13,-28.5159,-1,0,,0.6458550532489731
peak_12,116,Channel 14,135.6776,-1,0,,0.6522309964188059
peak_12,116,Channel 15,29.1628,-1,0,,0.6468500451657416
unphased,117,Channel 1,107.3795,-1,0,,0.6545308507534673
unphased,117,Channel 2,174.9899,-1,0,,0.6604596088168004
unphased,117,Channel 3,22.6935,-1,0,,0.6175160458886864
unphased,117,Channel 4,27.7252,-1,0,,0.6806964112150885
unphased,117,Channel 5,-110.8688,-1,0,,0.6162166460621444
unphased,117,Channel 6,-73.8688,-1,0,,0.6595311296774624
unphased,117,Channel 7,67.9569,-1,0,,0.6720611800603175
unphased,117,Channel 8,-8.4205,-1,0,,0.6382756291769466
unphased,117,Channel 9,-60.4825,-1,0,,0.6545064499876077
unphased,117,Channel 10,-24.6776,-1,0,,0.630125327431561
unphased,117,Channel 11,77.5893,-1,0,,0.6816513289215901
unphased,117,Channel 12,-21.2804,-1,0,,0.6478316747068851
unphased,117,Channel 13,63.528,-1,0,,0.6402259688317617
unphased,117,Channel 14,108.4931,-1,0,,0.6604254851516241
unphased,117,Channel 15,-12.664,-1,0,,0.6359462633180617
peak_all,117,Channel 1,127.7572,0,2,0.6098420575792773,0.33020784343211323
peak_all,117,Channel 2,43.9363,4,2,0.6826511934266246,0.34500393384501454
peak_all,117,Channel 3,10.9849,9,2,1.6098707920161073,0.5035259878299162
peak_all,117,Channel 4,40.2327,10,1,1.5592387803828487,0.44716343208838333
peak_all,117,Channel 5,83.5444,3,1,0.5719393857614294,0.3933975505020685
peak_all,117,Channel 6,-4.1709,8,1,1.5249366687067374,0.4560580644024182
peak_all,117,Channel 7,54.6936,2,1,0.44684733700522317,0.4195341634155612
peak_all,117,Channel 8,46.6414,6,1,0.88114382912123,0.4043180440049897
peak_all,117,Channel 9,19.2714,11,1,1.903694332794364,0.4725339357565441
peak_all,117,Channel 10,29.8345,7,1,1.1449836102160051,0.4079786346540946
peak_all,117,Channel 11,31.2537,5,1,0.7570153286281539,0.40840741361763
peak_all,117,Channel 12,0.494,1,1,0.30783668436199874,0.3470723906258102
peak_all,117,Channel 13,-164.7854,0,2,0.6098420575792773,0.3671934570996417
peak_all,117,Channel 14,45.9009,4,2,0.6826511934266246,0.3578405437596423
peak_all,117,Channel 15,18.8459,9,2,1.6098707920161073,0.4445964568251197
peak_12,117,Channel 1,-104.954,0,1,0.6098420575792773,0.33020784343211323
peak_12,117,Channel 2,48.5927,4,1,0.6826511934266246,0.34500393384501454
peak_12,117,Channel 3,10.7847,9,1,1.6098707920161073,0.5035259878299162
peak_12,117,Channel 4,14.4277,10,1,1.5592387803828487,0.44716343208838333
peak_12,117,Channel 5,-27.4141,3,1,0.5719393857614294,0.3933975505020685
peak_12,117,Channel 6,-33.7895,8,1,1.5249366687067374,0.4560580644024182
peak_12,117,Channel 7,37.979,2,1,0.44684733700522317,0.4195341634155612
peak_12,117,Channel 8,19.6765,6,1,0.88114382912123,0.4043180440049897
peak_12,117,Channel 9,-36.1629,11,1,1.903694332794364,0.4725339357565441
peak_12,117,Channel 10,8.8792,7,1,1.1449836102160051,0.4079786346540946
peak_12,117,Channel 11,14.4902,5,1,0.7570153286281539,0.40840741361763
peak_12,117,Channel 12,-22.7245,1,1,0.30783668436199874,0.3470723906258102
peak_12,117,Channel 13,208.0305,-1,0,,0.6402259688317617
peak_12,117,Channel 14,174.6771,-1,0,,0.6604254851516241
peak_12,117,Channel 15,66.6097,-1,0,,0.6359462633180617
unphased,118,Channel 1,-47.7362,-1,0,,0.6387768910634003
unphased,118,Channel 2,-9.6299,-1,0,,0.6462012413298754
unphased,118,Channel 3,36.8416,-1,0,,0.6262186285922217
unphased,118,Channel 4,46.6058,-1,0,,0.6785450408768952
unphased,118,Channel 5,128.8812,-1,0,,0.6322409338879189
unphased,118,Channel 6,-65.1389,-1,0,,0.6283629379120419
unphased,118,Channel 7,-56.7353,-1,0,,0.6620180648249754
unphased,118,Channel 8,122.0578,-1,0,,0.6658031519314958
unphased,118,Channel 9,358.8237,-1,0,,0.6587069827194609
unphased,118,Channel 10,-116.5245,-1,0,,0.6251980374856597
unphased,118,Channel 11,-5.7684,-1,0,,0.6681518527294749
unphased,118,Channel 12,42.1577,-1,0,,0.647263650954979
unphased,118,Channel 13,270.6631,-1,0,,0.6711277000904385
unphased,118,Channel 14,70.8535,-1,0,,0.653846889772938
unphased,118,Channel 15,-3.8573,-1,0,,0.6475379958282291
peak_all,118,Channel 1,-1.712,7,2,1.0342530531343264,0.38464885676467403
peak_all,118,Channel 2,-23.1664,5,2,0.679527751722732,0.4708878634811619
peak_all,118,Channel 3,52.6383,1,2,1.5231619660711468,0.6340107602201851
peak_all,118,Channel 4,40.1025,0,1,1.2275386758964453,0.463699768798393
peak_all,118,Channel 5,183.5016,6,1,0.6410359269827189,0.40014603641452373
peak_all,118,Channel 6,104.8164,2,1,1.0330123139269793,0.457754554331056
peak_all,118,Channel 7,-23.1027,11,1,0.8377342687541623,0.3124889209882462
peak_all,118,Channel 8,10.0209,9,1,1.3011894705989195,0.4031420647997251
peak_all,118,Channel 9,236.9494,4,1,0.8186165421898919,0.4296212463588731
peak_all,118,Channel 10,-2.0462,8,1,1.2670539755623178,0.3517869633560847
peak_all,118,Channel 11,-3.5186,10,1,1.0846771936276287,0.3257564453359562
peak_all,118,Channel 12,61.1041,3,1,0.5521988615327316,0.44933724388209384
peak_all,118,Channel 13,-5.0367,7,2,1.0342530531343264,0.41452583915452257
peak_all,118,Channel 14,64.3106,5,2,0.679527751722732,0.4169955143262859
peak_all,118,Channel 15,26.894,1,2,1.5231619660711468,0.5009760125965842
peak_12,118,Channel 1,-37.7156,7,1,1.0342530531343264,0.38464885676467403
peak_12,118,Channel 2,21.4855,5,1,0.679527751722732,0.4708878634811619
peak_12,118,Channel 3,67.9484,1,1,1.5231619660711468,0.6340107602201851
peak_12,118,Channel 4,27.9718,0,1,1.2275386758964453,0.463699768798393
peak_12,118,Channel 5,139.1243,6,1,0.6410359269827189,0.40014603641452373
peak_12,118,Channel 6,89.6196,2,1,1.0330123139269793,0.457754554331056
peak_12,118,Channel 7,-31.7182,11,1,0.8377342687541623,0.3124889209882462
peak_12,118,Channel 8,-5.5663,9,1,1.3011894705989195,0.4031420647997251
peak_12,118,Channel 9,164.4235,4,1,0.8186165421898919,0.4296212463588731
peak_12,118,Channel 10,-13.8119,8,1,1.2670539755623178,0.3517869633560847
peak_12,118,Channel 11,-12.8712,10,1,1.0846771936276287,0.3257564453359562
peak_12,118,Channel 12,43.899,3,1,0.5521988615327316,0.44933724388209384
peak_12,118,Channel 13,269.7742,-1,0,,0.6711277000904385
peak_12,118,Channel 14,87.7607,-1,0,,0.653846889772938
peak_12,118,Channel 15,-5.3159,-1,0,,0.6475379958282291
unphased,119,Channel 1,205.3083,-1,0,,0.6600317098760774
unphased,119,Channel 2,-57.3805,-1,0,,0.6517117324776414
unphased,119,Channel 3,-13.0376,-1,0,,0.630349715121498
unphased,119,Channel 4,79.7833,-1,0,,0.6984492203310098
unphased,119,Channel 5,45.9798,-1,0,,0.6203226254043732
unphased,119,Channel 6,-102.9937,-1,0,,0.6526610804958245
unphased,119,Channel 7,25.136,-1,0,,0.6656688945181586
unphased,119,Channel 8,18.7591,-1,0,,0.6570945403399108
unphased,119,Channel 9,345.8429,-1,0,,0.6729850002476896
unphased,119,Channel 10,-76.3581,-1,0,,0.5921640668319921
unphased,119,Channel 11,88.0033,-1,0,,0.6704838886970649
unphased,119,Channel 12,-66.2241,-1,0,,0.6492006982619224
unphased,119,Channel 13,-13.2517,-1,0,,0.6510552935614724
unphased,119,Channel 14,157.2158,-1,0,,0.6470669977238738
unphased,119,Channel 15,13.2789,-1,0,,0.6307545361114932
peak_all,119,Channel 1,338.8875,7,2,0.7836914538065868,0.363745814542391
peak_all,119,Channel 2,-87.4526,10,2,1.1962133357204368,0.3619771278933211
peak_all,119,Channel 3,4.9566,8,2,1.4153954197551895,0.4021697921591483
peak_all,119,Channel 4,110.6874,1,1,0.9051840746964747,0.5049683586519547
peak_all,119,Channel 5,205.1682,3,1,0.6837619258045603,0.43129224898066326
peak_all,119,Channel 6,-53.3341,11,1,1.435029496984375,0.37631252710727153
peak_all,119,Channel 7,34.8092,6,1,0.32245757601613284,0.4272826975163083
peak_all,119,Channel 8,-10.0212,9,1,1.4012162141512767,0.40596519027478667
peak_all,119,Channel 9,124.3643,4,1,0.81863731876966,0.4375781401175768
peak_all,119,Channel 10,101.1467,2,1,0.8275392163257617,0.38372050846633965
peak_all,119,Channel 11,36.5835,5,1,0.6690700184064309,0.40827971516952966
peak_all,119,Channel 12,46.2419,0,1,1.541803949563115,0.46848738261472234
peak_all,119,Channel 13,-292.575,7,2,0.7836914538065868,0.37199027499659243
peak_all,119,Channel 14,99.7445,10,2,1.1962133357204368,0.3361169009015724
peak_all,119,Channel 15,8.1224,8,2,1.4153954197551895,0.37201733753243543
peak_12,119,Channel 1,45.8153,7,1,0.7836914538065868,0.363745814542391
peak_12,119,Channel 2,-6.7586,10,1,1.1962133357204368,0.3619771278933211
peak_12,119,Channel 3,4.5641,8,1,1.4153954197551895,0.4021697921591483
peak_12,119,Channel 4,100.0291,1,1,0.9051840746964747,0.5049683586519547
peak_12,119,Channel 5,138.6355,3,1,0.6837619258045603,0.43129224898066326
peak_12,119,Channel 6,-64.0507,11,1,1.435029496984375,0.37631252710727153
peak_12,119,Channel 7,19.8186,6,1,0.32245757601613284,0.4272826975163083
peak_12,119,Channel 8,-23.6656,9,1,1.4012162141512767,0.40596519027478667
peak_12,119,Channel 9,63.8458,4,1,0.81863731876966,0.4375781401175768
peak_12,119,Channel 10,87.6333,2,1,0.8275392163257617,0.38372050846633965
peak_12,119,Channel 11,30.267,5,1,0.6690700184064309,0.40827971516952966
peak_12,119,Channel 12,35.6963,0,1,1.541803949563115,0.46848738261472234
peak_12,119,Channel 13,-91.2092,-1,0,,0.6510552935614724
peak_12,119,Channel 14,211.2653,-1,0,,0.6470669977238738
peak_12,119,Channel 15,14.4512,-1,0,,0.6307545361114932
unphased,120,Channel 1,-261.7695,-1,0,,0.6352537751198486
unphased,120,Channel 2,109.8823,-1,0,,0.6453968684720601
unphased,120,Channel 3,-18.8757,-1,0,,0.6180637814489235
unphased,120,Channel 4,13.079,-1,0,,0.6738031695146467
unphased,120,Channel 5,-6.961,-1,0,,0.6240734587914819
unphased,120,Channel 6,-121.965,-1,0,,0.641867186419326
unphased,120,Channel 7,94.888,-1,0,,0.670054861259368
unphased,120,Channel 8,65.9654,-1,0,,0.6594892380605395
unphased,120,Channel 9,222.7641,-1,0,,0.6511847610961423
unphased,120,Channel 10,-7.117,-1,0,,0.638997304845312
unphased,120,Channel 11,53.0946,-1,0,,0.6850098462293894
unphased,120,Channel 12,-29.8105,-1,0,,0.6500718140407237
unphased,120,Channel 13,81.4769,-1,0,,0.6660912183560732
unphased,120,Channel 14,117.6093,-1,0,,0.6627400909779826
unphased,120,Channel 15,7.729,-1,0,,0.6279026253681818
peak_all,120,Channel 1,-17.7988,9,2,1.4485263478432668,0.3959186852005274
peak_all,120,Channel 2,-3.926,7,2,1.0724931296446887,0.3866231812788497
peak_all,120,Channel 3,15.8311,3,2,0.7011141136677809,0.41833282919391185
peak_all,120,Channel 4,30.5649,4,1,0.8865778295456181,0.454894242307932
peak_all,120,Channel 5,80.1224,8,1,1.439879911632309,0.36642911407778717
peak_all,120,Channel 6,-20.763,11,1,1.4441099697356599,0.3853749997518867
peak_all,120,Channel 7,70.0505,5,1,0.9445009992465835,0.4418214104534521
peak_all,120,Channel 8,7.279,10,1,1.4036802758328322,0.4036368172140809
peak_all,120,Channel 9,200.8426,1,1,0.6302994833287737,0.4664092583942315
peak_all,120,Channel 10,-7.3033,0,1,0.5025507472353333,0.361992453620015
peak_all,120,Channel 11,24.5333,2,1,0.5792335710151603,0.3626234990566605
peak_all,120,Channel 12,43.8207,6,1,0.9470336212719924,0.42984505025765546
peak_all,120,Channel 13,-2.421,9,2,1.4485263478432668,0.4205034626183161
peak_all,120,Channel 14,25.6877,7,2,1.0724931296446887,0.3880526538942735
peak_all,120,Channel 15,35.288,3,2,0.7011141136677809,0.40190586081166424
peak_12,120,Channel 1,-67.4688,9,1,1.4485263478432668,0.3959186852005274
peak_12,120,Channel 2,-2.4243,7,1,1.0724931296446887,0.3866231812788497
peak_12,120,Channel 3,32.7104,3,1,0.7011141136677809,0.41833282919391185
peak_12,120,Channel 4,6.2074,4,1,0.8865778295456181,0.454894242307932
peak_12,120,Channel 5,45.0472,8,1,1.439879911632309,0.36642911407778717
peak_12,120,Channel 6,-35.3575,11,1,1.4441099697356599,0.3853749997518867
peak_12,120,Channel 7,53.1189,5,1,0.9445009992465835,0.4418214104534521
peak_12,120,Channel 8,-9.8505,10,1,1.4036802758328322,0.4036368172140809
peak_12,120,Channel 9,173.729,1,1,0.6302994833287737,0.4664092583942315
peak_12,120,Channel 10,-37.031,0,1,0.5025507472353333,0.361992453620015
peak_12,120,Channel 11,15.2449,2,1,0.5792335710151603,0.3626234990566605
peak_12,120,Channel 12,29.6171,6,1,0.9470336212719924,0.42984505025765546
peak_12,120,Channel 13,118.5824,-1,0,,0.6660912183560732
peak_12,120,Channel 14,181.9327,-1,0,,0.6627400909779826
peak_12,120,Channel 15,20.5477,-1,0,,0.6279026253681818
unphased,121,Channel 1,124.6768,-1,0,,0.6430927291944613
unphased,121,Channel 2,52.3802,-1,0,,0.6654696446504287
unphased,121,Channel 3,12.0328,-1,0,,0.6032492008543847
unphased,121,Channel 4,87.1883,-1,0,,0.7029078317550789
unphased,121,Channel 5,54.7039,-1,0,,0.6243889396835367
unphased,121,Channel 6,-35.2479,-1,0,,0.635315352484509
unphased,121,Channel 7,96.181,-1,0,,0.6701631367816155
unphased,121,Channel 8,-63.5979,-1,0,,0.6455220018553849
unphased,121,Channel 9,-370.0806,-1,0,,0.6015698377052581
unphased,121,Channel 10,86.4151,-1,0,,0.694541634723211
unphased,121,Channel 11,57.1457,-1,0,,0.685536075959416
unphased,121,Channel 12,19.434,-1,0,,0.6530772893486068
unphased,121,Channel 13,313.6212,-1,0,,0.6729298205413793
unphased,121,Channel 14,-24.9529,-1,0,,0.6132443538243648
unphased,121,Channel 15,25.7383,-1,0,,0.6389921506383676
peak_all,121,Channel 1,-115.1482,7,2,2.2095428402238,0.39168904447428343
peak_all,121,Channel 2,59.8174,5,2,-0.11518306335628185,0.48651128306355773
peak_all,121,Channel 3,2.9316,2,2,-0.8917063668337566,0.39567161072979096
peak_all,121,Channel 4,-17.3442,0,1,-6.914709442621998,0.30448536607000437
peak_all,121,Channel 5,165.6806,10,1,8.973975799141156,0.4675383245965093
peak_all,121,Channel 6,14.9955,6,1,0.9085262063186083,0.46074478139351216
peak_all,121,Channel 7,28.2128,11,1,8.546401295586174,0.4599305852414799
peak_all,121,Channel 8,-25.57,4,1,-4.765337149563811,0.2816521893724057
peak_all,121,Channel 9,38.1776,3,1,-4.902453005410638,0.3427231883889268
peak_all,121,Channel 10,13.8734,8,1,8.260748967720822,0.480682700800276
peak_all,121,Channel 11,-14.063,1,1,-5.749034207861674,0.39066624752626583
peak_all,121,Channel 12,37.1372,9,1,6.439228126657596,0.4116715741651938
peak_all,121,Channel 13,314.9622,7,2,2.2095428402238,0.4277606859317669
peak_all,121,Channel 14,36.826,5,2,-0.11518306335628185,0.3920222721434603
peak_all,121,Channel 15,58.341,2,2,-0.8917063668337566,0.445562491718122
peak_12,121,Channel 1,111.4696,7,1,2.2095428402238,0.39168904447428343
peak_12,121,Channel 2,61.2557,5,1,-0.11518306335628185,0.48651128306355773
peak_12,121,Channel 3,37.779,2,1,-0.8917063668337566,0.39567161072979096
peak_12,121,Channel 4,-44.7196,0,1,-6.914709442621998,0.30448536607000437
peak_12,121,Channel 5,110.2072,10,1,8.973975799141156,0.4675383245965093
peak_12,121,Channel 6,-1.0924,6,1,0.9085262063186083,0.46074478139351216
peak_12,121,Channel 7,17.3064,11,1,8.546401295586174,0.4599305852414799
peak_12,121,Channel 8,-43.7166,4,1,-4.765337149563811,0.2816521893724057
peak_12,121,Channel 9,-21.2398,3,1,-4.902453005410638,0.3427231883889268
peak_12,121,Channel 10,0.9737,8,1,8.260748967720822,0.480682700800276
peak_12,121,Channel 11,-31.9091,1,1,-5.749034207861674,0.39066624752626583
peak_12,121,Channel 12,19.382,9,1,6.439228126657596,0.4116715741651938
peak_12,121,Channel 13,465.1206,-1,0,,0.6729298205413793
peak_12,121,Channel 14,-7.5174,-1,0,,0.6132443538243648
peak_12,121,Channel 15,56.013,-1,0,,0.6389921506383676
unphased,122,Channel 1,146.5691,-1,0,,0.6527399057840964
unphased,122,Channel 2,-45.382,-1,0,,0.663110895136358
unphased,122,Channel 3,12.2112,-1,0,,0.6018074176689215
unphased,122,Channel 4,96.1657,-1,0,,0.675129683115747
unphased,122,Channel 5,218.0596,-1,0,,0.6272453904509432
unphased,122,Channel 6,-13.3182,-1,0,,0.6567207008086499
unphased,122,Channel 7,37.3984,-1,0,,0.673820258805699
unphased,122,Channel 8,-89.9089,-1,0,,0.6289212695456263
unphased,122,Channel 9,91.1523,-1,0,,0.654704799138275
unphased,122,Channel 10,112.2969,-1,0,,0.6433308961854552
unphased,122,Channel 11,72.1473,-1,0,,0.6799157539291715
unphased,122,Channel 12,-2.1866,-1,0,,0.6504728634031202
unphased,122,Channel 13,-245.9094,-1,0,,0.6523791504980849
unphased,122,Channel 14,94.9835,-1,0,,0.6566476070988775
unphased,122,Channel 15,19.353,-1,0,,0.6330534084309752
peak_all,122,Channel 1,289.0381,3,2,0.4095814060959892,0.423564443477621
peak_all,122,Channel 2,-48.6924,1,2,0.5155228489735034,0.43667392826694507
peak_all,122,Channel 3,13.1017,6,2,0.7268395791712697,0.40131476111750897
peak_all,122,Channel 4,42.2105,2,1,0.3999697293676878,0.3599594566554753
peak_all,122,Channel 5,47.5798,8,1,1.3871873364758749,0.35348262189314894
peak_all,122,Channel 6,58.3367,7,1,1.1577100284828767,0.3871965784990648
peak_all,122,Channel 7,22.8503,11,1,2.0929918593239467,0.4757534582419236
peak_all,122,Channel 8,17.5603,10,1,1.7361536172126777,0.4375904046892564
peak_all,122,Channel 9,115.1875,5,1,0.6253068355628068,0.48760601952856625
peak_all,122,Channel 10,48.0714,9,1,1.6852649648024318,0.4280788342280894
peak_all,122,Channel 11,-20.9514,0,1,0.5783429546338443,0.41767588200259076
peak_all,122,Channel 12,24.5082,4,1,0.6851288398970898,0.33589839035515223
peak_all,122,Channel 13,-172.4208,3,2,0.4095814060959892,0.37832531174183387
peak_all,122,Channel 14,112.1457,1,2,0.5155228489735034,0.4489863426145798
peak_all,122,Channel 15,3.3566,6,2,0.7268395791712697,0.37523390114341754
peak_12,122,Channel 1,72.6435,3,1,0.4095814060959892,0.423564443477621
peak_12,122,Channel 2,19.5827,1,1,0.5155228489735034,0.43667392826694507
peak_12,122,Channel 3,3.0884,6,1,0.7268395791712697,0.40131476111750897
peak_12,122,Channel 4,34.7397,2,1,0.3999697293676878,0.3599594566554753
peak_12,122,Channel 5,3.8855,8,1,1.3871873364758749,0.35348262189314894
peak_12,122,Channel 6,47.1387,7,1,1.1577100284828767,0.3871965784990648
peak_12,122,Channel 7,15.6458,11,1,2.0929918593239467,0.4757534582419236
peak_12,122,Channel 8,9.4473,10,1,1.7361536172126777,0.4375904046892564
peak_12,122,Channel 9,89.9209,5,1,0.6253068355628068,0.48760601952856625
peak_12,122,Channel 10,37.4944,9,1,1.6852649648024318,0.4280788342280894
peak_12,122,Channel 11,-27.6552,0,1,0.5783429546338443,0.41767588200259076
peak_12,122,Channel 12,7.8112,4,1,0.6851288398970898,0.33589839035515223
peak_12,122,Channel 13,-37.7718,-1,0,,0.6523791504980849
peak_12,122,Channel 14,136.2254,-1,0,,0.6566476070988775
peak_12,122,Channel 15,56.2114,-1,0,,0.6330534084309752
unphased,123,Channel 1,-160.4805,-1,0,,0.6591363944602338
unphased,123,Channel 2,69.8923,-1,0,,0.6580626260611855
unphased,123,Channel 3,-32.597,-1,0,,0.620978521724228
unphased,123,Channel 4,144.4146,-1,0,,0.6854503783324105
unphased,123,Channel 5,62.2968,-1,0,,0.6177307170565169
unphased,123,Channel 6,-180.324,-1,0,,0.6513812321507989
unphased,123,Channel 7,-4.9466,-1,0,,0.6704855727212562
unphased,123,Channel 8,-1.0195,-1,0,,0.6400081199360128
unphased,123,Channel 9,193.4087,-1,0,,0.6497397428718154
unphased,123,Channel 10,7.7727,-1,0,,0.6296919410662003
unphased,123,Channel 11,96.2737,-1,0,,0.6864258088059936
unphased,123,Channel 12,-19.7257,-1,0,,0.641214889235262
unphased,123,Channel 13,-138.4587,-1,0,,0.6460357595960253
unphased,123,Channel 14,186.8123,-1,0,,0.6575298480387542
unphased,123,Channel 15,57.1342,-1,0,,0.6361284479433058
peak_all,123,Channel 1,205.4996,4,2,0.8090154435086163,0.40119109688617677
peak_all,123,Channel 2,-66.1895,0,2,0.6333650581265061,0.38065954101637606
peak_all,123,Channel 3,-20.2166,9,2,1.6911780445574032,0.512668160624912
peak_all,123,Channel 4,12.0911,11,1,1.740602532718684,0.4251998764280737
peak_all,123,Channel 5,100.0605,6,1,0.6316842815036506,0.36838675965054035
peak_all,123,Channel 6,32.7783,10,1,1.750716629150011,0.4433355911817006
peak_all,123,Channel 7,13.0181,3,1,0.7062246536550665,0.4690898927940954
peak_all,123,Channel 8,36.1949,8,1,1.6626786313549333,0.4075901879065944
peak_all,123,Channel 9,199.3211,2,1,0.4651742630828507,0.4055605746460887
peak_all,123,Channel 10,-19.047,7,1,1.0390991638370144,0.3915165396507233
peak_all,123,Channel 11,27.953,5,1,0.6438840501163939,0.39797882257730977
peak_all,123,Channel 12,19.8743,1,1,0.22637724838886783,0.33505484019037646
peak_all,123,Channel 13,-67.955,4,2,0.8090154435086163,0.36343609260812665
peak_all,123,Channel 14,43.422,0,2,0.6333650581265061,0.3334232583850752
peak_all,123,Channel 15,31.8341,9,2,1.6911780445574032,0.45182303416028713
peak_12,123,Channel 1,66.3409,4,1,0.8090154435086163,0.40119109688617677
peak_12,123,Channel 2,-65.4768,0,1,0.6333650581265061,0.38065954101637606
peak_12,123,Channel 3,-4.2883,9,1,1.6911780445574032,0.512668160624912
peak_12,123,Channel 4,-4.0486,11,1,1.740602532718684,0.4251998764280737
peak_12,123,Channel 5,22.16,6,1,0.6316842815036506,0.36838675965054035
peak_12,123,Channel 6,6.9826,10,1,1.750716629150011,0.4433355911817006
peak_12,123,Channel 7,-2.9625,3,1,0.7062246536550665,0.4690898927940954
peak_12,123,Channel 8,20.102,8,1,1.6626786313549333,0.4075901879065944
peak_12,123,Channel 9,153.8155,2,1,0.4651742630828507,0.4055605746460887
peak_12,123,Channel 10,-32.9735,7,1,1.0390991638370144,0.3915165396507233
peak_12,123,Channel 11,15.4426,5,1,0.6438840501163939,0.39797882257730977
peak_12,123,Channel 12,11.2239,1,1,0.22637724838886783,0.33505484019037646
peak_12,123,Channel 13,-48.8501,-1,0,,0.6460357595960253
peak_12,123,Channel 14,216.9794,-1,0,,0.6575298480387542
peak_12,123,Channel 15,77.5039,-1,0,,0.6361284479433058
unphased,124,Channel 1,188.5539,-1,0,,0.6468291120790941
unphased,124,Channel 2,55.3865,-1,0,,0.6618354998408472
unphased,124,Channel 3,-31.9383,-1,0,,0.5937856378475367
unphased,124,Channel 4,72.5354,-1,0,,0.679808010129259
unphased,124,Channel 5,-38.8512,-1,0,,0.6351001500686295
unphased,124,Channel 6,-34.8674,-1,0,,0.6493752566161611
unphased,124,Channel 7,53.285,-1,0,,0.6804354868587079
unphased,124,Channel 8,-62.1741,-1,0,,0.608479474942123
unphased,124,Channel 9,33.9692,-1,0,,0.6448328274089938
unphased,124,Channel 10,160.9679,-1,0,,0.6406955625820009
unphased,124,Channel 11,23.3394,-1,0,,0.6836526794746997
unphased,124,Channel 12,28.8707,-1,0,,0.6651600408864741
unphased,124,Channel 13,-306.5671,-1,0,,0.6585068946874751
unphased,124,Channel 14,149.7665,-1,0,,0.6683855651061572
unphased,124,Channel 15,27.9853,-1,0,,0.6331178014718452
peak_all,124,Channel 1,262.7201,8,2,1.0825409760446447,0.3599280954378684
peak_all,124,Channel 2,-18.4506,5,2,0.5936116890046838,0.4596294107027931
peak_all,124,Channel 3,-23.4798,0,2,0.8999309069524898,0.31206621970085396
peak_all,124,Channel 4,52.9973,2,1,0.27694448782299025,0.35920417031400353
peak_all,124,Channel 5,103.9064,9,1,1.3979422014381677,0.38999851716674927
peak_all,124,Channel 6,30.8835,3,1,0.35708466148533896,0.4183868861811304
peak_all,124,Channel 7,12.3438,7,1,0.6946852969778874,0.33725564943739056
peak_all,124,Channel 8,21.0716,6,1,0.5363349471680993,0.3460164870059196
peak_all,124,Channel 9,79.89,11,1,3.0041598140735637,0.5795704764903009
peak_all,124,Channel 10,24.7338,10,1,1.8547373616627811,0.4187164185683493
peak_all,124,Channel 11,18.2578,4,1,0.6362394160107786,0.3939509305946634
peak_all,124,Channel 12,46.5103,1,1,0.6657882413585761,0.41501652339958983
peak_all,124,Channel 13,-243.7781,8,2,1.0825409760446447,0.36281378928236246
peak_all,124,Channel 14,51.4456,5,2,0.5936116890046838,0.4041089217918208
peak_all,124,Channel 15,45.1472,0,2,0.8999309069524898,0.3441034689175888
peak_12,124,Channel 1,-19.4558,8,1,1.0825409760446447,0.3599280954378684
peak_12,124,Channel 2,2.1409,5,1,0.5936116890046838,0.4596294107027931
peak_12,124,Channel 3,2.0511,0,1,0.8999309069524898,0.31206621970085396
peak_12,124,Channel 4,37.0338,2,1,0.27694448782299025,0.35920417031400353
peak_12,124,Channel 5,68.9395,9,1,1.3979422014381677,0.38999851716674927
peak_12,124,Channel 6,1.2563,3,1,0.35708466148533896,0.4183868861811304
peak_12,124,Channel 7,1.4148,7,1,0.6946852969778874,0.33725564943739056
peak_12,124,Channel 8,4.6339,6,1,0.5363349471680993,0.3460164870059196
peak_12,124,Channel 9,59.7916,11,1,3.0041598140735637,0.5795704764903009
peak_12,124,Channel 10,10.0043,10,1,1.8547373616627811,0.4187164185683493
peak_12,124,Channel 11,3.0836,4,1,0.6362394160107786,0.3939509305946634
peak_12,124,Channel 12,39.3469,1,1,0.6657882413585761,0.41501652339958983
peak_12,124,Channel 13,-100.9162,-1,0,,0.6585068946874751
peak_12,124,Channel 14,201.7107,-1,0,,0.6683855651061572
peak_12,124,Channel 15,65.727,-1,0,,0.6331178014718452
unphased,125,Channel 1,509.0595,-1,0,,0.6444862990654588
unphased,125,Channel 2,0.1753,-1,0,,0.64941207447329
unphased,125,Channel 3,25.1585,-1,0,,0.6373953300593884
unphased,125,Channel 4,-43.9962,-1,0,,0.7023835799288828
unphased,125,Channel 5,83.585,-1,0,,0.6049257679234944
unphased,125,Channel 6,90.3212,-1,0,,0.6609096505009224
unphased,125,Channel 7,0.5066,-1,0,,0.6555170802378635
unphased,125,Channel 8,-33.9214,-1,0,,0.658230803623145
unphased,125,Channel 9,272.5218,-1,0,,0.669309729213228
unphased,125,Channel 10,26.929,-1,0,,0.6140408719827862
unphased,125,Channel 11,55.7389,-1,0,,0.6931947942165351
unphased,125,Channel 12,-50.6636,-1,0,,0.6494457214800654
unphased,125,Channel 13,98.9203,-1,0,,0.6507490660307496
unphased,125,Channel 14,-18.4562,-1,0,,0.6486709979615541
unphased,125,Channel 15,-82.0663,-1,0,,0.6113282333026387
peak_all,125,Channel 1,205.0179,0,2,0.6625409462479317,0.3518910467173345
peak_all,125,Channel 2,62.7013,2,2,0.9500055059413625,0.4694684541279259
peak_all,125,Channel 3,53.9594,8,2,0.9962741917850495,0.36375948207390896
peak_all,125,Channel 4,44.9657,5,1,0.8801131642903607,0.4614771448279384
peak_all,125,Channel 5,230.5701,6,1,1.1802799348888888,0.4364611568024695
peak_all,125,Channel 6,117.2895,1,1,0.7286847570789329,0.5236992780974923
peak_all,125,Channel 7,63.5777,3,1,0.79443742329233,0.48189303290627467
peak_all,125,Channel 8,35.0971,10,1,1.5453604867657893,0.4067814897433452
peak_all,125,Channel 9,-39.7606,11,1,1.3153390338109348,0.39483216855630776
peak_all,125,Channel 10,19.6728,7,1,0.967637677492546,0.376010821943128
peak_all,125,Channel 11,4.2223,9,1,1.098057852506562,0.4305552888892553
peak_all,125,Channel 12,39.1344,4,1,0.8812690258993112,0.3805949077118253
peak_all,125,Channel 13,-161.9551,0,2,0.6625409462479317,0.40045495036248413
peak_all,125,Channel 14,0.1247,2,2,0.9500055059413625,0.4189956679579359
peak_all,125,Channel 15,-53.1515,8,2,0.9962741917850495,0.31985619901998535
peak_12,125,Channel 1,96.1959,0,1,0.6625409462479317,0.3518910467173345
peak_12,125,Channel 2,66.9875,2,1,0.9500055059413625,0.4694684541279259
peak_12,125,Channel 3,5.5258,8,1,0.9962741917850495,0.36375948207390896
peak_12,125,Channel 4,46.6586,5,1,0.8801131642903607,0.4614771448279384
peak_12,125,Channel 5,215.6152,6,1,1.1802799348888888,0.4364611568024695
peak_12,125,Channel 6,92.4833,1,1,0.7286847570789329,0.5236992780974923
peak_12,125,Channel 7,55.7178,3,1,0.79443742329233,0.48189303290627467
peak_12,125,Channel 8,35.8522,10,1,1.5453604867657893,0.4067814897433452
peak_12,125,Channel 9,-43.697,11,1,1.3153390338109348,0.39483216855630776
peak_12,125,Channel 10,23.8264,7,1,0.967637677492546,0.376010821943128
peak_12,125,Channel 11,-0.01,9,1,1.098057852506562,0.4305552888892553
peak_12,125,Channel 12,29.1743,4,1,0.8812690258993112,0.3805949077118253
peak_12,125,Channel 13,174.9653,-1,0,,0.6507490660307496
peak_12,125,Channel 14,24.9727,-1,0,,0.6486709979615541
peak_12,125,Channel 15,-67.443,-1,0,,0.6113282333026387
unphased,126,Channel 1,-84.3231,-1,0,,0.646504754985245
unphased,126,Channel 2,6.0742,-1,0,,0.6546832024390659
unphased,126,Channel 3,22.0439,-1,0,,0.6344976698822383
unphased,126,Channel 4,100.3531,-1,0,,0.7110767801013588
unphased,126,Channel 5,-22.3216,-1,0,,0.5996999976473616
unphased,126,Channel 6,-37.182,-1,0,,0.6506468734782141
unphased,126,Channel 7,24.0307,-1,0,,0.6579839551809546
unphased,126,Channel 8,33.4344,-1,0,,0.6614840758363488
unphased,126,Channel 9,434.2765,-1,0,,0.6606168668356216
unphased,126,Channel 10,-95.6147,-1,0,,0.6071682873575119
unphased,126,Channel 11,-2.579,-1,0,,0.6874506463170112
unphased,126,Channel 12,26.882,-1,0,,0.6415254345679722
unphased,126,Channel 13,8.2395,-1,0,,0.638707942084242
unphased,126,Channel 14,110.9082,-1,0,,0.6605551822073767
unphased,126,Channel 15,-11.3833,-1,0,,0.6373983310794786
peak_all,126,Channel 1,56.8969,11,2,1.1286398182328763,0.33061146668409075
peak_all,126,Channel 2,-17.2472,5,2,0.9704720945760198,0.5039009505336579
peak_all,126,Channel 3,18.9018,2,2,0.7381532925760382,0.4318642656604817
peak_all,126,Channel 4,74.4601,3,1,0.797035853737158,0.4308912698961434
peak_all,126,Channel 5,79.5178,0,1,0.7266528299327364,0.3439502441718747
peak_all,126,Channel 6,114.8201,4,1,0.8808368664327705,0.4966542491789473
peak_all,126,Channel 7,-3.5424,10,1,1.24803940234634,0.38348710303133804
peak_all,126,Channel 8,2.9924,9,1,1.4142277476532317,0.4151040371610254
peak_all,126,Channel 9,208.3515,6,1,1.058978775036925,0.49685873838944183
peak_all,126,Channel 10,13.5355,8,1,1.2271395483018626,0.33691600601112753
peak_all,126,Channel 11,32.4145,1,1,0.5568048954838175,0.47773773615041387
peak_all,126,Channel 12,13.5204,7,1,1.253018875690223,0.4179533111731843
peak_all,126,Channel 13,-173.9556,11,2,1.1286398182328763,0.3359673824624585
peak_all,126,Channel 14,79.3017,5,2,0.9704720945760198,0.4495856190219773
peak_all,126,Channel 15,27.0951,2,2,0.7381532925760382,0.45820169416709683
peak_12,126,Channel 1,-123.9635,11,1,1.1286398182328763,0.33061146668409075
peak_12,126,Channel 2,37.8454,5,1,0.9704720945760198,0.5039009505336579
peak_12,126,Channel 3,32.2566,2,1,0.7381532925760382,0.4318642656604817
peak_12,126,Channel 4,56.3888,3,1,0.797035853737158,0.4308912698961434
peak_12,126,Channel 5,36.1454,0,1,0.7266528299327364,0.3439502441718747
peak_12,126,Channel 6,80.2844,4,1,0.8808368664327705,0.4966542491789473
peak_12,126,Channel 7,-14.3995,10,1,1.24803940234634,0.38348710303133804
peak_12,126,Channel 8,-8.8536,9,1,1.4142277476532317,0.4151040371610254
peak_12,126,Channel 9,159.9428,6,1,1.058978775036925,0.49685873838944183
peak_12,126,Channel 10,1.0778,8,1,1.2271395483018626,0.33691600601112753
peak_12,126,Channel 11,27.6551,1,1,0.5568048954838175,0.47773773615041387
peak_12,126,Channel 12,3.5735,7,1,1.253018875690223,0.4179533111731843
peak_12,126,Channel 13,78.4638,-1,0,,0.638707942084242
peak_12,126,Channel 14,154.127,-1,0,,0.6605551822073767
peak_12,126,Channel 15,6.5745,-1,0,,0.6373983310794786
unphased,127,Channel 1,98.6797,-1,0,,0.6298929741189796
unphased,127,Channel 2,30.6093,-1,0,,0.6722196854361073
unphased,127,Channel 3,28.6982,-1,0,,0.6611481156461131
unphased,127,Channel 4,60.7018,-1,0,,0.7211913423522375
unphased,127,Channel 5,180.405,-1,0,,0.5989723159311341
unphased,127,Channel 6,-133.5874,-1,0,,0.6372083726239935
unphased,127,Channel 7,16.1712,-1,0,,0.6554988413317403
unphased,127,Channel 8,44.4463,-1,0,,0.6704798658776723
unphased,127,Channel 9,-215.9161,-1,0,,0.6292010711610851
unphased,127,Channel 10,-7.7436,-1,0,,0.6144503171289419
unphased,127,Channel 11,34.2678,-1,0,,0.6611403203011194
unphased,127,Channel 12,-32.6738,-1,0,,0.6438565906593918
unphased,127,Channel 13,560.7953,-1,0,,0.6803988025459257
unphased,127,Channel 14,28.9553,-1,0,,0.6335172125024529
unphased,127,Channel 15,14.8049,-1,0,,0.6408241723831062
peak_all,127,Channel 1,-115.0244,0,2,-103.81975845293591,0.33368191917294954
peak_all,127,Channel 2,33.4503,3,2,-0.3332423950146663,0.5280471473580878
peak_all,127,Channel 3,25.6508,5,2,155.88931751309804,0.48058376331087427
peak_all,127,Channel 4,97.7052,6,1,173.50205058159207,0.5550521939439581
peak_all,127,Channel 5,43.1372,8,1,22.941168652037806,0.3038757561339244
peak_all,127,Channel 6,13.9844,1,1,-252.7875550308662,0.4332979659298214
peak_all,127,Channel 7,-19.4243,11,1,15.186381471141281,0.33039875032835575
peak_all,127,Channel 8,40.5385,4,1,-86.91637808846508,0.39324685151693445
peak_all,127,Channel 9,114.1493,2,1,-192.7283242696146,0.38665266947972066
peak_all,127,Channel 10,23.5822,9,1,107.35454925957316,0.37183548930362
peak_all,127,Channel 11,-1.705,10,1,53.0462699803307,0.33134663026744104
peak_all,127,Channel 12,66.8062,7,1,120.66552077912341,0.44842140850163437
peak_all,127,Channel 13,160.9287,0,2,-103.81975845293591,0.4122294016131177
peak_all,127,Channel 14,64.0534,3,2,-0.3332423950146663,0.453362493390409
peak_all,127,Channel 15,43.0088,5,2,155.88931751309804,0.5285718650623747
peak_12,127,Channel 1,-21.7091,0,1,-103.81975845293591,0.33368191917294954
peak_12,127,Channel 2,70.8006,3,1,-0.3332423950146663,0.5280471473580878
peak_12,127,Channel 3,45.7271,5,1,155.88931751309804,0.48058376331087427
peak_12,127,Channel 4,85.1657,6,1,173.50205058159207,0.5550521939439581
peak_12,127,Channel 5,-1.8719,8,1,22.941168652037806,0.3038757561339244
peak_12,127,Channel 6,-15.067,1,1,-252.7875550308662,0.4332979659298214
peak_12,127,Channel 7,-29.5534,11,1,15.186381471141281,0.33039875032835575
peak_12,127,Channel 8,19.0382,4,1,-86.91637808846508,0.39324685151693445
peak_12,127,Channel 9,75.9204,2,1,-192.7283242696146,0.38665266947972066
peak_12,127,Channel 10,4.5401,9,1,107.35454925957316,0.37183548930362
peak_12,127,Channel 11,-10.5809,10,1,53.0462699803307,0.33134663026744104
peak_12,127,Channel 12,52.9087,7,1,120.66552077912341,0.44842140850163437
peak_12,127,Channel 13,486.8623,-1,0,,0.6803988025459257
peak_12,127,Channel 14,1.3213,-1,0,,0.6335172125024529
peak_12,127,Channel 15,8.1394,-1,0,,0.6408241723831062
unphased,128,Channel 1,-26.2433,-1,0,,0.6531977737427708
unphased,128,Channel 2,4.8179,-1,0,,0.6660214569387769
unphased,128,Channel 3,-8.9441,-1,0,,0.6042918856966779
unphased,128,Channel 4,89.9563,-1,0,,0.6778295645158148
unphased,128,Channel 5,-143.4836,-1,0,,0.6167716725105227
unphased,128,Channel 6,-20.5146,-1,0,,0.6479825921101898
unphased,128,Channel 7,21.3554,-1,0,,0.6667882906524766
unphased,128,Channel 8,4.1821,-1,0,,0.6410717192198591
unphased,128,Channel 9,259.7056,-1,0,,0.6550225193935447
unphased,128,Channel 10,5.4078,-1,0,,0.6351316733519285
unphased,128,Channel 11,24.1071,-1,0,,0.6861189773838706
unphased,128,Channel 12,11.1173,-1,0,,0.656178987908451
unphased,128,Channel 13,1.5704,-1,0,,0.6490555834365216
unphased,128,Channel 14,135.2469,-1,0,,0.6610663406852947
unphased,128,Channel 15,36.954,-1,0,,0.6334709624533044
peak_all,128,Channel 1,97.3981,2,2,0.3953188747385897,0.36448257880310075
peak_all,128,Channel 2,-31.5624,6,2,0.8582714633801709,0.41124324011081514
peak_all,128,Channel 3,28.5528,1,2,0.3957817139047331,0.4908502022357433
peak_all,128,Channel 4,26.5684,9,1,1.5413648637470931,0.43559730328657437
peak_all,128,Channel 5,-32.9971,11,1,1.8717691367408895,0.401021760171543
peak_all,128,Channel 6,50.7168,10,1,1.6844110617104393,0.4359684116731128
peak_all,128,Channel 7,9.7651,0,1,0.555854124677441,0.33606878061710466
peak_all,128,Channel 8,8.237,5,1,0.7174750650535864,0.3925997399115878
peak_all,128,Channel 9,8.9735,7,1,0.9808498021735456,0.375013720674166
peak_all,128,Channel 10,58.4422,4,1,0.9240052323168834,0.3889739657105189
peak_all,128,Channel 11,15.4319,3,1,0.6594967755735671,0.481523556458637
peak_all,128,Channel 12,27.192,8,1,1.4154018859830615,0.4252454713493565
peak_all,128,Channel 13,22.6856,2,2,0.3953188747385897,0.3918304494853345
peak_all,128,Channel 14,94.0979,6,2,0.8582714633801709,0.4243736433253003
peak_all,128,Channel 15,30.11,1,2,0.3957817139047331,0.34934492326471245
peak_12,128,Channel 1,45.2481,2,1,0.3953188747385897,0.36448257880310075
peak_12,128,Channel 2,10.7503,6,1,0.8582714633801709,0.41124324011081514
peak_12,128,Channel 3,31.6491,1,1,0.3957817139047331,0.4908502022357433
peak_12,128,Channel 4,-0.6035,9,1,1.5413648637470931,0.43559730328657437
peak_12,128,Channel 5,-87.8364,11,1,1.8717691367408895,0.401021760171543
peak_12,128,Channel 6,20.4171,10,1,1.6844110617104393,0.4359684116731128
peak_12,128,Channel 7,-13.6187,0,1,0.555854124677441,0.33606878061710466
peak_12,128,Channel 8,-13.3037,5,1,0.7174750650535864,0.3925997399115878
peak_12,128,Channel 9,-39.3434,7,1,0.9808498021735456,0.375013720674166
peak_12,128,Channel 10,22.5392,4,1,0.9240052323168834,0.3889739657105189
peak_12,128,Channel 11,0.9264,3,1,0.6594967755735671,0.481523556458637
peak_12,128,Channel 12,6.9643,8,1,1.4154018859830615,0.4252454713493565
peak_12,128,Channel 13,204.9939,-1,0,,0.6490555834365216
peak_12,128,Channel 14,190.1138,-1,0,,0.6610663406852947
peak_12,128,Channel 15,63.8534,-1,0,,0.6334709624533044
unphased,129,Channel 1,-18.9299,-1,0,,0.6527712166172182
unphased,129,Channel 2,-50.5091,-1,0,,0.6480571513046167
unphased,129,Channel 3,0.6841,-1,0,,0.624757082608621
unphased,129,Channel 4,76.5369,-1,0,,0.6829709088826987
unphased,129,Channel 5,-169.7289,-1,0,,0.6178109920440168
unphased,129,Channel 6,-23.2653,-1,0,,0.656699495633194
unphased,129,Channel 7,29.3973,-1,0,,0.6637789825737312
unphased,129,Channel 8,-29.9878,-1,0,,0.6326815408056319
unphased,129,Channel 9,331.5606,-1,0,,0.6514506562081516
unphased,129,Channel 10,33.5032,-1,0,,0.6202223669233761
unphased,129,Channel 11,49.3195,-1,0,,0.6904364154884981
unphased,129,Channel 12,148.3135,-1,0,,0.659119672884128
unphased,129,Channel 13,44.672,-1,0,,0.654800210245155
unphased,129,Channel 14,110.4657,-1,0,,0.6593666000822138
unphased,129,Channel 15,-62.379,-1,0,,0.6350767076987557
peak_all,129,Channel 1,41.7839,0,2,0.9337016102490227,0.37852155131488635
peak_all,129,Channel 2,-79.7478,11,2,1.7046335544562945,0.4223498194605789
peak_all,129,Channel 3,22.6287,10,2,1.575840281040339,0.417246210606155
peak_all,129,Channel 4,24.8242,9,1,1.3437484834140132,0.411215314901487
peak_all,129,Channel 5,43.3816,5,1,0.8736132683275054,0.4284003643363749
peak_all,129,Channel 6,63.4947,4,1,0.808692752336544,0.48590139781977604
peak_all,129,Channel 7,15.8037,7,1,0.9328795438649059,0.36599944080865104
peak_all,129,Channel 8,14.7684,6,1,0.6880683583891742,0.37935975232581626
peak_all,129,Channel 9,190.0649,3,1,0.617091735551944,0.4429804133593991
peak_all,129,Channel 10,54.2767,1,1,0.682624750273002,0.43555506185404
peak_all,129,Channel 11,13.9098,8,1,1.1993451350762039,0.4269677471974658
peak_all,129,Channel 12,57.6086,2,1,0.6397605270210538,0.35981754906427466
peak_all,129,Channel 13,-2.8367,0,2,0.9337016102490227,0.42526657514223143
peak_all,129,Channel 14,98.965,11,2,1.7046335544562945,0.42661061745623297
peak_all,129,Channel 15,-5.9456,10,2,1.575840281040339,0.42700308858916997
peak_12,129,Channel 1,13.1369,0,1,0.9337016102490227,0.37852155131488635
peak_12,129,Channel 2,-1.1763,11,1,1.7046335544562945,0.4223498194605789
peak_12,129,Channel 3,9.3053,10,1,1.575840281040339,0.417246210606155
peak_12,129,Channel 4,7.4889,9,1,1.3437484834140132,0.411215314901487
peak_12,129,Channel 5,14.6688,5,1,0.8736132683275054,0.4284003643363749
peak_12,129,Channel 6,39.9865,4,1,0.808692752336544,0.48590139781977604
peak_12,129,Channel 7,7.848,7,1,0.9328795438649059,0.36599944080865104
peak_12,129,Channel 8,6.481,6,1,0.6880683583891742,0.37935975232581626
peak_12,129,Channel 9,147.4572,3,1,0.617091735551944,0.4429804133593991
peak_12,129,Channel 10,40.4564,1,1,0.682624750273002,0.43555506185404
peak_12,129,Channel 11,9.0989,8,1,1.1993451350762039,0.4269677471974658
peak_12,129,Channel 12,47.8557,2,1,0.6397605270210538,0.35981754906427466
peak_12,129,Channel 13,159.99,-1,0,,0.654800210245155
peak_12,129,Channel 14,145.7026,-1,0,,0.6593666000822138
peak_12,129,Channel 15,-31.4105,-1,0,,0.6350767076987557
unphased,130,Channel 1,53.3214,-1,0,,0.6482708854613839
unphased,130,Channel 2,-98.2599,-1,0,,0.648098976449435
unphased,130,Channel 3,9.6058,-1,0,,0.6083843870975221
unphased,130,Channel 4,-10.9477,-1,0,,0.6593567753442809
unphased,130,Channel 5,-77.4508,-1,0,,0.6232740264332359
unphased,130,Channel 6,-18.3011,-1,0,,0.6567238753266497
unphased,130,Channel 7,47.4727,-1,0,,0.6743301490034176
unphased,130,Channel 8,-37.8886,-1,0,,0.6535379716704791
unphased,130,Channel 9,257.7066,-1,0,,0.6348413035726596
unphased,130,Channel 10,92.8197,-1,0,,0.6655638815975963
unphased,130,Channel 11,123.2641,-1,0,,0.6784720528550363
unphased,130,Channel 12,38.1868,-1,0,,0.6551689527967763
unphased,130,Channel 13,-66.9419,-1,0,,0.6492824545627117
unphased,130,Channel 14,52.7324,-1,0,,0.6594432180621644
unphased,130,Channel 15,46.8422,-1,0,,0.6352510897666535
peak_all,130,Channel 1,229.2085,2,2,0.41430364700847105,0.3592767262043597
peak_all,130,Channel 2,-55.0047,3,2,0.3838425046800694,0.416833823344091
peak_all,130,Channel 3,-15.7187,7,2,0.9282940985041973,0.3170182642931116
peak_all,130,Channel 4,41.8826,5,1,0.7059232745428654,0.39704243281820306
peak_all,130,Channel 5,178.1764,8,1,1.6716504709693547,0.39086368020829104
peak_all,130,Channel 6,-6.2141,0,1,0.42645478421205946,0.35173218439535375
peak_all,130,Channel 7,31.3982,4,1,0.6332029678748239,0.3523746502888934
peak_all,130,Channel 8,-5.7416,9,1,1.7381279017223608,0.45680694459602694
peak_all,130,Channel 9,153.4404,1,1,0.30398516730814573,0.4061795499470748
peak_all,130,Channel 10,11.8544,6,1,0.64388576010426,0.3705783247925257
peak_all,130,Channel 11,32.0322,10,1,1.8261343340431242,0.4418193069396876
peak_all,130,Channel 12,28.2019,11,1,2.3241950890302685,0.47396827674381553
peak_all,130,Channel 13,-129.0045,2,2,0.41430364700847105,0.3906346772009834
peak_all,130,Channel 14,96.2921,3,2,0.3838425046800694,0.3809974225455473
peak_all,130,Channel 15,28.0524,7,2,0.9282940985041973,0.3850831092083868
peak_12,130,Channel 1,89.6137,2,1,0.41430364700847105,0.3592767262043597
peak_12,130,Channel 2,4.2523,3,1,0.3838425046800694,0.416833823344091
peak_12,130,Channel 3,-0.9731,7,1,0.9282940985041973,0.3170182642931116
peak_12,130,Channel 4,25.0636,5,1,0.7059232745428654,0.39704243281820306
peak_12,130,Channel 5,121.2152,8,1,1.6716504709693547,0.39086368020829104
peak_12,130,Channel 6,-31.6866,0,1,0.42645478421205946,0.35173218439535375
peak_12,130,Channel 7,17.6637,4,1,0.6332029678748239,0.3523746502888934
peak_12,130,Channel 8,-12.525,9,1,1.7381279017223608,0.45680694459602694
peak_12,130,Channel 9,94.7955,1,1,0.30398516730814573,0.4061795499470748
peak_12,130,Channel 10,-12.2541,6,1,0.64388576010426,0.3705783247925257
peak_12,130,Channel 11,24.1043,10,1,1.8261343340431242,0.4418193069396876
peak_12,130,Channel 12,14.3281,11,1,2.3241950890302685,0.47396827674381553
peak_12,130,Channel 13,54.9698,-1,0,,0.6492824545627117
peak_12,130,Channel 14,104.5539,-1,0,,0.6594432180621644
peak_12,130,Channel 15,75.716,-1,0,,0.6352510897666535
unphased,131,Channel 1,-117.1705,-1,0,,0.6408965848531798
unphased,131,Channel 2,7.6402,-1,0,,0.6511246824381908
unphased,131,Channel 3,-21.7929,-1,0,,0.5795444673848561
unphased,131,Channel 4,112.5216,-1,0,,0.6633974241957761
unphased,131,Channel 5,-112.2904,-1,0,,0.6224905543859435
unphased,131,Channel 6,-113.0082,-1,0,,0.6422746536060384
unphased,131,Channel 7,9.0735,-1,0,,0.6711481267556129
unphased,131,Channel 8,6.6895,-1,0,,0.6561818643970346
unphased,131,Channel 9,200.5161,-1,0,,0.6696683665366845
unphased,131,Channel 10,186.4588,-1,0,,0.6711409842119151
unphased,131,Channel 11,-26.3237,-1,0,,0.6727823886979319
unphased,131,Channel 12,7.2607,-1,0,,0.6520434945703779
unphased,131,Channel 13,191.4246,-1,0,,0.6664284753264211
unphased,131,Channel 14,107.6649,-1,0,,0.6585253337963479
unphased,131,Channel 15,34.9187,-1,0,,0.6323525988436931
peak_all,131,Channel 1,-112.2802,6,2,0.767888151493263,0.43491484890331894
peak_all,131,Channel 2,-36.9809,5,2,0.2699522007194067,0.4245426726056918
peak_all,131,Channel 3,11.2562,10,2,2.272424510295176,0.4588370302549875
peak_all,131,Channel 4,-6.6484,0,1,0.3913988539017483,0.36296622357219693
peak_all,131,Channel 5,8.0724,4,1,-0.007536791477375826,0.25806740780587945
peak_all,131,Channel 6,0.6832,8,1,1.5109403389440996,0.4229974558450511
peak_all,131,Channel 7,11.1059,11,1,1.9860580837048603,0.4238002890691928
peak_all,131,Channel 8,24.3604,3,1,0.18593471235494993,0.3535620733295787
peak_all,131,Channel 9,157.2627,2,1,0.6580829182029468,0.4647000845944182
peak_all,131,Channel 10,24.132,7,1,1.0829230864653123,0.41741973986400327
peak_all,131,Channel 11,35.1803,9,1,2.0587949515029558,0.5098678507057374
peak_all,131,Channel 12,63.7918,1,1,0.8231389838926577,0.42826213131807506
peak_all,131,Channel 13,303.1962,6,2,0.767888151493263,0.4460554150297011
peak_all,131,Channel 14,45.1903,5,2,0.2699522007194067,0.3684594013759387
peak_all,131,Channel 15,30.1957,10,2,2.272424510295176,0.4873922893301178
peak_12,131,Channel 1,60.1964,6,1,0.767888151493263,0.43491484890331894
peak_12,131,Channel 2,-26.8261,5,1,0.2699522007194067,0.4245426726056918
peak_12,131,Channel 3,17.9437,10,1,2.272424510295176,0.4588370302549875
peak_12,131,Channel 4,-43.9686,0,1,0.3913988539017483,0.36296622357219693
peak_12,131,Channel 5,-68.1378,4,1,-0.007536791477375826,0.25806740780587945
peak_12,131,Channel 6,-27.6035,8,1,1.5109403389440996,0.4229974558450511
peak_12,131,Channel 7,-6.8194,11,1,1.9860580837048603,0.4238002890691928
peak_12,131,Channel 8,2.0803,3,1,0.18593471235494993,0.3535620733295787
peak_12,131,Channel 9,88.7362,2,1,0.6580829182029468,0.4647000845944182
peak_12,131,Channel 10,7.5387,7,1,1.0829230864653123,0.41741973986400327
peak_12,131,Channel 11,15.0123,9,1,2.0587949515029558,0.5098678507057374
peak_12,131,Channel 12,29.6866,1,1,0.8231389838926577,0.42826213131807506
peak_12,131,Channel 13,444.1409,-1,0,,0.6664284753264211
peak_12,131,Channel 14,113.129,-1,0,,0.6585253337963479
peak_12,131,Channel 15,55.9688,-1,0,,0.6323525988436931
unphased,132,Channel 1,-22.4224,-1,0,,0.6343198766807634
unphased,132,Channel 2,-30.3866,-1,0,,0.6485269217942622
unphased,132,Channel 3,9.9388,-1,0,,0.608063769927494
unphased,132,Channel 4,69.5306,-1,0,,0.6908465235657073
unphased,132,Channel 5,-62.8475,-1,0,,0.6185500331793575
unphased,132,Channel 6,-110.2943,-1,0,,0.6341596275862369
unphased,132,Channel 7,21.2411,-1,0,,0.6777714722844735
unphased,132,Channel 8,-19.7889,-1,0,,0.6335753104445357
unphased,132,Channel 9,112.5349,-1,0,,0.6442812512036518
unphased,132,Channel 10,128.6409,-1,0,,0.6552732724991954
unphased,132,Channel 11,36.767,-1,0,,0.6855246064250458
unphased,132,Channel 12,7.1172,-1,0,,0.6515063736570302
unphased,132,Channel 13,379.8038,-1,0,,0.6739124337966619
unphased,132,Channel 14,110.1178,-1,0,,0.6620039767556375
unphased,132,Channel 15,2.3513,-1,0,,0.6316845501999502
peak_all,132,Channel 1,-141.111,0,2,0.3261515550308462,0.28542219079179615
peak_all,132,Channel 2,-43.9612,6,2,0.979430737502658,0.4169615826676496
peak_all,132,Channel 3,-2.0939,9,2,1.517493896783189,0.4828305429881781
peak_all,132,Channel 4,35.0762,5,1,0.8421876448449429,0.44091489512029364
peak_all,132,Channel 5,2.8899,8,1,1.2320162077577719,0.33056150896479336
peak_all,132,Channel 6,32.3229,1,1,0.4802520262614176,0.4616985351637373
peak_all,132,Channel 7,30.1018,7,1,1.1656323218692675,0.4078391376887103
peak_all,132,Channel 8,-19.4077,11,1,1.8275536723080363,0.4414467162835847
peak_all,132,Channel 9,197.8912,3,1,0.6881492706827084,0.4454334307591013
peak_all,132,Channel 10,60.2755,4,1,0.8176845237427852,0.388504000919047
peak_all,132,Channel 11,24.3677,2,1,0.5135390019744311,0.3524464440521928
peak_all,132,Channel 12,39.9761,10,1,1.6099091412419464,0.42006190630306234
peak_all,132,Channel 13,179.331,0,2,0.3261515550308462,0.3568015157182943
peak_all,132,Channel 14,136.1495,6,2,0.979430737502658,0.4434743707562019
peak_all,132,Channel 15,21.5699,9,2,1.517493896783189,0.4274558338548446
peak_12,132,Channel 1,-113.2101,0,1,0.3261515550308462,0.28542219079179615
peak_12,132,Channel 2,24.8358,6,1,0.979430737502658,0.4169615826676496
peak_12,132,Channel 3,-3.6291,9,1,1.517493896783189,0.4828305429881781
peak_12,132,Channel 4,3.4061,5,1,0.8421876448449429,0.44091489512029364
peak_12,132,Channel 5,-95.2125,8,1,1.2320162077577719,0.33056150896479336
peak_12,132,Channel 6,-24.6876,1,1,0.4802520262614176,0.4616985351637373
peak_12,132,Channel 7,13.9043,7,1,1.1656323218692675,0.4078391376887103
peak_12,132,Channel 8,-46.7518,11,1,1.8275536723080363,0.4414467162835847
peak_12,132,Channel 9,78.0525,3,1,0.6881492706827084,0.4454334307591013
peak_12,132,Channel 10,12.5206,4,1,0.8176845237427852,0.388504000919047
peak_12,132,Channel 11,11.9114,2,1,0.5135390019744311,0.3524464440521928
peak_12,132,Channel 12,4.5109,10,1,1.6099091412419464,0.42006190630306234
peak_12,132,Channel 13,629.2966,-1,0,,0.6739124337966619
peak_12,132,Channel 14,142.724,-1,0,,0.6620039767556375
peak_12,132,Channel 15,60.6557,-1,0,,0.6316845501999502
unphased,133,Channel 1,-84.2467,-1,0,,0.6480195500746239
unphased,133,Channel 2,-79.6202,-1,0,,0.6604742906954432
unphased,133,Channel 3,-30.4206,-1,0,,0.6158242075141936
unphased,133,Channel 4,65.7689,-1,0,,0.6820216288533029
unphased,133,Channel 5,-124.109,-1,0,,0.6154181471401162
unphased,133,Channel 6,-50.9981,-1,0,,0.6550453083206828
unphased,133,Channel 7,30.0788,-1,0,,0.6810354569136386
unphased,133,Channel 8,-2.1734,-1,0,,0.643921342774068
unphased,133,Channel 9,245.7795,-1,0,,0.6708623435329317
unphased,133,Channel 10,37.5142,-1,0,,0.6510924184401754
unphased,133,Channel 11,60.3791,-1,0,,0.6783865293510263
unphased,133,Channel 12,18.3492,-1,0,,0.6278920533870286
unphased,133,Channel 13,159.0707,-1,0,,0.6463836560859655
unphased,133,Channel 14,121.5913,-1,0,,0.6551658289834521
unphased,133,Channel 15,25.0749,-1,0,,0.6184572379333493
peak_all,133,Channel 1,-22.2765,7,2,1.3429691473554164,0.4301336662320356
peak_all,133,Channel 2,-84.6968,1,2,0.20931763220274427,0.3948771021909354
peak_all,133,Channel 3,-26.4354,10,2,1.607706668569843,0.41850573242629485
peak_all,133,Channel 4,-4.3319,11,1,1.5173979539571376,0.3943088650594673
peak_all,133,Channel 5,111.8687,4,1,0.6802572063498049,0.3272489850865936
peak_all,133,Channel 6,16.4751,2,1,0.3043834388096771,0.356739242432426
peak_all,133,Channel 7,57.052,6,1,1.1238667634972677,0.517310537087501
peak_all,133,Channel 8,40.3088,5,1,0.8570036987677487,0.41235515068293255
peak_all,133,Channel 9,62.8694,3,1,0.3500343016333356,0.41816833100643624
peak_all,133,Channel 10,8.2726,8,1,1.8235669280193132,0.4399834971582653
peak_all,133,Channel 11,21.7008,9,1,1.805218348419588,0.5144948559685699
peak_all,133,Channel 12,-22.6478,0,1,0.37827791241812275,0.3043785050540522
peak_all,133,Channel 13,126.6782,7,2,1.3429691473554164,0.44160603301928475
peak_all,133,Channel 14,135.2428,1,2,0.20931763220274427,0.4072821077397529
peak_all,133,Channel 15,48.2953,10,2,1.607706668569843,0.4219250424802904
peak_12,133,Channel 1,30.8787,7,1,1.3429691473554164,0.4301336662320356
peak_12,133,Channel 2,-14.771,1,1,0.20931763220274427,0.3948771021909354
peak_12,133,Channel 3,-1.3431,10,1,1.607706668569843,0.41850573242629485
peak_12,133,Channel 4,-25.7499,11,1,1.5173979539571376,0.3943088650594673
peak_12,133,Channel 5,33.5124,4,1,0.6802572063498049,0.3272489850865936
peak_12,133,Channel 6,-5.3018,2,1,0.3043834388096771,0.356739242432426
peak_12,133,Channel 7,35.4642,6,1,1.1238667634972677,0.517310537087501
peak_12,133,Channel 8,20.8029,5,1,0.8570036987677487,0.41235515068293255
peak_12,133,Channel 9,-14.5638,3,1,0.3500343016333356,0.41816833100643624
peak_12,133,Channel 10,-10.5595,8,1,1.8235669280193132,0.4399834971582653
peak_12,133,Channel 11,5.6698,9,1,1.805218348419588,0.5144948559685699
peak_12,133,Channel 12,-50.5518,0,1,0.37827791241812275,0.3043785050540522
peak_12,133,Channel 13,352.0925,-1,0,,0.6463836560859655
peak_12,133,Channel 14,132.9983,-1,0,,0.6551658289834521
peak_12,133,Channel 15,53.9297,-1,0,,0.6184572379333493
unphased,134,Channel 1,89.0638,-1,0,,0.6401475217060923
unphased,134,Channel 2,76.834,-1,0,,0.6480044535640719
unphased,134,Channel 3,20.0333,-1,0,,0.6353815293539393
unphased,134,Channel 4,97.8484,-1,0,,0.7011808826692519
unphased,134,Channel 5,47.092,-1,0,,0.6274584727116205
unphased,134,Channel 6,-3.7097,-1,0,,0.6532017586850825
unphased,134,Channel 7,60.8232,-1,0,,0.6791749861679606
unphased,134,Channel 8,-31.6734,-1,0,,0.6422576175710044
unphased,134,Channel 9,13.236,-1,0,,0.6419489978779556
unphased,134,Channel 10,67.3954,-1,0,,0.6328583066801257
unphased,134,Channel 11,53.1151,-1,0,,0.6940718003426025
unphased,134,Channel 12,91.9265,-1,0,,0.6433527623787075
unphased,134,Channel 13,-136.745,-1,0,,0.6398261898477209
unphased,134,Channel 14,-14.9622,-1,0,,0.6572318884941805
unphased,134,Channel 15,-40.6353,-1,0,,0.6139028319496856
peak_all,134,Channel 1,304.3312,3,2,0.6624952697606179,0.45029996883461765
peak_all,134,Channel 2,47.9508,4,2,0.7994582300094553,0.36102220042400274
peak_all,134,Channel 3,21.9185,7,2,1.2212303002047056,0.37543355047544513
peak_all,134,Channel 4,28.6321,9,1,1.5707081503118063,0.4430215925379187
peak_all,134,Channel 5,47.5241,1,1,-0.11894885291358291,0.280275789064664
peak_all,134,Channel 6,-36.9958,0,1,0.4666083057512679,0.3659193103481539
peak_all,134,Channel 7,15.1544,2,1,0.15011113091512399,0.3947265569894374
peak_all,134,Channel 8,48.0584,5,1,1.0353059992655673,0.43521927210465083
peak_all,134,Channel 9,133.9901,6,1,1.1303278244806547,0.48503205044862474
peak_all,134,Channel 10,23.1449,11,1,2.003069925662808,0.4186448380306497
peak_all,134,Channel 11,26.0107,10,1,1.6483318650320897,0.41118107241061014
peak_all,134,Channel 12,19.4379,8,1,1.4313018515194882,0.41377115274294735
peak_all,134,Channel 13,-104.105,3,2,0.6624952697606179,0.4107685013323482
peak_all,134,Channel 14,2.1539,4,2,0.7994582300094553,0.3810820519875422
peak_all,134,Channel 15,10.7815,7,2,1.2212303002047056,0.4185644635360559
peak_12,134,Channel 1,182.595,3,1,0.6624952697606179,0.45029996883461765
peak_12,134,Channel 2,41.6682,4,1,0.7994582300094553,0.36102220042400274
peak_12,134,Channel 3,28.5328,7,1,1.2212303002047056,0.37543355047544513
peak_12,134,Channel 4,25.403,9,1,1.5707081503118063,0.4430215925379187
peak_12,134,Channel 5,35.2058,1,1,-0.11894885291358291,0.280275789064664
peak_12,134,Channel 6,-42.8994,0,1,0.4666083057512679,0.3659193103481539
peak_12,134,Channel 7,13.8538,2,1,0.15011113091512399,0.3947265569894374
peak_12,134,Channel 8,42.5385,5,1,1.0353059992655673,0.43521927210465083
peak_12,134,Channel 9,122.803,6,1,1.1303278244806547,0.48503205044862474
peak_12,134,Channel 10,19.6313,11,1,2.003069925662808,0.4186448380306497
peak_12,134,Channel 11,23.9964,10,1,1.6483318650320897,0.41118107241061014
peak_12,134,Channel 12,15.1147,8,1,1.4313018515194882,0.41377115274294735
peak_12,134,Channel 13,9.0465,-1,0,,0.6398261898477209
peak_12,134,Channel 14,39.1278,-1,0,,0.6572318884941805
peak_12,134,Channel 15,17.5006,-1,0,,0.6139028319496856
unphased,135,Channel 1,94.8978,-1,0,,0.6524508014273073
unphased,135,Channel 2,96.6719,-1,0,,0.6600023232963174
unphased,135,Channel 3,-8.5401,-1,0,,0.6349767735816779
unphased,135,Channel 4,-19.4216,-1,0,,0.6571121935616684
unphased,135,Channel 5,125.3648,-1,0,,0.6088690441547939
unphased,135,Channel 6,-7.2152,-1,0,,0.6510523236628878
unphased,135,Channel 7,65.5966,-1,0,,0.6728052774151122
unphased,135,Channel 8,52.3056,-1,0,,0.6745799280837349
unphased,135,Channel 9,-279.9198,-1,0,,0.6066484863930011
unphased,135,Channel 10,48.8881,-1,0,,0.6678858939111828
unphased,135,Channel 11,111.8632,-1,0,,0.6899526336563004
unphased,135,Channel 12,-27.2104,-1,0,,0.6188245540957039
unphased,135,Channel 13,9.3027,-1,0,,0.6444542135058804
unphased,135,Channel 14,78.9905,-1,0,,0.6934508401001418
unphased,135,Channel 15,-12.6299,-1,0,,0.6169347131542903
peak_all,135,Channel 1,7.6961,0,2,-0.5494218713686011,0.2236972010780893
peak_all,135,Channel 2,-64.2198,2,2,-0.24119581651959332,0.3263272744948314
peak_all,135,Channel 3,-6.3285,5,2,1.3325626111592443,0.41940732236850914
peak_all,135,Channel 4,57.7559,6,1,1.470359652548393,0.4722982106622675
peak_all,135,Channel 5,-58.4491,1,1,-1.499407514213586,0.15095965701855338
peak_all,135,Channel 6,19.1381,3,1,0.4385349658795966,0.43018457109882835
peak_all,135,Channel 7,41.8143,4,1,0.6043777592132227,0.3640125642912274
peak_all,135,Channel 8,25.6328,9,1,1.7408974301003033,0.4356877069424451
peak_all,135,Channel 9,178.3626,10,1,2.8844874560014175,0.5300808102633294
peak_all,135,Channel 10,81.722,7,1,1.5300869151297436,0.4594606197755183
peak_all,135,Channel 11,34.3608,11,1,2.6973215199400236,0.499663253570148
peak_all,135,Channel 12,3.8623,8,1,1.5913968921298351,0.3991434546953706
peak_all,135,Channel 13,-199.2198,0,2,-0.5494218713686011,0.26761425754479473
peak_all,135,Channel 14,92.3587,2,2,-0.24119581651959332,0.29957940495720353
peak_all,135,Channel 15,70.9831,5,2,1.3325626111592443,0.4727462280618577
peak_12,135,Channel 1,-263.2639,0,1,-0.5494218713686011,0.2236972010780893
peak_12,135,Channel 2,-1.5007,2,1,-0.24119581651959332,0.3263272744948314
peak_12,135,Channel 3,22.8333,5,1,1.3325626111592443,0.41940732236850914
peak_12,135,Channel 4,25.6795,6,1,1.470359652548393,0.4722982106622675
peak_12,135,Channel 5,-151.127,1,1,-1.499407514213586,0.15095965701855338
peak_12,135,Channel 6,-29.8121,3,1,0.4385349658795966,0.43018457109882835
peak_12,135,Channel 7,10.2917,4,1,0.6043777592132227,0.3640125642912274
peak_12,135,Channel 8,1.7163,9,1,1.7408974301003033,0.4356877069424451
peak_12,135,Channel 9,103.7209,10,1,2.8844874560014175,0.5300808102633294
peak_12,135,Channel 10,50.4406,7,1,1.5300869151297436,0.4594606197755183
peak_12,135,Channel 11,25.484,11,1,2.6973215199400236,0.499663253570148
peak_12,135,Channel 12,-20.7876,8,1,1.5913968921298351,0.3991434546953706
peak_12,135,Channel 13,243.007,-1,0,,0.6444542135058804
peak_12,135,Channel 14,218.8428,-1,0,,0.6934508401001418
peak_12,135,Channel 15,77.6995,-1,0,,0.6169347131542903
unphased,136,Channel 1,119.1909,-1,0,,0.6513004862035287
unphased,136,Channel 2,-79.0682,-1,0,,0.6550421190351078
unphased,136,Channel 3,28.1054,-1,0,,0.6139792449977206
unphased,136,Channel 4,90.4194,-1,0,,0.696496073650267
unphased,136,Channel 5,147.8885,-1,0,,0.6047125140536325
unphased,136,Channel 6,-110.6461,-1,0,,0.6501006844486594
unphased,136,Channel 7,12.3399,-1,0,,0.6778271952832934
unphased,136,Channel 8,10.3509,-1,0,,0.6214062562801115
unphased,136,Channel 9,239.3998,-1,0,,0.6717160613808307
unphased,136,Channel 10,40.0247,-1,0,,0.6379698693532607
unphased,136,Channel 11,71.7867,-1,0,,0.6986982805881435
unphased,136,Channel 12,2.2778,-1,0,,0.6314425251057719
unphased,136,Channel 13,-100.8798,-1,0,,0.6583274923795867
unphased,136,Channel 14,127.8934,-1,0,,0.6520736185615252
unphased,136,Channel 15,11.6499,-1,0,,0.6289075786785618
peak_all,136,Channel 1,272.1612,1,2,0.6870087315196957,0.4372616369543795
peak_all,136,Channel 2,-99.8427,4,2,0.42615915999155357,0.31198696889344246
peak_all,136,Channel 3,28.4808,10,2,1.5845199180075762,0.40918739865223647
peak_all,136,Channel 4,32.1416,9,1,1.6311314834684771,0.4520286801881715
peak_all,136,Channel 5,172.3762,7,1,1.289469263129895,0.34203841743550933
peak_all,136,Channel 6,-33.6116,0,1,0.723386992228059,0.3931362805920137
peak_all,136,Channel 7,39.8674,3,1,0.7160003969184975,0.4824560339960792
peak_all,136,Channel 8,-2.3953,8,1,1.343141028362477,0.353843243422053
peak_all,136,Channel 9,184.0061,2,1,0.6095324937483605,0.449810943118795
peak_all,136,Channel 10,-0.2633,11,1,1.5517749695779073,0.3684165656711398
peak_all,136,Channel 11,54.5777,6,1,0.8547015802229078,0.47554393112430515
peak_all,136,Channel 12,19.3281,5,1,0.583173982824594,0.34889758616877464
peak_all,136,Channel 13,-50.3078,1,2,0.6870087315196957,0.4113930348571744
peak_all,136,Channel 14,137.6211,4,2,0.42615915999155357,0.3226995019048249
peak_all,136,Channel 15,-9.3471,10,2,1.5845199180075762,0.41805097587435797
peak_12,136,Channel 1,141.1064,1,1,0.6870087315196957,0.4372616369543795
peak_12,136,Channel 2,-11.6876,4,1,0.42615915999155357,0.31198696889344246
peak_12,136,Channel 3,9.8156,10,1,1.5845199180075762,0.40918739865223647
peak_12,136,Channel 4,10.6825,9,1,1.6311314834684771,0.4520286801881715
peak_12,136,Channel 5,136.7178,7,1,1.289469263129895,0.34203841743550933
peak_12,136,Channel 6,-62.9913,0,1,0.723386992228059,0.3931362805920137
peak_12,136,Channel 7,24.5662,3,1,0.7160003969184975,0.4824560339960792
peak_12,136,Channel 8,-17.6369,8,1,1.343141028362477,0.353843243422053
peak_12,136,Channel 9,151.4945,2,1,0.6095324937483605,0.449810943118795
peak_12,136,Channel 10,-19.3628,11,1,1.5517749695779073,0.3684165656711398
peak_12,136,Channel 11,37.9898,6,1,0.8547015802229078,0.47554393112430515
peak_12,136,Channel 12,7.5702,5,1,0.583173982824594,0.34889758616877464
peak_12,136,Channel 13,77.5984,-1,0,,0.6583274923795867
peak_12,136,Channel 14,182.7618,-1,0,,0.6520736185615252
peak_12,136,Channel 15,47.6191,-1,0,,0.6289075786785618
unphased,137,Channel 1,149.6564,-1,0,,0.6394918256102288
unphased,137,Channel 2,-32.7921,-1,0,,0.6483162959244821
unphased,137,Channel 3,-9.6984,-1,0,,0.6192734806449368
unphased,137,Channel 4,114.8731,-1,0,,0.6912013914879105
unphased,137,Channel 5,211.8372,-1,0,,0.6151353548492737
unphased,137,Channel 6,-53.1909,-1,0,,0.6415416006763485
unphased,137,Channel 7,27.4574,-1,0,,0.6750971991652313
unphased,137,Channel 8,-103.5644,-1,0,,0.6399728945212764
unphased,137,Channel 9,6.6801,-1,0,,0.6448020808840373
unphased,137,Channel 10,-46.4504,-1,0,,0.6354093177194667
unphased,137,Channel 11,65.9064,-1,0,,0.6847684008909934
unphased,137,Channel 12,42.2364,-1,0,,0.6499817592198095
unphased,137,Channel 13,123.8864,-1,0,,0.6591490256374617
unphased,137,Channel 14,86.4393,-1,0,,0.6652786333818728
unphased,137,Channel 15,50.0674,-1,0,,0.6405807393866715
peak_all,137,Channel 1,277.0776,3,2,0.6724180234777507,0.45484866988990497
peak_all,137,Channel 2,-60.2843,10,2,1.3185672792131253,0.3840077618184573
peak_all,137,Channel 3,2.267,2,2,0.7274066037510063,0.4171421798185343
peak_all,137,Channel 4,10.741,9,1,1.441995571201834,0.42884157740958345
peak_all,137,Channel 5,28.7134,8,1,1.231686766962406,0.3322726303826691
peak_all,137,Channel 6,-6.0746,11,1,1.5221454358321813,0.3922173775571615
peak_all,137,Channel 7,62.4201,1,1,0.8500394050568085,0.5333391231616799
peak_all,137,Channel 8,48.7159,5,1,1.0028581325325916,0.43641142579071845
peak_all,137,Channel 9,58.3262,7,1,0.8030420639063846,0.35014275175278686
peak_all,137,Channel 10,21.4978,0,1,0.9136209152615764,0.4209894835010528
peak_all,137,Channel 11,38.357,4,1,0.7287269919437057,0.4129166879973846
peak_all,137,Channel 12,42.0338,6,1,0.7874928108606292,0.41106121094044507
peak_all,137,Channel 13,-44.205,3,2,0.6724180234777507,0.42834755098276855
peak_all,137,Channel 14,64.2476,10,2,1.3185672792131253,0.3687818009538102
peak_all,137,Channel 15,41.8434,2,2,0.7274066037510063,0.45473235842051335
peak_12,137,Channel 1,122.2062,3,1,0.6724180234777507,0.45484866988990497
peak_12,137,Channel 2,-26.9849,10,1,1.3185672792131253,0.3840077618184573
peak_12,137,Channel 3,21.0667,2,1,0.7274066037510063,0.4171421798185343
peak_12,137,Channel 4,-8.6326,9,1,1.441995571201834,0.42884157740958345
peak_12,137,Channel 5,-33.253,8,1,1.231686766962406,0.3322726303826691
peak_12,137,Channel 6,-28.6271,11,1,1.5221454358321813,0.3922173775571615
peak_12,137,Channel 7,39.5665,1,1,0.8500394050568085,0.5333391231616799
peak_12,137,Channel 8,22.4976,5,1,1.0028581325325916,0.43641142579071845
peak_12,137,Channel 9,3.9219,7,1,0.8030420639063846,0.35014275175278686
peak_12,137,Channel 10,-16.4218,0,1,0.9136209152615764,0.4209894835010528
peak_12,137,Channel 11,20.2325,4,1,0.7287269919437057,0.4129166879973846
peak_12,137,Channel 12,14.2841,6,1,0.7874928108606292,0.41106121094044507
peak_12,137,Channel 13,248.2665,-1,0,,0.6591490256374617
peak_12,137,Channel 14,152.8337,-1,0,,0.6652786333818728
peak_12,137,Channel 15,74.6847,-1,0,,0.6405807393866715
unphased,138,Channel 1,-334.5152,-1,0,,0.624546140404656
unphased,138,Channel 2,50.0013,-1,0,,0.6646179029323557
unphased,138,Channel 3,19.531,-1,0,,0.6472168469310833
unphased,138,Channel 4,95.2814,-1,0,,0.7134120855159495
unphased,138,Channel 5,-42.0572,-1,0,,0.5833532909251821
unphased,138,Channel 6,-198.377,-1,0,,0.6192434256779887
unphased,138,Channel 7,7.0919,-1,0,,0.6572655105194022
unphased,138,Channel 8,28.789,-1,0,,0.6695334235492754
unphased,138,Channel 9,342.8918,-1,0,,0.6691583736683229
unphased,138,Channel 10,-45.8186,-1,0,,0.6086470277947408
unphased,138,Channel 11,11.7832,-1,0,,0.6646622544204146
unphased,138,Channel 12,141.3676,-1,0,,0.6490445516088361
unphased,138,Channel 13,268.429,-1,0,,0.6656519594606968
unphased,138,Channel 14,95.3371,-1,0,,0.6495007271327765
unphased,138,Channel 15,24.49,-1,0,,0.6641464794583186
peak_all,138,Channel 1,35.6121,7,2,1.0001975556846088,0.375607968015769
peak_all,138,Channel 2,-30.8551,11,2,0.4959427271817955,0.30069739348189056
peak_all,138,Channel 3,18.3417,6,2,0.9337175560872985,0.472181284012958
peak_all,138,Channel 4,133.8434,1,1,1.2340286688551443,0.5506386386915902
peak_all,138,Channel 5,224.7142,0,1,1.2340677462632235,0.39445081558729195
peak_all,138,Channel 6,-34.4348,9,1,0.6657913257039406,0.32613103364215523
peak_all,138,Channel 7,47.7853,5,1,0.7551432808131356,0.43040068459443753
peak_all,138,Channel 8,-14.6662,8,1,0.9311920286278853,0.33755691875599075
peak_all,138,Channel 9,-60.3897,10,1,0.65060409513799,0.3300913970967215
peak_all,138,Channel 10,128.6864,2,1,1.4324448734843214,0.4687619843059613
peak_all,138,Channel 11,65.1247,4,1,1.1327861043077307,0.4602135117798385
peak_all,138,Channel 12,139.1461,3,1,1.5340840378529255,0.5509079633606392
peak_all,138,Channel 13,72.1045,7,2,1.0001975556846088,0.40926870218537215
peak_all,138,Channel 14,-38.0473,11,2,0.4959427271817955,0.2904277365127386
peak_all,138,Channel 15,25.3443,6,2,0.9337175560872985,0.4378903216333116
peak_12,138,Channel 1,56.4923,7,1,1.0001975556846088,0.375607968015769
peak_12,138,Channel 2,-76.6743,11,1,0.4959427271817955,0.30069739348189056
peak_12,138,Channel 3,29.8954,6,1,0.9337175560872985,0.472181284012958
peak_12,138,Channel 4,125.1637,1,1,1.2340286688551443,0.5506386386915902
peak_12,138,Channel 5,152.6574,0,1,1.2340677462632235,0.39445081558729195
peak_12,138,Channel 6,-54.7405,9,1,0.6657913257039406,0.32613103364215523
peak_12,138,Channel 7,30.9566,5,1,0.7551432808131356,0.43040068459443753
peak_12,138,Channel 8,-22.0264,8,1,0.9311920286278853,0.33755691875599075
peak_12,138,Channel 9,-104.8271,10,1,0.65060409513799,0.3300913970967215
peak_12,138,Channel 10,113.2615,2,1,1.4324448734843214,0.4687619843059613
peak_12,138,Channel 11,53.3962,4,1,1.1327861043077307,0.4602135117798385
peak_12,138,Channel 12,120.5184,3,1,1.5340840378529255,0.5509079633606392
peak_12,138,Channel 13,157.3356,-1,0,,0.6656519594606968
peak_12,138,Channel 14,126.854,-1,0,,0.6495007271327765
peak_12,138,Channel 15,26.6768,-1,0,,0.6641464794583186
unphased,139,Channel 1,250.4602,-1,0,,0.6534865626270849
unphased,139,Channel 2,-81.5612,-1,0,,0.6200214326267799
unphased,139,Channel 3,1.9331,-1,0,,0.6177141460236837
unphased,139,Channel 4,-11.9705,-1,0,,0.6639162679591
unphased,139,Channel 5,429.3407,-1,0,,0.6905132150226224
unphased,139,Channel 6,115.67,-1,0,,0.6887553297888654
unphased,139,Channel 7,70.8868,-1,0,,0.6950056358865381
unphased,139,Channel 8,-95.2125,-1,0,,0.6338856602439433
unphased,139,Channel 9,23.547,-1,0,,0.6433194127281522
unphased,139,Channel 10,94.4089,-1,0,,0.6696391572164717
unphased,139,Channel 11,73.2791,-1,0,,0.691039287592709
unphased,139,Channel 12,48.4146,-1,0,,0.6230087954895305
unphased,139,Channel 13,-86.698,-1,0,,0.6490240383842465
unphased,139,Channel 14,40.8902,-1,0,,0.6440719773888209
unphased,139,Channel 15,-82.0957,-1,0,,0.5665990810214498
peak_all,139,Channel 1,38.942,6,2,1.1493623239470152,0.4714450318054255
peak_all,139,Channel 2,-52.8654,11,2,3.162124527406956,0.4791923783691297
peak_all,139,Channel 3,57.9036,10,2,3.09759168790862,0.5123062345587155
peak_all,139,Channel 4,-59.2662,4,1,-0.7995094593817837,0.28526073522219714
peak_all,139,Channel 5,135.55,8,1,2.8151508437681674,0.4734957182632897
peak_all,139,Channel 6,75.8735,7,1,2.9972041635506734,0.5539008069618445
peak_all,139,Channel 7,-36.1997,0,1,-0.8035547621604859,0.2582816784713232
peak_all,139,Channel 8,31.9945,9,1,2.5485590292269835,0.4653412099852108
peak_all,139,Channel 9,134.7765,5,1,0.48478782512731805,0.4841028943063922
peak_all,139,Channel 10,-7.4026,1,1,-0.7065432113810309,0.3658025627888881
peak_all,139,Channel 11,3.8283,2,1,-0.9242306700575806,0.2369490928004218
peak_all,139,Channel 12,-13.4913,3,1,-1.0209422979548528,0.29804790724169317
peak_all,139,Channel 13,252.9448,6,2,1.1493623239470152,0.46088104347529574
peak_all,139,Channel 14,142.3999,11,2,3.162124527406956,0.49402107087005476
peak_all,139,Channel 15,1.4174,10,2,3.09759168790862,0.48871976917846743
peak_12,139,Channel 1,254.2632,6,1,1.1493623239470152,0.4714450318054255
peak_12,139,Channel 2,63.4474,11,1,3.162124527406956,0.4791923783691297
peak_12,139,Channel 3,51.3869,10,1,3.09759168790862,0.5123062345587155
peak_12,139,Channel 4,-78.1248,4,1,-0.7995094593817837,0.28526073522219714
peak_12,139,Channel 5,119.6565,8,1,2.8151508437681674,0.4734957182632897
peak_12,139,Channel 6,68.113,7,1,2.9972041635506734,0.5539008069618445
peak_12,139,Channel 7,-39.5462,0,1,-0.8035547621604859,0.2582816784713232
peak_12,139,Channel 8,15.3055,9,1,2.5485590292269835,0.4653412099852108
peak_12,139,Channel 9,90.3225,5,1,0.48478782512731805,0.4841028943063922
peak_12,139,Channel 10,-33.0722,1,1,-0.7065432113810309,0.3658025627888881
peak_12,139,Channel 11,-0.7893,2,1,-0.9242306700575806,0.2369490928004218
peak_12,139,Channel 12,-20.227,3,1,-1.0209422979548528,0.29804790724169317
peak_12,139,Channel 13,444.6809,-1,0,,0.6490240383842465
peak_12,139,Channel 14,54.1407,-1,0,,0.6440719773888209
peak_12,139,Channel 15,-71.3408,-1,0,,0.5665990810214498
unphased,140,Channel 1,-7.4059,-1,0,,0.6593931374776064
unphased,140,Channel 2,34.9927,-1,0,,0.6625170411841819
unphased,140,Channel 3,-4.9635,-1,0,,0.620590749229312
unphased,140,Channel 4,87.9318,-1,0,,0.6805026693108388
unphased,140,Channel 5,111.2701,-1,0,,0.6139788520429933
unphased,140,Channel 6,-88.4381,-1,0,,0.6587946500061793
unphased,140,Channel 7,71.6338,-1,0,,0.6693618373899418
unphased,140,Channel 8,61.3756,-1,0,,0.6362139962689685
unphased,140,Channel 9,195.5778,-1,0,,0.6538391890219735
unphased,140,Channel 10,-35.4318,-1,0,,0.638257872610965
unphased,140,Channel 11,94.3754,-1,0,,0.6846460758469177
unphased,140,Channel 12,-30.9187,-1,0,,0.6451133514402307
unphased,140,Channel 13,-234.5333,-1,0,,0.6370962335460228
unphased,140,Channel 14,75.719,-1,0,,0.6589990003909791
unphased,140,Channel 15,5.0321,-1,0,,0.6306953442328884
peak_all,140,Channel 1,264.2522,11,2,2.0346766124522477,0.4590775189318736
peak_all,140,Channel 2,8.5914,4,2,0.6599082210498094,0.3418387540366422
peak_all,140,Channel 3,10.3063,10,2,1.6810503217311237,0.43356758161439335
peak_all,140,Channel 4,30.8978,8,1,1.547982261862122,0.44365169477843674
peak_all,140,Channel 5,152.069,5,1,0.7975430329764315,0.40990406057775586
peak_all,140,Channel 6,14.1392,7,1,1.1124424267273887,0.38007286464144546
peak_all,140,Channel 7,56.9006,3,1,0.514057070323644,0.44033645143569355
peak_all,140,Channel 8,36.8309,2,1,0.32136192920058837,0.2914662432843712
peak_all,140,Channel 9,-12.2287,0,1,0.4773938480263491,0.3068814102199198
peak_all,140,Channel 10,20.6325,9,1,1.7649412805692946,0.43690987892640476
peak_all,140,Channel 11,55.1028,1,1,0.14622849207160682,0.406326061091609
peak_all,140,Channel 12,36.899,6,1,0.9424145030093946,0.4209326460205079
peak_all,140,Channel 13,-278.0526,11,2,2.0346766124522477,0.4584235751804946
peak_all,140,Channel 14,56.9433,4,2,0.6599082210498094,0.3530835701454322
peak_all,140,Channel 15,-15.4841,10,2,1.6810503217311237,0.4405830989394376
peak_12,140,Channel 1,13.2673,11,1,2.0346766124522477,0.4590775189318736
peak_12,140,Channel 2,49.4616,4,1,0.6599082210498094,0.3418387540366422
peak_12,140,Channel 3,-4.4544,10,1,1.6810503217311237,0.43356758161439335
peak_12,140,Channel 4,26.5933,8,1,1.547982261862122,0.44365169477843674
peak_12,140,Channel 5,152.8802,5,1,0.7975430329764315,0.40990406057775586
peak_12,140,Channel 6,10.1753,7,1,1.1124424267273887,0.38007286464144546
peak_12,140,Channel 7,52.7532,3,1,0.514057070323644,0.44033645143569355
peak_12,140,Channel 8,34.795,2,1,0.32136192920058837,0.2914662432843712
peak_12,140,Channel 9,-14.3339,0,1,0.4773938480263491,0.3068814102199198
peak_12,140,Channel 10,18.5169,9,1,1.7649412805692946,0.43690987892640476
peak_12,140,Channel 11,56.2534,1,1,0.14622849207160682,0.406326061091609
peak_12,140,Channel 12,28.4088,6,1,0.9424145030093946,0.4209326460205079
peak_12,140,Channel 13,-241.5306,-1,0,,0.6370962335460228
peak_12,140,Channel 14,140.9377,-1,0,,0.6589990003909791
peak_12,140,Channel 15,8.3052,-1,0,,0.6306953442328884
unphased,141,Channel 1,446.1842,-1,0,,0.6439567877828763
unphased,141,Channel 2,-99.3611,-1,0,,0.657996262448298
unphased,141,Channel 3,33.8139,-1,0,,0.6318501663132619
unphased,141,Channel 4,2.7313,-1,0,,0.6795414189811961
unphased,141,Channel 5,-105.852,-1,0,,0.6204274934832645
unphased,141,Channel 6,10.467,-1,0,,0.6505957029838252
unphased,141,Channel 7,72.4893,-1,0,,0.672029098560349
unphased,141,Channel 8,59.9846,-1,0,,0.6530215961906821
unphased,141,Channel 9,247.2799,-1,0,,0.6612660578384192
unphased,141,Channel 10,-57.0056,-1,0,,0.6232689711584832
unphased,141,Channel 11,17.3297,-1,0,,0.6702365064695607
unphased,141,Channel 12,4.4719,-1,0,,0.6424324450818517
unphased,141,Channel 13,-3.425,-1,0,,0.6482651505934974
unphased,141,Channel 14,21.3472,-1,0,,0.6665367965036407
unphased,141,Channel 15,-80.8298,-1,0,,0.6285755456108003
peak_all,141,Channel 1,573.4997,3,2,0.5858001459010166,0.44043126638547037
peak_all,141,Channel 2,-38.8445,1,2,0.4535859927455824,0.4273636174493241
peak_all,141,Channel 3,45.483,7,2,1.246755376133094,0.38396923888332823
peak_all,141,Channel 4,-31.6124,0,1,0.7573904477884235,0.4035834871923528
peak_all,141,Channel 5,124.0669,5,1,0.8916720842563832,0.4310792440477654
peak_all,141,Channel 6,107.2536,4,1,0.7639228385882033,0.47245510854467826
peak_all,141,Channel 7,19.2652,8,1,1.5015402759478784,0.4281842583987251
peak_all,141,Channel 8,25.8715,2,1,0.5129468119071567,0.3363931453327795
peak_all,141,Channel 9,-10.8605,11,1,1.5991397363856623,0.4354052986867648
peak_all,141,Channel 10,-7.9763,9,1,1.4828662667303136,0.3946020035464033
peak_all,141,Channel 11,6.8561,6,1,0.8844543458302295,0.4562642575699155
peak_all,141,Channel 12,5.7249,10,1,1.319925677786058,0.3722713133830933
peak_all,141,Channel 13,-337.5283,3,2,0.5858001459010166,0.4021596715563731
peak_all,141,Channel 14,100.0449,1,2,0.4535859927455824,0.4505226787315676
peak_all,141,Channel 15,-45.3229,7,2,1.246755376133094,0.43696984712214715
peak_12,141,Channel 1,227.2411,3,1,0.5858001459010166,0.44043126638547037
peak_12,141,Channel 2,31.2536,1,1,0.4535859927455824,0.4273636174493241
peak_12,141,Channel 3,13.6338,7,1,1.246755376133094,0.38396923888332823
peak_12,141,Channel 4,-19.323,0,1,0.7573904477884235,0.4035834871923528
peak_12,141,Channel 5,120.1032,5,1,0.8916720842563832,0.4310792440477654
peak_12,141,Channel 6,78.3383,4,1,0.7639228385882033,0.47245510854467826
peak_12,141,Channel 7,15.1038,8,1,1.5015402759478784,0.4281842583987251
peak_12,141,Channel 8,28.9197,2,1,0.5129468119071567,0.3363931453327795
peak_12,141,Channel 9,-22.2977,11,1,1.5991397363856623,0.4354052986867648
peak_12,141,Channel 10,-14.6252,9,1,1.4828662667303136,0.3946020035464033
peak_12,141,Channel 11,6.4805,6,1,0.8844543458302295,0.4562642575699155
peak_12,141,Channel 12,5.6485,10,1,1.319925677786058,0.3722713133830933
peak_12,141,Channel 13,38.0339,-1,0,,0.6482651505934974
peak_12,141,Channel 14,102.2793,-1,0,,0.6665367965036407
peak_12,141,Channel 15,-39.5819,-1,0,,0.6285755456108003
unphased,142,Channel 1,166.4689,-1,0,,0.6495518550551679
unphased,142,Channel 2,-8.0752,-1,0,,0.6537272396950855
unphased,142,Channel 3,25.7448,-1,0,,0.619777775477502
unphased,142,Channel 4,9.8299,-1,0,,0.6978707710153801
unphased,142,Channel 5,-28.7107,-1,0,,0.6100598497583487
unphased,142,Channel 6,-130.7356,-1,0,,0.6397789348312752
unphased,142,Channel 7,4.1182,-1,0,,0.6629833315381473
unphased,142,Channel 8,59.8919,-1,0,,0.6561111911190715
unphased,142,Channel 9,300.2706,-1,0,,0.6637318562170994
unphased,142,Channel 10,-38.1496,-1,0,,0.6083568326410138
unphased,142,Channel 11,60.3482,-1,0,,0.6925950992617214
unphased,142,Channel 12,41.428,-1,0,,0.6561486623608853
unphased,142,Channel 13,-28.099,-1,0,,0.6458106173806317
unphased,142,Channel 14,49.9769,-1,0,,0.6522984734104861
unphased,142,Channel 15,38.3901,-1,0,,0.6411975102381854
peak_all,142,Channel 1,352.4433,2,2,0.781658097722141,0.4334512083069852
peak_all,142,Channel 2,-7.6068,0,2,0.8750826212184867,0.41923762980530227
peak_all,142,Channel 3,1.0447,10,2,1.4145212006643562,0.3892094758020768
peak_all,142,Channel 4,63.2405,5,1,0.8640003358794405,0.4529880068813018
peak_all,142,Channel 5,-15.7105,7,1,0.7961434326551127,0.2758593333115541
peak_all,142,Channel 6,75.8076,1,1,0.8296099106379772,0.5137415806166323
peak_all,142,Channel 7,45.0192,4,1,0.7493895280516333,0.3792022517155531
peak_all,142,Channel 8,20.0387,8,1,1.1484584149522659,0.34892065495662516
peak_all,142,Channel 9,192.2217,6,1,0.8748190115461155,0.4762194523029492
peak_all,142,Channel 10,-34.945,9,1,1.2958778935207111,0.35794463700813034
peak_all,142,Channel 11,30.3155,3,1,0.8110647259407677,0.5147314839144445
peak_all,142,Channel 12,1.0197,11,1,1.55937482721099,0.3652124333938871
peak_all,142,Channel 13,-210.2167,2,2,0.781658097722141,0.45886483864250366
peak_all,142,Channel 14,7.4737,0,2,0.8750826212184867,0.3708254051605146
peak_all,142,Channel 15,13.5548,10,2,1.4145212006643562,0.4033597551835334
peak_12,142,Channel 1,143.058,2,1,0.781658097722141,0.4334512083069852
peak_12,142,Channel 2,-23.3825,0,1,0.8750826212184867,0.41923762980530227
peak_12,142,Channel 3,4.8531,10,1,1.4145212006643562,0.3892094758020768
peak_12,142,Channel 4,43.5005,5,1,0.8640003358794405,0.4529880068813018
peak_12,142,Channel 5,-34.5898,7,1,0.7961434326551127,0.2758593333115541
peak_12,142,Channel 6,48.0182,1,1,0.8296099106379772,0.5137415806166323
peak_12,142,Channel 7,30.3443,4,1,0.7493895280516333,0.3792022517155531
peak_12,142,Channel 8,6.8668,8,1,1.1484584149522659,0.34892065495662516
peak_12,142,Channel 9,139.7874,6,1,0.8748190115461155,0.4762194523029492
peak_12,142,Channel 10,-50.497,9,1,1.2958778935207111,0.35794463700813034
peak_12,142,Channel 11,15.8541,3,1,0.8110647259407677,0.5147314839144445
peak_12,142,Channel 12,-10.717,11,1,1.55937482721099,0.3652124333938871
peak_12,142,Channel 13,64.0075,-1,0,,0.6458106173806317
peak_12,142,Channel 14,99.2938,-1,0,,0.6522984734104861
peak_12,142,Channel 15,60.7553,-1,0,,0.6411975102381854
unphased,143,Channel 1,209.9285,-1,0,,0.6535877783678995
unphased,143,Channel 2,-5.0515,-1,0,,0.6638640019619274
unphased,143,Channel 3,-13.2149,-1,0,,0.6339988864466553
unphased,143,Channel 4,132.717,-1,0,,0.6899704930776633
unphased,143,Channel 5,-259.7281,-1,0,,0.5872726141211201
unphased,143,Channel 6,56.2673,-1,0,,0.6373745535330316
unphased,143,Channel 7,2.5332,-1,0,,0.6646783456420198
unphased,143,Channel 8,1.9563,-1,0,,0.6590357070445184
unphased,143,Channel 9,181.8481,-1,0,,0.6538608044516759
unphased,143,Channel 10,-30.7727,-1,0,,0.6205128982377025
unphased,143,Channel 11,27.6961,-1,0,,0.681634531177168
unphased,143,Channel 12,58.5423,-1,0,,0.6440784226516263
unphased,143,Channel 13,-272.5137,-1,0,,0.633242331889555
unphased,143,Channel 14,139.6193,-1,0,,0.6582199393921293
unphased,143,Channel 15,22.9655,-1,0,,0.6686686920053088
peak_all,143,Channel 1,511.2805,1,2,0.7445587733003914,0.4495202963830803
peak_all,143,Channel 2,3.5226,3,2,0.8614775704763565,0.5050580373998745
peak_all,143,Channel 3,-14.8881,4,2,0.7653765921685404,0.3781666499094122
peak_all,143,Channel 4,-13.9412,8,1,1.1941036108003673,0.4050575510697832
peak_all,143,Channel 5,44.9897,6,1,0.9006741839781309,0.3938340848688236
peak_all,143,Channel 6,29.4677,7,1,0.8232669140243415,0.33281569898604824
peak_all,143,Channel 7,-1.1933,0,1,1.041442523976813,0.40882994748486184
peak_all,143,Channel 8,42.5578,2,1,0.6674139582263814,0.37439695180430876
peak_all,143,Channel 9,296.3646,5,1,1.0489417780113168,0.5490904051911774
peak_all,143,Channel 10,7.2925,11,1,1.5818406996369647,0.37099902272029955
peak_all,143,Channel 11,-4.2632,9,1,1.0273054421840293,0.41616613724749285
peak_all,143,Channel 12,-14.108,10,1,1.3435979532163675,0.3793942175374866
peak_all,143,Channel 13,-332.2434,1,2,0.7445587733003914,0.403242046024782
peak_all,143,Channel 14,124.1837,3,2,0.8614775704763565,0.45262276964822895
peak_all,143,Channel 15,35.4595,4,2,0.7653765921685404,0.4373392444501394
peak_12,143,Channel 1,200.2384,1,1,0.7445587733003914,0.4495202963830803
peak_12,143,Channel 2,101.0502,3,1,0.8614775704763565,0.5050580373998745
peak_12,143,Channel 3,4.8277,4,1,0.7653765921685404,0.3781666499094122
peak_12,143,Channel 4,-22.3117,8,1,1.1941036108003673,0.4050575510697832
peak_12,143,Channel 5,-1.3987,6,1,0.9006741839781309,0.3938340848688236
peak_12,143,Channel 6,19.4683,7,1,0.8232669140243415,0.33281569898604824
peak_12,143,Channel 7,-7.136,0,1,1.041442523976813,0.40882994748486184
peak_12,143,Channel 8,33.8888,2,1,0.6674139582263814,0.37439695180430876
peak_12,143,Channel 9,282.6543,5,1,1.0489417780113168,0.5490904051911774
peak_12,143,Channel 10,3.8237,11,1,1.5818406996369647,0.37099902272029955
peak_12,143,Channel 11,-7.946,9,1,1.0273054421840293,0.41616613724749285
peak_12,143,Channel 12,-21.6832,10,1,1.3435979532163675,0.3793942175374866
peak_12,143,Channel 13,-311.7721,-1,0,,0.633242331889555
peak_12,143,Channel 14,210.8338,-1,0,,0.6582199393921293
peak_12,143,Channel 15,49.0589,-1,0,,0.6686686920053088
unphased,144,Channel 1,-110.8811,-1,0,,0.6531169503010484
unphased,144,Channel 2,43.3244,-1,0,,0.6470433960136569
unphased,144,Channel 3,-5.3734,-1,0,,0.6047774148603142
unphased,144,Channel 4,114.0192,-1,0,,0.6942364514190407
unphased,144,Channel 5,48.7665,-1,0,,0.6188268019823978
unphased,144,Channel 6,-134.3999,-1,0,,0.6332126340863977
unphased,144,Channel 7,60.8849,-1,0,,0.6888463674680989
unphased,144,Channel 8,-152.7374,-1,0,,0.6086302396685871
unphased,144,Channel 9,-107.4011,-1,0,,0.6418732971728095
unphased,144,Channel 10,175.6034,-1,0,,0.6606462271821348
unphased,144,Channel 11,113.048,-1,0,,0.6934355162202096
unphased,144,Channel 12,39.511,-1,0,,0.6411853810639294
unphased,144,Channel 13,494.0172,-1,0,,0.7020194666390794
unphased,144,Channel 14,46.1131,-1,0,,0.6394232348932666
unphased,144,Channel 15,-45.8823,-1,0,,0.6227266210290265
peak_all,144,Channel 1,-329.2363,1,2,-0.12236258334975682,0.3752743204436175
peak_all,144,Channel 2,11.0033,5,2,0.8662903968993386,0.4835489812611332
peak_all,144,Channel 3,21.3715,4,2,0.0404872520091263,0.29179116424661966
peak_all,144,Channel 4,13.8585,3,1,0.12755612032167266,0.3594377135420034
peak_all,144,Channel 5,120.6001,9,1,1.9598610274973949,0.41749723906769115
peak_all,144,Channel 6,25.0651,7,1,1.3985871998525152,0.3868852288311527
peak_all,144,Channel 7,-7.7544,0,1,-0.32770098470272924,0.2933957399222746
peak_all,144,Channel 8,-27.8702,8,1,1.268888264728355,0.32390764853840914
peak_all,144,Channel 9,105.2075,2,1,-0.0019536812097216932,0.38156965463246423
peak_all,144,Channel 10,74.9112,11,1,2.798505524309451,0.46708586250210565
peak_all,144,Channel 11,72.1096,6,1,1.6550944624117585,0.5415611561272111
peak_all,144,Channel 12,28.4058,10,1,2.3367470012325944,0.45704417526455166
peak_all,144,Channel 13,433.2987,1,2,-0.12236258334975682,0.37817872758047094
peak_all,144,Channel 14,53.564,5,2,0.8662903968993386,0.4180905168988886
peak_all,144,Channel 15,-12.093,4,2,0.0404872520091263,0.337749339192894
peak_12,144,Channel 1,-58.5861,1,1,-0.12236258334975682,0.3752743204436175
peak_12,144,Channel 2,27.3686,5,1,0.8662903968993386,0.4835489812611332
peak_12,144,Channel 3,-7.4228,4,1,0.0404872520091263,0.29179116424661966
peak_12,144,Channel 4,-6.3062,3,1,0.12755612032167266,0.3594377135420034
peak_12,144,Channel 5,20.714,9,1,1.9598610274973949,0.41749723906769115
peak_12,144,Channel 6,7.2272,7,1,1.3985871998525152,0.3868852288311527
peak_12,144,Channel 7,-26.1226,0,1,-0.32770098470272924,0.2933957399222746
peak_12,144,Channel 8,-43.1286,8,1,1.268888264728355,0.32390764853840914
peak_12,144,Channel 9,63.2635,2,1,-0.0019536812097216932,0.38156965463246423
peak_12,144,Channel 10,49.2302,11,1,2.798505524309451,0.46708586250210565
peak_12,144,Channel 11,58.2536,6,1,1.6550944624117585,0.5415611561272111
peak_12,144,Channel 12,7.9072,10,1,2.3367470012325944,0.45704417526455166
peak_12,144,Channel 13,715.8403,-1,0,,0.7020194666390794
peak_12,144,Channel 14,46.3917,-1,0,,0.6394232348932666
peak_12,144,Channel 15,-28.0574,-1,0,,0.6227266210290265
unphased,145,Channel 1,-67.693,-1,0,,0.6481109341241752
unphased,145,Channel 2,104.9401,-1,0,,0.6646265862974261
unphased,145,Channel 3,51.32,-1,0,,0.6479990069428844
unphased,145,Channel 4,126.3894,-1,0,,0.6907952577151519
unphased,145,Channel 5,-40.2617,-1,0,,0.5912338578540464
unphased,145,Channel 6,-132.6242,-1,0,,0.6456094729357336
unphased,145,Channel 7,38.1261,-1,0,,0.6683055929355566
unphased,145,Channel 8,25.4804,-1,0,,0.6496212515124211
unphased,145,Channel 9,181.294,-1,0,,0.6545744097253033
unphased,145,Channel 10,29.8935,-1,0,,0.6159530389487832
unphased,145,Channel 11,61.2073,-1,0,,0.6872081647510947
unphased,145,Channel 12,-46.8826,-1,0,,0.6265176280811995
unphased,145,Channel 13,-162.4054,-1,0,,0.6420790538674449
unphased,145,Channel 14,72.4955,-1,0,,0.6620098884064987
unphased,145,Channel 15,43.4475,-1,0,,0.6553558559022792
peak_all,145,Channel 1,322.255,6,2,1.2239094934799712,0.49905898385151937
peak_all,145,Channel 2,97.7833,5,2,1.1574847443046847,0.5355722159949904
peak_all,145,Channel 3,5.8085,10,2,1.099859476014362,0.3575849917702341
peak_all,145,Channel 4,18.7363,7,1,1.1414920464393135,0.42707473605708723
peak_all,145,Channel 5,190.6665,1,1,0.7238427451770573,0.3648974663553045
peak_all,145,Channel 6,-27.8499,11,1,1.5563399650114371,0.39837307752608503
peak_all,145,Channel 7,53.079,3,1,0.5173045056786383,0.4556582586770361
peak_all,145,Channel 8,66.7741,2,1,0.8818130462101536,0.40146738046642716
peak_all,145,Channel 9,161.2246,4,1,0.7542066445952875,0.41255130687500025
peak_all,145,Channel 10,-27.1912,9,1,0.9058128262676118,0.3140953809159294
peak_all,145,Channel 11,29.3895,0,1,0.9951070610687649,0.4864635454643762
peak_all,145,Channel 12,10.7118,8,1,1.0428274457527207,0.36068297198871047
peak_all,145,Channel 13,-104.1551,6,2,1.2239094934799712,0.48534533041786226
peak_all,145,Channel 14,1.1703,5,2,1.1574847443046847,0.4733776498790001
peak_all,145,Channel 15,-8.4851,10,2,1.099859476014362,0.3658349635114375
peak_12,145,Channel 1,188.7069,6,1,1.2239094934799712,0.49905898385151937
peak_12,145,Channel 2,90.8379,5,1,1.1574847443046847,0.5355722159949904
peak_12,145,Channel 3,-4.8415,10,1,1.099859476014362,0.3575849917702341
peak_12,145,Channel 4,16.985,7,1,1.1414920464393135,0.42707473605708723
peak_12,145,Channel 5,188.6815,1,1,0.7238427451770573,0.3648974663553045
peak_12,145,Channel 6,-34.4595,11,1,1.5563399650114371,0.39837307752608503
peak_12,145,Channel 7,47.1879,3,1,0.5173045056786383,0.4556582586770361
peak_12,145,Channel 8,63.8447,2,1,0.8818130462101536,0.40146738046642716
peak_12,145,Channel 9,160.3809,4,1,0.7542066445952875,0.41255130687500025
peak_12,145,Channel 10,-31.1432,9,1,0.9058128262676118,0.3140953809159294
peak_12,145,Channel 11,20.5138,0,1,0.9951070610687649,0.4864635454643762
peak_12,145,Channel 12,0.8337,8,1,1.0428274457527207,0.36068297198871047
peak_12,145,Channel 13,-176.3433,-1,0,,0.6420790538674449
peak_12,145,Channel 14,102.7021,-1,0,,0.6620098884064987
peak_12,145,Channel 15,52.6765,-1,0,,0.6553558559022792
unphased,146,Channel 1,-163.4444,-1,0,,0.6415894095743786
unphased,146,Channel 2,-8.6053,-1,0,,0.6569867336681045
unphased,146,Channel 3,-53.4808,-1,0,,0.6203176813026079
unphased,146,Channel 4,79.4905,-1,0,,0.6629828378479274
unphased,146,Channel 5,74.8973,-1,0,,0.633231331125859
unphased,146,Channel 6,11.8511,-1,0,,0.65106747821203
unphased,146,Channel 7,34.1398,-1,0,,0.673237629427446
unphased,146,Channel 8,30.6874,-1,0,,0.6278639236923426
unphased,146,Channel 9,71.7187,-1,0,,0.6494695208576026
unphased,146,Channel 10,94.7614,-1,0,,0.6524203010183356
unphased,146,Channel 11,65.8584,-1,0,,0.6814129984523477
unphased,146,Channel 12,-22.9764,-1,0,,0.6448264527700008
unphased,146,Channel 13,149.0699,-1,0,,0.6609421635011604
unphased,146,Channel 14,82.8549,-1,0,,0.6621043876670474
unphased,146,Channel 15,12.2332,-1,0,,0.6315471508828104
peak_all,146,Channel 1,-78.6662,3,2,0.2717726917939824,0.39224339315081913
peak_all,146,Channel 2,-71.5579,2,2,0.15827739765260024,0.33131964232487626
peak_all,146,Channel 3,-24.7131,9,2,1.5036227811071496,0.48994201124840947
peak_all,146,Channel 4,-23.6628,0,1,0.5518424165383597,0.35896275555495466
peak_all,146,Channel 5,100.7932,8,1,1.4943320133092268,0.37349406174731453
peak_all,146,Channel 6,61.7162,7,1,1.2644592245038941,0.4007103078375405
peak_all,146,Channel 7,10.5824,11,1,2.079178805977539,0.478915666749433
peak_all,146,Channel 8,20.5542,5,1,0.9502476848257232,0.4141385515958117
peak_all,146,Channel 9,112.7243,4,1,0.6482931580319585,0.3765531225473961
peak_all,146,Channel 10,56.3886,10,1,1.7878815216932697,0.434973452421309
peak_all,146,Channel 11,50.3847,6,1,0.9982153285219469,0.47530059055622903
peak_all,146,Channel 12,35.3477,1,1,0.2918769760443478,0.3405459877108098
peak_all,146,Channel 13,128.5966,3,2,0.2717726917939824,0.36221537053879993
peak_all,146,Channel 14,100.7018,2,2,0.15827739765260024,0.2841871656983487
peak_all,146,Channel 15,38.7652,9,2,1.5036227811071496,0.4256969409805478
peak_12,146,Channel 1,-49.8103,3,1,0.2717726917939824,0.39224339315081913
peak_12,146,Channel 2,-2.4736,2,1,0.15827739765260024,0.33131964232487626
peak_12,146,Channel 3,-5.239,9,1,1.5036227811071496,0.48994201124840947
peak_12,146,Channel 4,-53.8163,0,1,0.5518424165383597,0.35896275555495466
peak_12,146,Channel 5,36.5743,8,1,1.4943320133092268,0.37349406174731453
peak_12,146,Channel 6,33.751,7,1,1.2644592245038941,0.4007103078375405
peak_12,146,Channel 7,-3.2607,11,1,2.079178805977539,0.478915666749433
peak_12,146,Channel 8,1.4449,5,1,0.9502476848257232,0.4141385515958117
peak_12,146,Channel 9,21.0707,4,1,0.6482931580319585,0.3765531225473961
peak_12,146,Channel 10,25.1571,10,1,1.7878815216932697,0.434973452421309
peak_12,146,Channel 11,33.1336,6,1,0.9982153285219469,0.47530059055622903
peak_12,146,Channel 12,3.9234,1,1,0.2918769760443478,0.3405459877108098
peak_12,146,Channel 13,391.3673,-1,0,,0.6609421635011604
peak_12,146,Channel 14,138.6286,-1,0,,0.6621043876670474
peak_12,146,Channel 15,39.0896,-1,0,,0.6315471508828104
unphased,147,Channel 1,-29.1793,-1,0,,0.6414313068612707
unphased,147,Channel 2,-15.7424,-1,0,,0.6487256208670225
unphased,147,Channel 3,8.7741,-1,0,,0.618833614026299
unphased,147,Channel 4,111.2083,-1,0,,0.6987541335901207
unphased,147,Channel 5,-84.6048,-1,0,,0.6189353997167947
unphased,147,Channel 6,0.7717,-1,0,,0.6449124844427813
unphased,147,Channel 7,-14.9334,-1,0,,0.6710089815397675
unphased,147,Channel 8,14.7919,-1,0,,0.6492065024768338
unphased,147,Channel 9,367.1532,-1,0,,0.6574794355112482
unphased,147,Channel 10,-23.2447,-1,0,,0.617554855838517
unphased,147,Channel 11,-7.0802,-1,0,,0.6876144456550305
unphased,147,Channel 12,43.7356,-1,0,,0.6509742427007821
unphased,147,Channel 13,188.1221,-1,0,,0.6624977958919709
unphased,147,Channel 14,64.497,-1,0,,0.6571345720456236
unphased,147,Channel 15,-20.046,-1,0,,0.6249366088359418
peak_all,147,Channel 1,-76.4143,0,2,0.8198811465436212,0.36331801271892183
peak_all,147,Channel 2,27.7822,1,2,0.9514963285060487,0.4926734544580894
peak_all,147,Channel 3,63.0052,3,2,0.9451909555649057,0.45588550736121625
peak_all,147,Channel 4,14.2897,5,1,0.7552778169773077,0.44215903174612275
peak_all,147,Channel 5,162.2807,6,1,0.9759442831810582,0.42313007187303414
peak_all,147,Channel 6,15.8942,9,1,1.3074395659337934,0.3990309315731659
peak_all,147,Channel 7,0.14,11,1,1.3256951652138709,0.37031988727042603
peak_all,147,Channel 8,6.2252,8,1,1.1201341351698997,0.34379797447288746
peak_all,147,Channel 9,100.2263,4,1,0.6313574958243384,0.39815216061211367
peak_all,147,Channel 10,14.746,7,1,0.9544363432352198,0.376414712278235
peak_all,147,Channel 11,-1.6649,10,1,1.4504740084940422,0.38504239317138456
peak_all,147,Channel 12,86.1917,2,1,0.7626727553558938,0.3824188593767737
peak_all,147,Channel 13,88.183,0,2,0.8198811465436212,0.4213494261044639
peak_all,147,Channel 14,101.2577,1,2,0.9514963285060487,0.5151698021417617
peak_all,147,Channel 15,0.8909,3,2,0.9451909555649057,0.4348098013219166
peak_12,147,Channel 1,-30.2922,0,1,0.8198811465436212,0.36331801271892183
peak_12,147,Channel 2,83.6202,1,1,0.9514963285060487,0.4926734544580894
peak_12,147,Channel 3,52.2826,3,1,0.9451909555649057,0.45588550736121625
peak_12,147,Channel 4,4.4626,5,1,0.7552778169773077,0.44215903174612275
peak_12,147,Channel 5,115.3874,6,1,0.9759442831810582,0.42313007187303414
peak_12,147,Channel 6,-9.1653,9,1,1.3074395659337934,0.3990309315731659
peak_12,147,Channel 7,-10.1448,11,1,1.3256951652138709,0.37031988727042603
peak_12,147,Channel 8,-4.9198,8,1,1.1201341351698997,0.34379797447288746
peak_12,147,Channel 9,32.6707,4,1,0.6313574958243384,0.39815216061211367
peak_12,147,Channel 10,2.9518,7,1,0.9544363432352198,0.376414712278235
peak_12,147,Channel 11,-10.313,10,1,1.4504740084940422,0.38504239317138456
peak_12,147,Channel 12,74.0199,2,1,0.7626727553558938,0.3824188593767737
peak_12,147,Channel 13,302.1246,-1,0,,0.6624977958919709
peak_12,147,Channel 14,110.5106,-1,0,,0.6571345720456236
peak_12,147,Channel 15,-12.3801,-1,0,,0.6249366088359418
unphased,148,Channel 1,86.7883,-1,0,,0.6317148991174292
unphased,148,Channel 2,-10.0694,-1,0,,0.6489371688720614
unphased,148,Channel 3,9.6357,-1,0,,0.6486749793173131
unphased,148,Channel 4,150.4946,-1,0,,0.6937214408004505
unphased,148,Channel 5,-39.2135,-1,0,,0.6146058571568935
unphased,148,Channel 6,8.1156,-1,0,,0.6505253827151201
unphased,148,Channel 7,6.7733,-1,0,,0.6587694220066442
unphased,148,Channel 8,-8.6694,-1,0,,0.6603782718884346
unphased,148,Channel 9,302.8698,-1,0,,0.660675852327037
unphased,148,Channel 10,-56.4805,-1,0,,0.6047089342226663
unphased,148,Channel 11,34.4868,-1,0,,0.6904929479753351
unphased,148,Channel 12,43.7781,-1,0,,0.6537387474293923
unphased,148,Channel 13,111.2233,-1,0,,0.6603487547515754
unphased,148,Channel 14,3.3374,-1,0,,0.640886786760384
unphased,148,Channel 15,-41.7283,-1,0,,0.6318205546592686
peak_all,148,Channel 1,140.6694,5,2,0.99114400021028,0.45925940529173925
peak_all,148,Channel 2,11.2134,10,2,1.0276364992096223,0.3437211540503798
peak_all,148,Channel 3,38.8824,4,2,1.0789433407344526,0.4341073238695594
peak_all,148,Channel 4,77.358,3,1,1.0562927862143439,0.4514610217965411
peak_all,148,Channel 5,136.4297,6,1,0.8637490057451044,0.4121712012458943
peak_all,148,Channel 6,4.8319,8,1,0.9216927442550173,0.3820043312354579
peak_all,148,Channel 7,4.2708,11,1,1.496129482710082,0.3785722150120391
peak_all,148,Channel 8,71.3702,2,1,1.1224555003760777,0.44199212021428635
peak_all,148,Channel 9,-12.2038,9,1,0.586783353473162,0.3533734410275471
peak_all,148,Channel 10,59.275,0,1,1.183118161093145,0.4331694649810166
peak_all,148,Channel 11,62.8763,1,1,0.8418890421695964,0.5181486453172572
peak_all,148,Channel 12,18.4193,7,1,0.830166083809118,0.3713837068865615
peak_all,148,Channel 13,42.7229,5,2,0.99114400021028,0.46816579353378523
peak_all,148,Channel 14,-27.0611,10,2,1.0276364992096223,0.3151951089246189
peak_all,148,Channel 15,4.3118,4,2,1.0789433407344526,0.4612531819002238
peak_12,148,Channel 1,151.4843,5,1,0.99114400021028,0.45925940529173925
peak_12,148,Channel 2,-21.3844,10,1,1.0276364992096223,0.3437211540503798
peak_12,148,Channel 3,37.1609,4,1,1.0789433407344526,0.4341073238695594
peak_12,148,Channel 4,70.0148,3,1,1.0562927862143439,0.4514610217965411
peak_12,148,Channel 5,132.6984,6,1,0.8637490057451044,0.4121712012458943
peak_12,148,Channel 6,4.4735,8,1,0.9216927442550173,0.3820043312354579
peak_12,148,Channel 7,2.1987,11,1,1.496129482710082,0.3785722150120391
peak_12,148,Channel 8,65.621,2,1,1.1224555003760777,0.44199212021428635
peak_12,148,Channel 9,-39.2854,9,1,0.586783353473162,0.3533734410275471
peak_12,148,Channel 10,54.7802,0,1,1.183118161093145,0.4331694649810166
peak_12,148,Channel 11,59.0322,1,1,0.8418890421695964,0.5181486453172572
peak_12,148,Channel 12,13.0174,7,1,0.830166083809118,0.3713837068865615
peak_12,148,Channel 13,194.44,-1,0,,0.6603487547515754
peak_12,148,Channel 14,44.0667,-1,0,,0.640886786760384
peak_12,148,Channel 15,-37.6313,-1,0,,0.6318205546592686
unphased,149,Channel 1,419.6893,-1,0,,0.6883587484629243
unphased,149,Channel 2,-55.2139,-1,0,,0.65811779407218
unphased,149,Channel 3,-27.9454,-1,0,,0.6074323240379244
unphased,149,Channel 4,-35.4352,-1,0,,0.6584000204301409
unphased,149,Channel 5,-93.8007,-1,0,,0.5837631593210654
unphased,149,Channel 6,122.244,-1,0,,0.6797999972253941
unphased,149,Channel 7,92.0053,-1,0,,0.6756939167001969
unphased,149,Channel 8,-43.4329,-1,0,,0.6110606695491225
unphased,149,Channel 9,-31.0817,-1,0,,0.6506627576916877
unphased,149,Channel 10,8.1956,-1,0,,0.6402197454124411
unphased,149,Channel 11,39.092,-1,0,,0.6720188265038102
unphased,149,Channel 12,53.0207,-1,0,,0.6503372844173916
unphased,149,Channel 13,38.0294,-1,0,,0.650403245306948
unphased,149,Channel 14,-58.5425,-1,0,,0.6746891846908526
unphased,149,Channel 15,33.586,-1,0,,0.6490423261779241
peak_all,149,Channel 1,153.5896,10,2,1.8417733552665783,0.4616010892340964
peak_all,149,Channel 2,10.4972,3,2,0.307195712463832,0.41984899430921724
peak_all,149,Channel 3,-22.2404,4,2,0.36724245385484006,0.2912853087650141
peak_all,149,Channel 4,-1.0075,0,1,1.0106638582544754,0.4208928523381536
peak_all,149,Channel 5,7.0189,6,1,0.526751033578642,0.3286222987457874
peak_all,149,Channel 6,61.6162,1,1,0.2163228862109051,0.46532026742881893
peak_all,149,Channel 7,33.5075,9,1,1.8166929392404658,0.45328014576076875
peak_all,149,Channel 8,-2.086,7,1,0.8567671606334091,0.3304669041746494
peak_all,149,Channel 9,127.1681,11,1,2.641401588364612,0.557645386915171
peak_all,149,Channel 10,36.5735,2,1,0.3420521595155192,0.3223460243536688
peak_all,149,Channel 11,26.3446,5,1,0.6025931496065199,0.38033275981501136
peak_all,149,Channel 12,12.9715,8,1,1.4705437030102004,0.4230098773863009
peak_all,149,Channel 13,-73.8118,10,2,1.8417733552665783,0.4526096847403077
peak_all,149,Channel 14,-12.4524,3,2,0.307195712463832,0.3790385877679903
peak_all,149,Channel 15,38.101,4,2,0.36724245385484006,0.357319109658355
peak_12,149,Channel 1,39.8019,10,1,1.8417733552665783,0.4616010892340964
peak_12,149,Channel 2,-31.645,3,1,0.307195712463832,0.41984899430921724
peak_12,149,Channel 3,-6.7567,4,1,0.36724245385484006,0.2912853087650141
peak_12,149,Channel 4,-26.933,0,1,1.0106638582544754,0.4208928523381536
peak_12,149,Channel 5,-61.8211,6,1,0.526751033578642,0.3286222987457874
peak_12,149,Channel 6,26.5615,1,1,0.2163228862109051,0.46532026742881893
peak_12,149,Channel 7,23.6253,9,1,1.8166929392404658,0.45328014576076875
peak_12,149,Channel 8,-7.7831,7,1,0.8567671606334091,0.3304669041746494
peak_12,149,Channel 9,95.8787,11,1,2.641401588364612,0.557645386915171
peak_12,149,Channel 10,21.448,2,1,0.3420521595155192,0.3223460243536688
peak_12,149,Channel 11,11.749,5,1,0.6025931496065199,0.38033275981501136
peak_12,149,Channel 12,-7.0779,8,1,1.4705437030102004,0.4230098773863009
peak_12,149,Channel 13,207.3956,-1,0,,0.650403245306948
peak_12,149,Channel 14,45.2273,-1,0,,0.6746891846908526
peak_12,149,Channel 15,90.8325,-1,0,,0.6490423261779241
unphased,150,Channel 1,29.2707,-1,0,,0.631605168215767
unphased,150,Channel 2,86.9755,-1,0,,0.6609751600415809
unphased,150,Channel 3,35.5154,-1,0,,0.6519051042142059
unphased,150,Channel 4,54.531,-1,0,,0.7003903385865348
unphased,150,Channel 5,223.7012,-1,0,,0.626879924929457
unphased,150,Channel 6,-36.4727,-1,0,,0.64347540539948
unphased,150,Channel 7,-61.9185,-1,0,,0.6390329718690266
unphased,150,Channel 8,78.1152,-1,0,,0.6853055050591533
unphased,150,Channel 9,382.6659,-1,0,,0.6667332876048374
unphased,150,Channel 10,-194.8667,-1,0,,0.5810163370643023
unphased,150,Channel 11,18.105,-1,0,,0.6622174436892732
unphased,150,Channel 12,5.6946,-1,0,,0.6562893331036656
unphased,150,Channel 13,210.3479,-1,0,,0.6588673143722852
unphased,150,Channel 14,10.8486,-1,0,,0.6274520095408705
unphased,150,Channel 15,-1.19,-1,0,,0.6578546963095648
peak_all,150,Channel 1,110.6603,3,2,0.7695895305064239,0.48892793114887384
peak_all,150,Channel 2,190.634,1,2,2.3562140853962426,0.5672060308168888
peak_all,150,Channel 3,18.7973,11,2,0.31594274144579904,0.32792130035872236
peak_all,150,Channel 4,-11.8471,8,1,1.0140851555207842,0.38960475356628427
peak_all,150,Channel 5,425.0562,2,1,1.7544754469820933,0.49776843835099155
peak_all,150,Channel 6,19.3636,7,1,0.8786455191125679,0.3661028492030368
peak_all,150,Channel 7,-23.2139,10,1,-0.09609295304568605,0.2945063620330568
peak_all,150,Channel 8,63.3921,6,1,0.31738505344301887,0.43752704429534856
peak_all,150,Channel 9,210.7381,5,1,0.5726577809660626,0.5406972125432599
peak_all,150,Channel 10,-50.4915,9,1,0.2784302255233536,0.2849506339572721
peak_all,150,Channel 11,66.7668,0,1,3.3492603288883878,0.5710144467509737
peak_all,150,Channel 12,49.995,4,1,0.4894070852609515,0.3822463027827674
peak_all,150,Channel 13,109.3824,3,2,0.7695895305064239,0.46758290084173487
peak_all,150,Channel 14,18.2028,1,2,2.3562140853962426,0.5564142775976133
peak_all,150,Channel 15,-54.6171,11,2,0.31594274144579904,0.30265810909526264
peak_12,150,Channel 1,222.7559,3,1,0.7695895305064239,0.48892793114887384
peak_12,150,Channel 2,191.5894,1,1,2.3562140853962426,0.5672060308168888
peak_12,150,Channel 3,-32.0173,11,1,0.31594274144579904,0.32792130035872236
peak_12,150,Channel 4,-8.2308,8,1,1.0140851555207842,0.38960475356628427
peak_12,150,Channel 5,430.0043,2,1,1.7544754469820933,0.49776843835099155
peak_12,150,Channel 6,25.899,7,1,0.8786455191125679,0.3661028492030368
peak_12,150,Channel 7,-21.7537,10,1,-0.09609295304568605,0.2945063620330568
peak_12,150,Channel 8,62.9793,6,1,0.31738505344301887,0.43752704429534856
peak_12,150,Channel 9,229.9158,5,1,0.5726577809660626,0.5406972125432599
peak_12,150,Channel 10,-54.6956,9,1,0.2784302255233536,0.2849506339572721
peak_12,150,Channel 11,70.2601,0,1,3.3492603288883878,0.5710144467509737
peak_12,150,Channel 12,54.9459,4,1,0.4894070852609515,0.3822463027827674
peak_12,150,Channel 13,41.2015,-1,0,,0.6588673143722852
peak_12,150,Channel 14,-4.1687,-1,0,,0.6274520095408705
peak_12,150,Channel 15,-33.0183,-1,0,,0.6578546963095648
unphased,151,Channel 1,209.3269,-1,0,,0.6565377771774042
unphased,151,Channel 2,-1.1721,-1,0,,0.6655481170931125
unphased,151,Channel 3,-18.5307,-1,0,,0.6237510610593975
unphased,151,Channel 4,98.3431,-1,0,,0.6837292362352096
unphased,151,Channel 5,197.9866,-1,0,,0.6066057731423485
unphased,151,Channel 6,20.7006,-1,0,,0.6567532952199954
unphased,151,Channel 7,65.7819,-1,0,,0.6794068890153601
unphased,151,Channel 8,-13.1771,-1,0,,0.6382501806657063
unphased,151,Channel 9,-130.3913,-1,0,,0.6468694845105751
unphased,151,Channel 10,-27.45,-1,0,,0.6418898616895503
unphased,151,Channel 11,57.8705,-1,0,,0.6883615301312261
unphased,151,Channel 12,20.3823,-1,0,,0.6362001293062992
unphased,151,Channel 13,-207.2744,-1,0,,0.6343414215311404
unphased,151,Channel 14,88.7454,-1,0,,0.6564390348464253
unphased,151,Channel 15,-32.1032,-1,0,,0.6353162083762518
peak_all,151,Channel 1,343.7488,3,2,0.38386699384210266,0.42375030794316854
peak_all,151,Channel 2,-95.0823,9,2,1.6172520873820022,0.4219865832719543
peak_all,151,Channel 3,-6.6359,11,2,1.932017636012451,0.45468303736063204
peak_all,151,Channel 4,47.7829,7,1,1.3398775898151434,0.4498218699474278
peak_all,151,Channel 5,48.2622,1,1,0.12967463762998507,0.28474368375686104
peak_all,151,Channel 6,44.9265,2,1,0.26874217718698695,0.3522491477213165
peak_all,151,Channel 7,46.1268,4,1,0.6481604859078544,0.3620880496019318
peak_all,151,Channel 8,21.1339,6,1,0.9860117012902128,0.41892910538102224
peak_all,151,Channel 9,97.4479,8,1,1.7355669700391891,0.43761312113213624
peak_all,151,Channel 10,-46.0672,0,1,0.4342630639181771,0.35323591415445355
peak_all,151,Channel 11,10.6644,10,1,1.6288775395720714,0.4129171399206225
peak_all,151,Channel 12,12.9226,5,1,0.8956891174038237,0.38738437479901316
peak_all,151,Channel 13,-262.3287,3,2,0.38386699384210266,0.36433537733408
peak_all,151,Channel 14,123.5495,9,2,1.6172520873820022,0.4159060679738728
peak_all,151,Channel 15,6.5216,11,2,1.932017636012451,0.4360833909271476
peak_12,151,Channel 1,76.86,3,1,0.38386699384210266,0.42375030794316854
peak_12,151,Channel 2,9.7869,9,1,1.6172520873820022,0.4219865832719543
peak_12,151,Channel 3,-2.9413,11,1,1.932017636012451,0.45468303736063204
peak_12,151,Channel 4,41.3322,7,1,1.3398775898151434,0.4498218699474278
peak_12,151,Channel 5,38.2445,1,1,0.12967463762998507,0.28474368375686104
peak_12,151,Channel 6,36.1943,2,1,0.26874217718698695,0.3522491477213165
peak_12,151,Channel 7,34.6169,4,1,0.6481604859078544,0.3620880496019318
peak_12,151,Channel 8,12.9476,6,1,0.9860117012902128,0.41892910538102224
peak_12,151,Channel 9,79.763,8,1,1.7355669700391891,0.43761312113213624
peak_12,151,Channel 10,-47.0612,0,1,0.4342630639181771,0.35323591415445355
peak_12,151,Channel 11,8.5199,10,1,1.6288775395720714,0.4129171399206225
peak_12,151,Channel 12,11.251,5,1,0.8956891174038237,0.38738437479901316
peak_12,151,Channel 13,-150.4544,-1,0,,0.6343414215311404
peak_12,151,Channel 14,154.046,-1,0,,0.6564390348464253
peak_12,151,Channel 15,13.2793,-1,0,,0.6353162083762518
unphased,152,Channel 1,-165.0063,-1,0,,0.6286644420893399
unphased,152,Channel 2,-64.5361,-1,0,,0.6462918486842917
unphased,152,Channel 3,-5.8942,-1,0,,0.6206267352405224
unphased,152,Channel 4,179.4008,-1,0,,0.717280126552792
unphased,152,Channel 5,-115.8558,-1,0,,0.6288486713574453
unphased,152,Channel 6,4.6334,-1,0,,0.6446071380145271
unphased,152,Channel 7,37.8212,-1,0,,0.6666088521313356
unphased,152,Channel 8,-29.6115,-1,0,,0.6590630385388662
unphased,152,Channel 9,275.2534,-1,0,,0.6582845223167818
unphased,152,Channel 10,100.7583,-1,0,,0.6331129989939923
unphased,152,Channel 11,60.7369,-1,0,,0.6950580765783904
unphased,152,Channel 12,-11.2863,-1,0,,0.6442610595967356
unphased,152,Channel 13,175.8417,-1,0,,0.6613678685931149
unphased,152,Channel 14,-5.6505,-1,0,,0.6372147113418078
unphased,152,Channel 15,-31.729,-1,0,,0.6087099099700582
peak_all,152,Channel 1,-41.9395,10,2,1.449263073852207,0.3731469564849219
peak_all,152,Channel 2,10.9221,2,2,0.7884791705515787,0.438817743263004
peak_all,152,Channel 3,1.633,0,2,0.29128663432712876,0.25982029022569203
peak_all,152,Channel 4,70.278,1,1,0.5389158662142352,0.4703349370019184
peak_all,152,Channel 5,160.7029,5,1,0.8045298198280454,0.43086126435807337
peak_all,152,Channel 6,87.6827,6,1,0.8974704677157025,0.4672604542809083
peak_all,152,Channel 7,3.4327,8,1,1.2402836608259475,0.3865958881240427
peak_all,152,Channel 8,-13.0239,9,1,1.4073603806588602,0.41071822415409937
peak_all,152,Channel 9,46.9386,7,1,1.0188455026297707,0.3876605426244
peak_all,152,Channel 10,107.788,3,1,0.9685879010711118,0.4768770199638839
peak_all,152,Channel 11,33.8277,4,1,0.8131056130847935,0.43095129123432874
peak_all,152,Channel 12,-3.8853,11,1,1.781871909240619,0.3831536829469132
peak_all,152,Channel 13,61.356,10,2,1.449263073852207,0.3967481000597145
peak_all,152,Channel 14,64.1672,2,2,0.7884791705515787,0.3874108527198381
peak_all,152,Channel 15,-17.4519,0,2,0.29128663432712876,0.2625399818076691
peak_12,152,Channel 1,-4.601,10,1,1.449263073852207,0.3731469564849219
peak_12,152,Channel 2,66.7659,2,1,0.7884791705515787,0.438817743263004
peak_12,152,Channel 3,-13.4291,0,1,0.29128663432712876,0.25982029022569203
peak_12,152,Channel 4,56.5861,1,1,0.5389158662142352,0.4703349370019184
peak_12,152,Channel 5,149.1355,5,1,0.8045298198280454,0.43086126435807337
peak_12,152,Channel 6,81.5214,6,1,0.8974704677157025,0.4672604542809083
peak_12,152,Channel 7,-0.0574,8,1,1.2402836608259475,0.3865958881240427
peak_12,152,Channel 8,-22.6833,9,1,1.4073603806588602,0.41071822415409937
peak_12,152,Channel 9,29.3296,7,1,1.0188455026297707,0.3876605426244
peak_12,152,Channel 10,102.8513,3,1,0.9685879010711118,0.4768770199638839
peak_12,152,Channel 11,27.2962,4,1,0.8131056130847935,0.43095129123432874
peak_12,152,Channel 12,-7.9583,11,1,1.781871909240619,0.3831536829469132
peak_12,152,Channel 13,200.4198,-1,0,,0.6613678685931149
peak_12,152,Channel 14,29.9775,-1,0,,0.6372147113418078
peak_12,152,Channel 15,-30.6831,-1,0,,0.6087099099700582
unphased,153,Channel 1,203.4912,-1,0,,0.6555391603655307
unphased,153,Channel 2,-3.6271,-1,0,,0.6551094911611728
unphased,153,Channel 3,-7.0097,-1,0,,0.6181125218313098
unphased,153,Channel 4,52.6796,-1,0,,0.6901548803817578
unphased,153,Channel 5,-176.7125,-1,0,,0.6029825571766603
unphased,153,Channel 6,-9.4708,-1,0,,0.6585883382475564
unphased,153,Channel 7,13.0677,-1,0,,0.6497308465331039
unphased,153,Channel 8,14.3333,-1,0,,0.6426110245637299
unphased,153,Channel 9,387.1687,-1,0,,0.662494814465322
unphased,153,Channel 10,-42.9699,-1,0,,0.6131362911805718
unphased,153,Channel 11,35.3508,-1,0,,0.6927630821580412
unphased,153,Channel 12,36.8763,-1,0,,0.6610150143942607
unphased,153,Channel 13,-84.4887,-1,0,,0.6431300281126391
unphased,153,Channel 14,48.9116,-1,0,,0.6479938011130849
unphased,153,Channel 15,31.2821,-1,0,,0.6566381483152575
peak_all,153,Channel 1,333.2756,8,2,1.22157927174528,0.38660069341523584
peak_all,153,Channel 2,-27.4178,9,2,1.1912755063343339,0.3631651145613831
peak_all,153,Channel 3,-3.37,2,2,1.0174909104441539,0.45582209552120406
peak_all,153,Channel 4,15.0157,6,1,0.22860829901275573,0.35764965008673877
peak_all,153,Channel 5,103.7867,4,1,0.7976228037024955,0.34530155025804926
peak_all,153,Channel 6,18.6009,7,1,0.7244586087510952,0.3300075121171677
peak_all,153,Channel 7,8.8456,0,1,1.1425754039142928,0.40977307102977206
peak_all,153,Channel 8,28.3225,5,1,0.46329118757833315,0.3676658978912299
peak_all,153,Channel 9,345.5308,3,1,0.9824138269461477,0.4961889916121902
peak_all,153,Channel 10,17.5902,11,1,1.7718225603147473,0.3877531074844737
peak_all,153,Channel 11,11.1995,10,1,1.5993698845305142,0.41105317087283977
peak_all,153,Channel 12,81.0703,1,1,0.8594917367258529,0.43929824298318004
peak_all,153,Channel 13,-386.2058,8,2,1.22157927174528,0.37745672486065585
peak_all,153,Channel 14,20.3563,9,2,1.1912755063343339,0.35585129903816914
peak_all,153,Channel 15,52.5437,2,2,1.0174909104441539,0.5083138919753546
peak_12,153,Channel 1,-63.4522,8,1,1.22157927174528,0.38660069341523584
peak_12,153,Channel 2,-13.8785,9,1,1.1912755063343339,0.3631651145613831
peak_12,153,Channel 3,30.1817,2,1,1.0174909104441539,0.45582209552120406
peak_12,153,Channel 4,-3.194,6,1,0.22860829901275573,0.35764965008673877
peak_12,153,Channel 5,30.6674,4,1,0.7976228037024955,0.34530155025804926
peak_12,153,Channel 6,3.5413,7,1,0.7244586087510952,0.3300075121171677
peak_12,153,Channel 7,-0.8398,0,1,1.1425754039142928,0.40977307102977206
peak_12,153,Channel 8,13.5043,5,1,0.46329118757833315,0.3676658978912299
peak_12,153,Channel 9,286.2963,3,1,0.9824138269461477,0.4961889916121902
peak_12,153,Channel 10,8.1099,11,1,1.7718225603147473,0.3877531074844737
peak_12,153,Channel 11,4.7874,10,1,1.5993698845305142,0.41105317087283977
peak_12,153,Channel 12,79.0987,1,1,0.8594917367258529,0.43929824298318004
peak_12,153,Channel 13,-120.9755,-1,0,,0.6431300281126391
peak_12,153,Channel 14,150.9979,-1,0,,0.6479938011130849
peak_12,153,Channel 15,71.422,-1,0,,0.6566381483152575
unphased,154,Channel 1,-239.7016,-1,0,,0.623533083138521
unphased,154,Channel 2,48.5961,-1,0,,0.6492892055788132
unphased,154,Channel 3,32.2135,-1,0,,0.6356621840237369
unphased,154,Channel 4,-44.4188,-1,0,,0.6645096031404175
unphased,154,Channel 5,158.3454,-1,0,,0.6106857335892157
unphased,154,Channel 6,-114.4398,-1,0,,0.6394720675942516
unphased,154,Channel 7,-49.4519,-1,0,,0.6338640843884175
unphased,154,Channel 8,165.1716,-1,0,,0.692599851255961
unphased,154,Channel 9,114.6705,-1,0,,0.6444095695797167
unphased,154,Channel 10,13.3095,-1,0,,0.6399992275818384
unphased,154,Channel 11,-11.817,-1,0,,0.6749853916316361
unphased,154,Channel 12,56.8859,-1,0,,0.6569255940887535
unphased,154,Channel 13,480.7935,-1,0,,0.6787909995176554
unphased,154,Channel 14,57.9557,-1,0,,0.6524594240163977
unphased,154,Channel 15,50.819,-1,0,,0.6528139808746731
peak_all,154,Channel 1,-175.1719,6,2,0.6127223115700424,0.42026168172280387
peak_all,154,Channel 2,25.8725,4,2,0.9399609073946283,0.3928975098816142
peak_all,154,Channel 3,-17.0331,11,2,1.1354494231982033,0.35492446389768545
peak_all,154,Channel 4,63.8899,3,1,1.3074173189138985,0.45279373147615437
peak_all,154,Channel 5,-98.5571,8,1,0.6164921964714171,0.2666174225330516
peak_all,154,Channel 6,83.0497,1,1,0.6690571426554764,0.5115655315695139
peak_all,154,Channel 7,10.2417,10,1,1.564433280223089,0.3969648677240292
peak_all,154,Channel 8,41.2916,0,1,0.8639672271515391,0.44226645973386847
peak_all,154,Channel 9,309.6955,2,1,1.3495582313192869,0.521907580196918
peak_all,154,Channel 10,40.2361,7,1,0.8770127739649776,0.38504171043561347
peak_all,154,Channel 11,29.2657,5,1,0.7471171222455033,0.42238169170720663
peak_all,154,Channel 12,14.0494,9,1,1.3168120648919386,0.3499935207803635
peak_all,154,Channel 13,360.7391,6,2,0.6127223115700424,0.45100659163797746
peak_all,154,Channel 14,44.2644,4,2,0.9399609073946283,0.4058062822784836
peak_all,154,Channel 15,7.1276,11,2,1.1354494231982033,0.3371324040500456
peak_12,154,Channel 1,48.3768,6,1,0.6127223115700424,0.42026168172280387
peak_12,154,Channel 2,36.4374,4,1,0.9399609073946283,0.3928975098816142
peak_12,154,Channel 3,-27.6339,11,1,1.1354494231982033,0.35492446389768545
peak_12,154,Channel 4,45.8633,3,1,1.3074173189138985,0.45279373147615437
peak_12,154,Channel 5,-161.4362,8,1,0.6164921964714171,0.2666174225330516
peak_12,154,Channel 6,30.2077,1,1,0.6690571426554764,0.5115655315695139
peak_12,154,Channel 7,-7.1261,10,1,1.564433280223089,0.3969648677240292
peak_12,154,Channel 8,10.0555,0,1,0.8639672271515391,0.44226645973386847
peak_12,154,Channel 9,256.8322,2,1,1.3495582313192869,0.521907580196918
peak_12,154,Channel 10,32.8893,7,1,0.8770127739649776,0.38504171043561347
peak_12,154,Channel 11,17.7715,5,1,0.7471171222455033,0.42238169170720663
peak_12,154,Channel 12,-8.9543,9,1,1.3168120648919386,0.3499935207803635
peak_12,154,Channel 13,481.2973,-1,0,,0.6787909995176554
peak_12,154,Channel 14,45.0616,-1,0,,0.6524594240163977
peak_12,154,Channel 15,60.2519,-1,0,,0.6528139808746731
unphased,155,Channel 1,-363.6429,-1,0,,0.6314738253643025
unphased,155,Channel 2,-27.2457,-1,0,,0.6489787952305197
unphased,155,Channel 3,15.2577,-1,0,,0.6442024625545837
unphased,155,Channel 4,66.3104,-1,0,,0.6937777877608193
unphased,155,Channel 5,150.1741,-1,0,,0.6192963495091258
unphased,155,Channel 6,46.1979,-1,0,,0.6581888569274463
unphased,155,Channel 7,66.8555,-1,0,,0.6578707714475179
unphased,155,Channel 8,29.3925,-1,0,,0.6627544537428367
unphased,155,Channel 9,460.8691,-1,0,,0.6772980325635727
unphased,155,Channel 10,-93.2469,-1,0,,0.6019589502420594
unphased,155,Channel 11,63.602,-1,0,,0.6754493943682195
unphased,155,Channel 12,19.0309,-1,0,,0.6488890359935247
unphased,155,Channel 13,-62.0085,-1,0,,0.659290830702919
unphased,155,Channel 14,17.4998,-1,0,,0.6455103036985346
unphased,155,Channel 15,-31.7828,-1,0,,0.6250601498940225
peak_all,155,Channel 1,29.5364,3,2,1.048761351396398,0.4983473269323179
peak_all,155,Channel 2,68.2411,2,2,0.9845060037132917,0.4732337211717045
peak_all,155,Channel 3,38.4541,5,2,0.6634290477071102,0.3721220994520249
peak_all,155,Channel 4,20.5839,8,1,1.3355086616684542,0.4175617219760484
peak_all,155,Channel 5,148.4709,6,1,0.7183677355788278,0.39963098842253203
peak_all,155,Channel 6,79.8145,1,1,0.8446160558027812,0.5377663280751148
peak_all,155,Channel 7,-4.4068,9,1,0.9722937004105833,0.3432190378293728
peak_all,155,Channel 8,22.2379,7,1,0.9933801433269243,0.3926443981172439
peak_all,155,Channel 9,-19.793,10,1,0.9021581559200851,0.3533671981267169
peak_all,155,Channel 10,-30.5154,11,1,1.353106102913965,0.32540736057865177
peak_all,155,Channel 11,28.5458,0,1,1.2569425874574116,0.5076449387070803
peak_all,155,Channel 12,42.8432,4,1,0.9269304541041699,0.38959704690224584
peak_all,155,Channel 13,196.595,3,2,1.048761351396398,0.47766572325905626
peak_all,155,Channel 14,43.9847,2,2,0.9845060037132917,0.4253711323602608
peak_all,155,Channel 15,-20.6079,5,2,0.6634290477071102,0.41962117626027634
peak_12,155,Channel 1,250.9965,3,1,1.048761351396398,0.4983473269323179
peak_12,155,Channel 2,109.7715,2,1,0.9845060037132917,0.4732337211717045
peak_12,155,Channel 3,27.786,5,1,0.6634290477071102,0.3721220994520249
peak_12,155,Channel 4,28.7876,8,1,1.3355086616684542,0.4175617219760484
peak_12,155,Channel 5,172.3892,6,1,0.7183677355788278,0.39963098842253203
peak_12,155,Channel 6,87.5621,1,1,0.8446160558027812,0.5377663280751148
peak_12,155,Channel 7,-5.7009,9,1,0.9722937004105833,0.3432190378293728
peak_12,155,Channel 8,21.1571,7,1,0.9933801433269243,0.3926443981172439
peak_12,155,Channel 9,-19.62,10,1,0.9021581559200851,0.3533671981267169
peak_12,155,Channel 10,-27.2498,11,1,1.353106102913965,0.32540736057865177
peak_12,155,Channel 11,32.9373,0,1,1.2569425874574116,0.5076449387070803
peak_12,155,Channel 12,48.6647,4,1,0.9269304541041699,0.38959704690224584
peak_12,155,Channel 13,58.5743,-1,0,,0.659290830702919
peak_12,155,Channel 14,-4.9946,-1,0,,0.6455103036985346
peak_12,155,Channel 15,-63.2634,-1,0,,0.6250601498940225
unphased,156,Channel 1,129.646,-1,0,,0.6557466057779415
unphased,156,Channel 2,-32.0959,-1,0,,0.6503709553043228
unphased,156,Channel 3,-34.6205,-1,0,,0.6123879682884145
unphased,156,Channel 4,108.7867,-1,0,,0.6973730326483444
unphased,156,Channel 5,211.1598,-1,0,,0.6181769028501325
unphased,156,Channel 6,29.3839,-1,0,,0.6567367161921781
unphased,156,Channel 7,34.9731,-1,0,,0.6659835557049353
unphased,156,Channel 8,-0.2731,-1,0,,0.6383843120225007
unphased,156,Channel 9,2.0915,-1,0,,0.6540763296392853
unphased,156,Channel 10,-25.3965,-1,0,,0.6204479603837435
unphased,156,Channel 11,90.0683,-1,0,,0.6932508667947017
unphased,156,Channel 12,-2.1306,-1,0,,0.6555359639795014
unphased,156,Channel 13,14.2096,-1,0,,0.6497013648715515
unphased,156,Channel 14,57.0604,-1,0,,0.6478017384283921
unphased,156,Channel 15,18.219,-1,0,,0.6340257271140584
peak_all,156,Channel 1,18.8168,0,2,0.8308713620298921,0.36879362185696596
peak_all,156,Channel 2,-19.1362,1,2,0.5618575936866591,0.44538855300119484
peak_all,156,Channel 3,-14.943,4,2,0.6163463329591887,0.3438946780178889
peak_all,156,Channel 4,42.894,3,1,0.6866166111799595,0.40490341716083356
peak_all,156,Channel 5,-8.53,8,1,1.2244425781855475,0.3262963957631914
peak_all,156,Channel 6,74.0613,6,1,0.7720187672061023,0.46005604812459544
peak_all,156,Channel 7,40.3582,11,1,2.2101835471821945,0.4713803368085544
peak_all,156,Channel 8,1.8185,10,1,1.5077714169913508,0.39794168044084616
peak_all,156,Channel 9,167.0925,2,1,0.6426498947672542,0.44429946147184296
peak_all,156,Channel 10,67.7451,7,1,0.9383826667734775,0.3729540307746985
peak_all,156,Channel 11,34.7845,5,1,0.6985207926843913,0.4170323313828659
peak_all,156,Channel 12,-5.4258,9,1,1.3103384363539847,0.35316632926094604
peak_all,156,Channel 13,-98.1053,0,2,0.8308713620298921,0.41054164332410115
peak_all,156,Channel 14,127.9884,1,2,0.5618575936866591,0.45961094804282987
peak_all,156,Channel 15,41.6098,4,2,0.6163463329591887,0.39345073501174443
peak_12,156,Channel 1,-107.1013,0,1,0.8308713620298921,0.36879362185696596
peak_12,156,Channel 2,60.0101,1,1,0.5618575936866591,0.44538855300119484
peak_12,156,Channel 3,-2.6639,4,1,0.6163463329591887,0.3438946780178889
peak_12,156,Channel 4,24.1419,3,1,0.6866166111799595,0.40490341716083356
peak_12,156,Channel 5,-63.5468,8,1,1.2244425781855475,0.3262963957631914
peak_12,156,Channel 6,42.8379,6,1,0.7720187672061023,0.46005604812459544
peak_12,156,Channel 7,29.411,11,1,2.2101835471821945,0.4713803368085544
peak_12,156,Channel 8,-14.6091,10,1,1.5077714169913508,0.39794168044084616
peak_12,156,Channel 9,121.7395,2,1,0.6426498947672542,0.44429946147184296
peak_12,156,Channel 10,47.5126,7,1,0.9383826667734775,0.3729540307746985
peak_12,156,Channel 11,21.8515,5,1,0.6985207926843913,0.4170323313828659
peak_12,156,Channel 12,-20.647,9,1,1.3103384363539847,0.35316632926094604
peak_12,156,Channel 13,160.9746,-1,0,,0.6497013648715515
peak_12,156,Channel 14,151.1552,-1,0,,0.6478017384283921
peak_12,156,Channel 15,42.0932,-1,0,,0.6340257271140584
unphased,157,Channel 1,306.0626,-1,0,,0.6684875431701699
unphased,157,Channel 2,73.4109,-1,0,,0.6766446843495024
unphased,157,Channel 3,-16.3294,-1,0,,0.612362043515389
unphased,157,Channel 4,166.1282,-1,0,,0.6917061920792039
unphased,157,Channel 5,110.4202,-1,0,,0.6151763858375302
unphased,157,Channel 6,-143.6048,-1,0,,0.6385077022839838
unphased,157,Channel 7,68.5842,-1,0,,0.6788760171402164
unphased,157,Channel 8,-17.6152,-1,0,,0.627974717119132
unphased,157,Channel 9,11.4484,-1,0,,0.6533527317340273
unphased,157,Channel 10,33.9382,-1,0,,0.6416093024147911
unphased,157,Channel 11,50.8375,-1,0,,0.6771142689768288
unphased,157,Channel 12,4.2146,-1,0,,0.6409492083667312
unphased,157,Channel 13,-228.0912,-1,0,,0.6330818736476793
unphased,157,Channel 14,34.2045,-1,0,,0.6545609271408922
unphased,157,Channel 15,32.6992,-1,0,,0.6395964022239258
peak_all,157,Channel 1,312.424,7,2,1.1058276246614858,0.39788191026161757
peak_all,157,Channel 2,5.2643,0,2,0.5323194706006282,0.39025889112051415
peak_all,157,Channel 3,-8.7476,1,2,-0.09620177677605792,0.4661164340250737
peak_all,157,Channel 4,54.2594,5,1,0.8447563329078684,0.4411155871662511
peak_all,157,Channel 5,96.3959,11,1,2.4998314248312843,0.44095547571210064
peak_all,157,Channel 6,23.7591,3,1,0.11136749543503116,0.39148685010328005
peak_all,157,Channel 7,31.6901,4,1,0.7848790299545767,0.3890310185643901
peak_all,157,Channel 8,41.9212,6,1,0.7216895401702386,0.3828400121902305
peak_all,157,Channel 9,100.7701,9,1,2.032950856869253,0.48793119648606603
peak_all,157,Channel 10,5.2608,8,1,1.480500407719585,0.370603833526602
peak_all,157,Channel 11,16.484,2,1,-0.10381536006752508,0.2795395608768627
peak_all,157,Channel 12,40.1629,10,1,2.0858949536936335,0.45419031375262886
peak_all,157,Channel 13,-220.1102,7,2,1.1058276246614858,0.3895169389114853
peak_all,157,Channel 14,-5.84,0,2,0.5323194706006282,0.32851744555924695
peak_all,157,Channel 15,35.6907,1,2,-0.09620177677605792,0.3162773322426818
peak_12,157,Channel 1,78.3361,7,1,1.1058276246614858,0.39788191026161757
peak_12,157,Channel 2,-33.1152,0,1,0.5323194706006282,0.39025889112051415
peak_12,157,Channel 3,8.9365,1,1,-0.09620177677605792,0.4661164340250737
peak_12,157,Channel 4,29.5731,5,1,0.8447563329078684,0.4411155871662511
peak_12,157,Channel 5,54.516,11,1,2.4998314248312843,0.44095547571210064
peak_12,157,Channel 6,-12.0664,3,1,0.11136749543503116,0.39148685010328005
peak_12,157,Channel 7,16.202,4,1,0.7848790299545767,0.3890310185643901
peak_12,157,Channel 8,22.4284,6,1,0.7216895401702386,0.3828400121902305
peak_12,157,Channel 9,77.0943,9,1,2.032950856869253,0.48793119648606603
peak_12,157,Channel 10,-18.052,8,1,1.480500407719585,0.370603833526602
peak_12,157,Channel 11,8.4524,2,1,-0.10381536006752508,0.2795395608768627
peak_12,157,Channel 12,24.4948,10,1,2.0858949536936335,0.45419031375262886
peak_12,157,Channel 13,26.9276,-1,0,,0.6330818736476793
peak_12,157,Channel 14,113.0685,-1,0,,0.6545609271408922
peak_12,157,Channel 15,95.5767,-1,0,,0.6395964022239258
unphased,158,Channel 1,-1.9022,-1,0,,0.6692154258883515
unphased,158,Channel 2,-61.1212,-1,0,,0.6674759069866982
unphased,158,Channel 3,53.0307,-1,0,,0.6285621794719339
unphased,158,Channel 4,43.704,-1,0,,0.6785738974488705
unphased,158,Channel 5,-171.6014,-1,0,,0.6218375667922953
unphased,158,Channel 6,-71.8138,-1,0,,0.6454354767129361
unphased,158,Channel 7,57.7589,-1,0,,0.668241870189414
unphased,158,Channel 8,6.9841,-1,0,,0.6336951969761538
unphased,158,Channel 9,312.8885,-1,0,,0.6469061026272532
unphased,158,Channel 10,-46.3694,-1,0,,0.6142599305203317
unphased,158,Channel 11,58.4232,-1,0,,0.679157280240451
unphased,158,Channel 12,59.7164,-1,0,,0.6485827804559239
unphased,158,Channel 13,-209.9861,-1,0,,0.6389457353919368
unphased,158,Channel 14,108.2513,-1,0,,0.6547193271167275
unphased,158,Channel 15,70.4121,-1,0,,0.6543913231807252
peak_all,158,Channel 1,232.3126,1,2,0.42345526127933997,0.41310896689550586
peak_all,158,Channel 2,-3.5588,3,2,0.4467752869858872,0.44834681182930375
peak_all,158,Channel 3,-2.6439,8,2,1.4286459398203697,0.41062176502719905
peak_all,158,Channel 4,-1.3624,11,1,1.9085372539817766,0.4450636121699416
peak_all,158,Channel 5,97.1359,10,1,1.559418134872699,0.3839018552459857
peak_all,158,Channel 6,28.1685,6,1,0.7204627789500156,0.4399158625999795
peak_all,158,Channel 7,59.0627,2,1,0.4024043044874606,0.4165123219704632
peak_all,158,Channel 8,9.5115,5,1,0.8061840891641076,0.40248373644876223
peak_all,158,Channel 9,18.2884,9,1,1.588420686727071,0.4519445522189568
peak_all,158,Channel 10,30.9701,7,1,1.0837304292880592,0.3894940203758019
peak_all,158,Channel 11,27.5165,0,1,0.9739578984866918,0.4716918534862796
peak_all,158,Channel 12,39.2426,4,1,0.6580079359565199,0.33405190750748753
peak_all,158,Channel 13,-233.312,1,2,0.42345526127933997,0.36049726330149606
peak_all,158,Channel 14,84.8244,3,2,0.4467752869858872,0.3904764258463784
peak_all,158,Channel 15,16.2465,8,2,1.4286459398203697,0.3936365877942047
peak_12,158,Channel 1,-78.4111,1,1,0.42345526127933997,0.41310896689550586
peak_12,158,Channel 2,34.4563,3,1,0.4467752869858872,0.44834681182930375
peak_12,158,Channel 3,-4.3485,8,1,1.4286459398203697,0.41062176502719905
peak_12,158,Channel 4,-14.8054,11,1,1.9085372539817766,0.4450636121699416
peak_12,158,Channel 5,60.2615,10,1,1.559418134872699,0.3839018552459857
peak_12,158,Channel 6,-10.3226,6,1,0.7204627789500156,0.4399158625999795
peak_12,158,Channel 7,51.2531,2,1,0.4024043044874606,0.4165123219704632
peak_12,158,Channel 8,-3.8479,5,1,0.8061840891641076,0.40248373644876223
peak_12,158,Channel 9,-26.7035,9,1,1.588420686727071,0.4519445522189568
peak_12,158,Channel 10,17.9844,7,1,1.0837304292880592,0.3894940203758019
peak_12,158,Channel 11,12.1132,0,1,0.9739578984866918,0.4716918534862796
peak_12,158,Channel 12,14.789,4,1,0.6580079359565199,0.33405190750748753
peak_12,158,Channel 13,6.5984,-1,0,,0.6389457353919368
peak_12,158,Channel 14,135.9393,-1,0,,0.6547193271167275
peak_12,158,Channel 15,109.4694,-1,0,,0.6543913231807252
unphased,159,Channel 1,19.7275,-1,0,,0.6335265308830575
unphased,159,Channel 2,30.9311,-1,0,,0.667040185240064
unphased,159,Channel 3,115.3839,-1,0,,0.6729113611641452
unphased,159,Channel 4,84.5529,-1,0,,0.7157760688152623
unphased,159,Channel 5,124.6029,-1,0,,0.6071042328895261
unphased,159,Channel 6,-123.5314,-1,0,,0.6175111294567986
unphased,159,Channel 7,0.1867,-1,0,,0.6555749378458852
unphased,159,Channel 8,0.9025,-1,0,,0.6754202092602132
unphased,159,Channel 9,172.5867,-1,0,,0.6450736576116886
unphased,159,Channel 10,-174.0297,-1,0,,0.5857211896612339
unphased,159,Channel 11,39.7419,-1,0,,0.6845855169486266
unphased,159,Channel 12,23.8826,-1,0,,0.6509891160837573
unphased,159,Channel 13,13.8696,-1,0,,0.6367023976514103
unphased,159,Channel 14,77.2828,-1,0,,0.6465737485161351
unphased,159,Channel 15,61.6321,-1,0,,0.6554897179722001
peak_all,159,Channel 1,324.084,7,2,1.4660022330870304,0.4240136387101695
peak_all,159,Channel 2,-18.2127,8,2,1.0250461261943657,0.3747457738447586
peak_all,159,Channel 3,58.3109,6,2,1.1010478473604428,0.5003110654903468
peak_all,159,Channel 4,-8.2812,10,1,0.8203128762665481,0.3637041535796805
peak_all,159,Channel 5,198.9442,0,1,1.1226720119723481,0.3947489261814682
peak_all,159,Channel 6,-27.2818,9,1,0.8582561110118179,0.3384077502909439
peak_all,159,Channel 7,46.9977,5,1,1.141287206399742,0.4564633330964259
peak_all,159,Channel 8,67.4693,1,1,0.9028427474944837,0.5506638605456782
peak_all,159,Channel 9,215.1756,3,1,0.7674133386521267,0.47293953838240144
peak_all,159,Channel 10,76.7875,4,1,1.3187170610526824,0.4150820095895388
peak_all,159,Channel 11,-10.5202,11,1,1.0748025359273488,0.34932061398457603
peak_all,159,Channel 12,61.1646,2,1,0.40159990458106487,0.3609455874417395
peak_all,159,Channel 13,-208.4841,7,2,1.4660022330870304,0.43338134980238896
peak_all,159,Channel 14,-20.4898,8,2,1.0250461261943657,0.36949228870332324
peak_all,159,Channel 15,5.8076,6,2,1.1010478473604428,0.4437319589769346
peak_12,159,Channel 1,122.274,7,1,1.4660022330870304,0.4240136387101695
peak_12,159,Channel 2,-49.576,8,1,1.0250461261943657,0.3747457738447586
peak_12,159,Channel 3,52.5624,6,1,1.1010478473604428,0.5003110654903468
peak_12,159,Channel 4,-16.8544,10,1,0.8203128762665481,0.3637041535796805
peak_12,159,Channel 5,154.7688,0,1,1.1226720119723481,0.3947489261814682
peak_12,159,Channel 6,-35.3092,9,1,0.8582561110118179,0.3384077502909439
peak_12,159,Channel 7,39.7521,5,1,1.141287206399742,0.4564633330964259
peak_12,159,Channel 8,65.621,1,1,0.9028427474944837,0.5506638605456782
peak_12,159,Channel 9,190.4023,3,1,0.7674133386521267,0.47293953838240144
peak_12,159,Channel 10,71.0854,4,1,1.3187170610526824,0.4150820095895388
peak_12,159,Channel 11,-14.2935,11,1,1.0748025359273488,0.34932061398457603
peak_12,159,Channel 12,54.003,2,1,0.40159990458106487,0.3609455874417395
peak_12,159,Channel 13,-194.7836,-1,0,,0.6367023976514103
peak_12,159,Channel 14,117.3999,-1,0,,0.6465737485161351
peak_12,159,Channel 15,67.4972,-1,0,,0.6554897179722001
unphased,160,Channel 1,24.5019,-1,0,,0.6714809335095921
unphased,160,Channel 2,87.7268,-1,0,,0.6665530015804079
unphased,160,Channel 3,19.6051,-1,0,,0.6123241106672185
unphased,160,Channel 4,-97.5456,-1,0,,0.6410559424698962
unphased,160,Channel 5,-60.7283,-1,0,,0.6078126987457511
unphased,160,Channel 6,129.625,-1,0,,0.6896831637173608
unphased,160,Channel 7,-20.5268,-1,0,,0.6437865299821032
unphased,160,Channel 8,83.478,-1,0,,0.6802800141405136
unphased,160,Channel 9,-77.0788,-1,0,,0.6340824181349217
unphased,160,Channel 10,81.7412,-1,0,,0.6555709499825095
unphased,160,Channel 11,-21.7659,-1,0,,0.6247771762176035
unphased,160,Channel 12,27.0357,-1,0,,0.6515782031022116
unphased,160,Channel 13,156.6909,-1,0,,0.6761650947839446
unphased,160,Channel 14,16.8573,-1,0,,0.6111167382879008
unphased,160,Channel 15,48.9975,-1,0,,0.6837330246780654
peak_all,160,Channel 1,27.8613,2,2,3.885859986888225,0.3507494098657506
peak_all,160,Channel 2,65.2736,3,2,2.618609461616498,0.4603981457805539
peak_all,160,Channel 3,-14.2645,5,2,4.117210818376968,0.2701062331202302
peak_all,160,Channel 4,69.0297,11,1,-5.446160914066073,0.536175823960823
peak_all,160,Channel 5,17.4744,1,1,3.0855312593829103,0.3309096360625336
peak_all,160,Channel 6,36.5776,9,1,-2.139789903657115,0.488263878928005
peak_all,160,Channel 7,40.4989,0,1,-1.0906683561721886,0.45434416039445424
peak_all,160,Channel 8,43.2501,8,1,-1.8899142516926448,0.44394753490370303
peak_all,160,Channel 9,53.9515,4,1,3.144510930237379,0.33741986152740944
peak_all,160,Channel 10,18.8555,7,1,2.4820248591118297,0.34058308277053045
peak_all,160,Channel 11,-5.8241,6,1,4.2377393992037895,0.3232750385550156
peak_all,160,Channel 12,26.2867,10,1,-1.0049532892295787,0.40363102766643605
peak_all,160,Channel 13,89.6791,2,2,3.885859986888225,0.3878465008959807
peak_all,160,Channel 14,-28.5644,3,2,2.618609461616498,0.3699959206365721
peak_all,160,Channel 15,5.7267,5,2,4.117210818376968,0.3804358539722733
peak_12,160,Channel 1,94.5467,2,1,3.885859986888225,0.3507494098657506
peak_12,160,Channel 2,36.5523,3,1,2.618609461616498,0.4603981457805539
peak_12,160,Channel 3,-12.2136,5,1,4.117210818376968,0.2701062331202302
peak_12,160,Channel 4,65.4909,11,1,-5.446160914066073,0.536175823960823
peak_12,160,Channel 5,12.4549,1,1,3.0855312593829103,0.3309096360625336
peak_12,160,Channel 6,34.7507,9,1,-2.139789903657115,0.488263878928005
peak_12,160,Channel 7,34.7398,0,1,-1.0906683561721886,0.45434416039445424
peak_12,160,Channel 8,40.2887,8,1,-1.8899142516926448,0.44394753490370303
peak_12,160,Channel 9,59.4247,4,1,3.144510930237379,0.33741986152740944
peak_12,160,Channel 10,17.3975,7,1,2.4820248591118297,0.34058308277053045
peak_12,160,Channel 11,-8.4192,6,1,4.2377393992037895,0.3232750385550156
peak_12,160,Channel 12,23.5732,10,1,-1.0049532892295787,0.40363102766643605
peak_12,160,Channel 13,22.5658,-1,0,,0.6761650947839446
peak_12,160,Channel 14,-12.7708,-1,0,,0.6111167382879008
peak_12,160,Channel 15,33.2605,-1,0,,0.6837330246780654
unphased,161,Channel 1,153.1062,-1,0,,0.6388602726623236
unphased,161,Channel 2,-32.4476,-1,0,,0.6579053437678777
unphased,161,Channel 3,-20.2569,-1,0,,0.6430232806238968
unphased,161,Channel 4,52.6621,-1,0,,0.706681530201839
unphased,161,Channel 5,69.414,-1,0,,0.6013847627374355
unphased,161,Channel 6,-4.2888,-1,0,,0.6481859057176648
unphased,161,Channel 7,42.4643,-1,0,,0.6603589910465023
unphased,161,Channel 8,60.7939,-1,0,,0.6583636942172922
unphased,161,Channel 9,104.5845,-1,0,,0.6580058871874741
unphased,161,Channel 10,-60.7424,-1,0,,0.6071494637042322
unphased,161,Channel 11,-0.478,-1,0,,0.6742940714394251
unphased,161,Channel 12,-25.277,-1,0,,0.655968663391008
unphased,161,Channel 13,234.9357,-1,0,,0.6498438108717919
unphased,161,Channel 14,104.8078,-1,0,,0.6499975638313666
unphased,161,Channel 15,-31.5017,-1,0,,0.6399767585998689
peak_all,161,Channel 1,159.5818,5,2,1.034721498164491,0.4691488313461308
peak_all,161,Channel 2,-25.1541,6,2,0.7521152353568255,0.40471648038812824
peak_all,161,Channel 3,8.9579,9,2,1.2059136095775735,0.4665084177496418
peak_all,161,Channel 4,67.2748,3,1,0.9398238577919132,0.44875169070545434
peak_all,161,Channel 5,8.5862,8,1,1.098776933812667,0.3090432259628928
peak_all,161,Channel 6,13.6053,7,1,0.762796366862886,0.34160016170195323
peak_all,161,Channel 7,77.5297,1,1,0.9744989908126744,0.5406060222741929
peak_all,161,Channel 8,79.67,2,1,1.0642575478007383,0.434879088877433
peak_all,161,Channel 9,-26.5805,10,1,0.9675041701827101,0.35312405619171533
peak_all,161,Channel 10,30.6231,0,1,1.0721225568849968,0.4241960773502876
peak_all,161,Channel 11,42.2474,4,1,1.0591587500789545,0.457794681989617
peak_all,161,Channel 12,-24.7038,11,1,1.0683104826735674,0.3051103437587675
peak_all,161,Channel 13,41.9218,5,2,1.034721498164491,0.4648369499228278
peak_all,161,Channel 14,78.879,6,2,0.7521152353568255,0.41764056290762136
peak_all,161,Channel 15,1.3175,9,2,1.2059136095775735,0.3914065608088241
peak_12,161,Channel 1,161.16,5,1,1.034721498164491,0.4691488313461308
peak_12,161,Channel 2,25.565,6,1,0.7521152353568255,0.40471648038812824
peak_12,161,Channel 3,-2.901,9,1,1.2059136095775735,0.4665084177496418
peak_12,161,Channel 4,52.9041,3,1,0.9398238577919132,0.44875169070545434
peak_12,161,Channel 5,-23.086,8,1,1.098776933812667,0.3090432259628928
peak_12,161,Channel 6,1.8379,7,1,0.762796366862886,0.34160016170195323
peak_12,161,Channel 7,59.6538,1,1,0.9744989908126744,0.5406060222741929
peak_12,161,Channel 8,68.1324,2,1,1.0642575478007383,0.434879088877433
peak_12,161,Channel 9,-73.2281,10,1,0.9675041701827101,0.35312405619171533
peak_12,161,Channel 10,17.8139,0,1,1.0721225568849968,0.4241960773502876
peak_12,161,Channel 11,28.7559,4,1,1.0591587500789545,0.457794681989617
peak_12,161,Channel 12,-31.8746,11,1,1.0683104826735674,0.3051103437587675
peak_12,161,Channel 13,222.6759,-1,0,,0.6498438108717919
peak_12,161,Channel 14,126.567,-1,0,,0.6499975638313666
peak_12,161,Channel 15,-17.4188,-1,0,,0.6399767585998689
unphased,162,Channel 1,-177.5507,-1,0,,0.6324814977550064
unphased,162,Channel 2,-70.488,-1,0,,0.646018830556234
unphased,162,Channel 3,19.9915,-1,0,,0.6278864606958744
unphased,162,Channel 4,-2.4711,-1,0,,0.6810101212238372
unphased,162,Channel 5,24.2805,-1,0,,0.6106758191415749
unphased,162,Channel 6,-39.0657,-1,0,,0.652164389861978
unphased,162,Channel 7,28.1464,-1,0,,0.6818098231476025
unphased,162,Channel 8,28.9465,-1,0,,0.6652971823451393
unphased,162,Channel 9,109.8648,-1,0,,0.6493219840511467
unphased,162,Channel 10,42.6949,-1,0,,0.6663448456388477
unphased,162,Channel 11,41.2789,-1,0,,0.6769141604714466
unphased,162,Channel 12,31.1241,-1,0,,0.6250768901229662
unphased,162,Channel 13,182.2245,-1,0,,0.6727171067404873
unphased,162,Channel 14,144.2808,-1,0,,0.6552705048110739
unphased,162,Channel 15,38.0776,-1,0,,0.6070103834367868
peak_all,162,Channel 1,76.6096,5,2,1.1039682389833598,0.46803065093512636
peak_all,162,Channel 2,-97.3659,9,2,1.8101995111078564,0.43449874403227023
peak_all,162,Channel 3,-13.1667,4,2,0.7414304104521812,0.3651178614143409
peak_all,162,Channel 4,59.5572,3,1,0.815738803399088,0.4072423159889234
peak_all,162,Channel 5,72.7943,10,1,1.551057213754917,0.374391750267524
peak_all,162,Channel 6,79.4504,7,1,1.528813037588801,0.43769273460460506
peak_all,162,Channel 7,37.7146,2,1,0.356324641298215,0.42297994632001173
peak_all,162,Channel 8,-28.2412,11,1,1.460460474907251,0.40373584740637997
peak_all,162,Channel 9,21.0716,8,1,1.702982190625541,0.4318133332212334
peak_all,162,Channel 10,67.0758,6,1,1.316225703873299,0.46395225395886497
peak_all,162,Channel 11,5.6814,1,1,-0.21687475479068724,0.3637828461128264
peak_all,162,Channel 12,-13.6336,0,1,-0.17032547119982347,0.23610254326542182
peak_all,162,Channel 13,100.097,5,2,1.1039682389833598,0.4818185138065788
peak_all,162,Channel 14,112.7866,9,2,1.8101995111078564,0.43752311178097875
peak_all,162,Channel 15,55.6981,4,2,0.7414304104521812,0.3871818472990603
peak_12,162,Channel 1,79.7793,5,1,1.1039682389833598,0.46803065093512636
peak_12,162,Channel 2,-23.3743,9,1,1.8101995111078564,0.43449874403227023
peak_12,162,Channel 3,7.9456,4,1,0.7414304104521812,0.3651178614143409
peak_12,162,Channel 4,31.3897,3,1,0.815738803399088,0.4072423159889234
peak_12,162,Channel 5,-0.7174,10,1,1.551057213754917,0.374391750267524
peak_12,162,Channel 6,52.9679,7,1,1.528813037588801,0.43769273460460506
peak_12,162,Channel 7,20.6457,2,1,0.356324641298215,0.42297994632001173
peak_12,162,Channel 8,-44.3665,11,1,1.460460474907251,0.40373584740637997
peak_12,162,Channel 9,-40.3889,8,1,1.702982190625541,0.4318133332212334
peak_12,162,Channel 10,44.0076,6,1,1.316225703873299,0.46395225395886497
peak_12,162,Channel 11,-15.5292,1,1,-0.21687475479068724,0.3637828461128264
peak_12,162,Channel 12,-45.999,0,1,-0.17032547119982347,0.23610254326542182
peak_12,162,Channel 13,339.9057,-1,0,,0.6727171067404873
peak_12,162,Channel 14,145.9299,-1,0,,0.6552705048110739
peak_12,162,Channel 15,60.1166,-1,0,,0.6070103834367868
unphased,163,Channel 1,242.7537,-1,0,,0.646929423978162
unphased,163,Channel 2,18.3061,-1,0,,0.6564961657326949
unphased,163,Channel 3,-5.609,-1,0,,0.6258404636338822
unphased,163,Channel 4,60.245,-1,0,,0.6813433835537416
unphased,163,Channel 5,44.9136,-1,0,,0.6246728568620099
unphased,163,Channel 6,-36.7173,-1,0,,0.6385171754032324
unphased,163,Channel 7,-59.4071,-1,0,,0.6669279030748791
unphased,163,Channel 8,-83.6524,-1,0,,0.639925267772899
unphased,163,Channel 9,123.1442,-1,0,,0.6462272234007191
unphased,163,Channel 10,-15.4458,-1,0,,0.6288586746135509
unphased,163,Channel 11,81.2169,-1,0,,0.6847163450108201
unphased,163,Channel 12,36.4623,-1,0,,0.6530925650855074
unphased,163,Channel 13,200.5091,-1,0,,0.6528004214743647
unphased,163,Channel 14,102.0172,-1,0,,0.664454195070039
unphased,163,Channel 15,-18.7692,-1,0,,0.6391979353335016
peak_all,163,Channel 1,204.3357,4,2,0.799129292678069,0.394459733132829
peak_all,163,Channel 2,0.5824,3,2,0.6712563998443158,0.4670992243932477
peak_all,163,Channel 3,15.1659,7,2,1.1691692168672527,0.3671002455937649
peak_all,163,Channel 4,45.0661,10,1,1.4766271743667094,0.4355744639406956
peak_all,163,Channel 5,105.9507,5,1,0.9395769136426156,0.44127076975033014
peak_all,163,Channel 6,52.5058,2,1,0.5805122359610797,0.38988517864546257
peak_all,163,Channel 7,-9.2311,9,1,1.2502748972188584,0.38063093963639616
peak_all,163,Channel 8,-10.8983,8,1,1.2335075999768303,0.35278452341515093
peak_all,163,Channel 9,115.5723,6,1,0.95019408258669,0.46852097166406526
peak_all,163,Channel 10,-28.8154,0,1,0.6846901640649348,0.3804470669682594
peak_all,163,Channel 11,7.863,11,1,1.778656840114375,0.44571732931885855
peak_all,163,Channel 12,76.783,1,1,0.46640518267827097,0.3759711261212546
peak_all,163,Channel 13,-100.7334,4,2,0.799129292678069,0.36785918754240354
peak_all,163,Channel 14,89.441,3,2,0.6712563998443158,0.4270978641632639
peak_all,163,Channel 15,-2.2745,7,2,1.1691692168672527,0.4306874161783585
peak_12,163,Channel 1,27.7314,4,1,0.799129292678069,0.394459733132829
peak_12,163,Channel 2,48.2877,3,1,0.6712563998443158,0.4670992243932477
peak_12,163,Channel 3,7.433,7,1,1.1691692168672527,0.3671002455937649
peak_12,163,Channel 4,26.8325,10,1,1.4766271743667094,0.4355744639406956
peak_12,163,Channel 5,57.4427,5,1,0.9395769136426156,0.44127076975033014
peak_12,163,Channel 6,34.8332,2,1,0.5805122359610797,0.38988517864546257
peak_12,163,Channel 7,-24.027,9,1,1.2502748972188584,0.38063093963639616
peak_12,163,Channel 8,-24.9259,8,1,1.2335075999768303,0.35278452341515093
peak_12,163,Channel 9,51.6354,6,1,0.95019408258669,0.46852097166406526
peak_12,163,Channel 10,-48.5262,0,1,0.6846901640649348,0.3804470669682594
peak_12,163,Channel 11,0.1876,11,1,1.778656840114375,0.44571732931885855
peak_12,163,Channel 12,49.409,1,1,0.46640518267827097,0.3759711261212546
peak_12,163,Channel 13,251.647,-1,0,,0.6528004214743647
peak_12,163,Channel 14,139.6301,-1,0,,0.664454195070039
peak_12,163,Channel 15,8.7983,-1,0,,0.6391979353335016
unphased,164,Channel 1,237.8869,-1,0,,0.6631392717123998
unphased,164,Channel 2,-82.3158,-1,0,,0.6423363572449495
unphased,164,Channel 3,76.4231,-1,0,,0.6601164422480905
unphased,164,Channel 4,-73.2731,-1,0,,0.6446678545228924
unphased,164,Channel 5,210.6848,-1,0,,0.6287520996273985
unphased,164,Channel 6,43.3576,-1,0,,0.6586023431919403
unphased,164,Channel 7,30.0592,-1,0,,0.6483463941017744
unphased,164,Channel 8,47.6502,-1,0,,0.6683678352325146
unphased,164,Channel 9,61.0155,-1,0,,0.6267344721995924
unphased,164,Channel 10,-41.6208,-1,0,,0.6119389556426837
unphased,164,Channel 11,52.7896,-1,0,,0.6788696584879857
unphased,164,Channel 12,76.2657,-1,0,,0.679509946092677
unphased,164,Channel 13,152.5363,-1,0,,0.663579657123141
unphased,164,Channel 14,-96.8873,-1,0,,0.6196462793349274
unphased,164,Channel 15,-1.9482,-1,0,,0.6553924332370352
peak_all,164,Channel 1,133.1138,0,2,1.6202556177189216,0.43612030922925576
peak_all,164,Channel 2,73.57,11,2,4.59359941493968,0.5704409007606598
peak_all,164,Channel 3,41.3975,9,2,0.5187095783242432,0.42197076552438545
peak_all,164,Channel 4,16.7598,5,1,0.8197431448949173,0.4190333346163371
peak_all,164,Channel 5,114.7055,1,1,0.19592683930980637,0.3698880310674203
peak_all,164,Channel 6,104.2529,3,1,0.8822312315973209,0.4915829226927716
peak_all,164,Channel 7,-8.4795,8,1,0.7662392645912508,0.33069427193278406
peak_all,164,Channel 8,38.0746,4,1,0.8722469218795662,0.4234831768372167
peak_all,164,Channel 9,122.1022,6,1,0.2582122473243129,0.4144121713698778
peak_all,164,Channel 10,19.4573,10,1,2.189175422646786,0.3828943001433683
peak_all,164,Channel 11,25.1303,2,1,-0.3689338063840974,0.3214921385905241
peak_all,164,Channel 12,3.256,7,1,-0.3474058768427079,0.28952733294820693
peak_all,164,Channel 13,-9.5288,0,2,1.6202556177189216,0.4811550715745367
peak_all,164,Channel 14,1.7564,11,2,4.59359941493968,0.5615095466368333
peak_all,164,Channel 15,-47.2563,9,2,0.5187095783242432,0.3353792493328285
peak_12,164,Channel 1,138.725,0,1,1.6202556177189216,0.43612030922925576
peak_12,164,Channel 2,71.7572,11,1,4.59359941493968,0.5704409007606598
peak_12,164,Channel 3,-6.1411,9,1,0.5187095783242432,0.42197076552438545
peak_12,164,Channel 4,23.2436,5,1,0.8197431448949173,0.4190333346163371
peak_12,164,Channel 5,59.0735,1,1,0.19592683930980637,0.3698880310674203
peak_12,164,Channel 6,101.4349,3,1,0.8822312315973209,0.4915829226927716
peak_12,164,Channel 7,-10.8468,8,1,0.7662392645912508,0.33069427193278406
peak_12,164,Channel 8,39.9779,4,1,0.8722469218795662,0.4234831768372167
peak_12,164,Channel 9,108.4993,6,1,0.2582122473243129,0.4144121713698778
peak_12,164,Channel 10,21.9915,10,1,2.189175422646786,0.3828943001433683
peak_12,164,Channel 11,30.1463,2,1,-0.3689338063840974,0.3214921385905241
peak_12,164,Channel 12,12.1146,7,1,-0.3474058768427079,0.28952733294820693
peak_12,164,Channel 13,153.1997,-1,0,,0.663579657123141
peak_12,164,Channel 14,-76.4895,-1,0,,0.6196462793349274
peak_12,164,Channel 15,-3.6295,-1,0,,0.6553924332370352
unphased,165,Channel 1,-125.1325,-1,0,,0.6453242022190244
unphased,165,Channel 2,25.1719,-1,0,,0.6500164179049689
unphased,165,Channel 3,35.8278,-1,0,,0.6236206993029898
unphased,165,Channel 4,31.7173,-1,0,,0.6694750140831967
unphased,165,Channel 5,-423.8521,-1,0,,0.583191056982048
unphased,165,Channel 6,-11.0729,-1,0,,0.65168977134276
unphased,165,Channel 7,14.1069,-1,0,,0.6699795771086945
unphased,165,Channel 8,-60.9601,-1,0,,0.6400942639372844
unphased,165,Channel 9,-178.0738,-1,0,,0.6411985496423454
unphased,165,Channel 10,77.8755,-1,0,,0.6445100458831933
unphased,165,Channel 11,120.136,-1,0,,0.7086482963215097
unphased,165,Channel 12,-25.1265,-1,0,,0.6410595879165193
unphased,165,Channel 13,644.4263,-1,0,,0.6978842220537037
unphased,165,Channel 14,144.4163,-1,0,,0.66632459450445
unphased,165,Channel 15,16.8899,-1,0,,0.6169837007973187
peak_all,165,Channel 1,-15.9686,8,2,1.44158030875345,0.39816312614123395
peak_all,165,Channel 2,-92.4324,1,2,-0.21904874812029254,0.3731473817271187
peak_all,165,Channel 3,-17.5136,0,2,-0.3662843539118445,0.20122004863005075
peak_all,165,Channel 4,10.5537,10,1,1.4417431728519803,0.4041860294396563
peak_all,165,Channel 5,236.0728,5,1,1.8389353330941887,0.5081059058495021
peak_all,165,Channel 6,5.4878,9,1,1.2111482232132535,0.383767695368501
peak_all,165,Channel 7,5.8124,11,1,1.8918060732158941,0.41781814254164695
peak_all,165,Channel 8,6.9579,2,1,-0.10624252993922151,0.2720270624652492
peak_all,165,Channel 9,91.7888,3,1,0.3245798106406419,0.4205025159756969
peak_all,165,Channel 10,111.8197,6,1,1.8133380757244129,0.49607759301243604
peak_all,165,Channel 11,69.3381,4,1,1.287201038181092,0.5019493467021838
peak_all,165,Channel 12,32.7331,7,1,1.4412435962964432,0.4335035408525277
peak_all,165,Channel 13,77.1524,8,2,1.44158030875345,0.4227871490204886
peak_all,165,Channel 14,128.9859,1,2,-0.21904874812029254,0.40312342751388336
peak_all,165,Channel 15,7.8393,0,2,-0.3662843539118445,0.20988425064633787
peak_12,165,Channel 1,-72.545,8,1,1.44158030875345,0.39816312614123395
peak_12,165,Channel 2,-65.6553,1,1,-0.21904874812029254,0.3731473817271187
peak_12,165,Channel 3,-37.6432,0,1,-0.3662843539118445,0.20122004863005075
peak_12,165,Channel 4,-26.5229,10,1,1.4417431728519803,0.4041860294396563
peak_12,165,Channel 5,118.1195,5,1,1.8389353330941887,0.5081059058495021
peak_12,165,Channel 6,-38.3512,9,1,1.2111482232132535,0.383767695368501
peak_12,165,Channel 7,-18.935,11,1,1.8918060732158941,0.41781814254164695
peak_12,165,Channel 8,-17.0372,2,1,-0.10624252993922151,0.2720270624652492
peak_12,165,Channel 9,-43.1624,3,1,0.3245798106406419,0.4205025159756969
peak_12,165,Channel 10,73.7143,6,1,1.8133380757244129,0.49607759301243604
peak_12,165,Channel 11,42.9933,4,1,1.287201038181092,0.5019493467021838
peak_12,165,Channel 12,7.6015,7,1,1.4412435962964432,0.4335035408525277
peak_12,165,Channel 13,590.2819,-1,0,,0.6978842220537037
peak_12,165,Channel 14,226.9937,-1,0,,0.66632459450445
peak_12,165,Channel 15,65.4772,-1,0,,0.6169837007973187
unphased,166,Channel 1,-6.7474,-1,0,,0.6326310315205289
unphased,166,Channel 2,3.1194,-1,0,,0.654442000283797
unphased,166,Channel 3,-2.8022,-1,0,,0.6175554188481319
unphased,166,Channel 4,72.0027,-1,0,,0.6836665609262764
unphased,166,Channel 5,99.1736,-1,0,,0.6204064907704139
unphased,166,Channel 6,-24.8284,-1,0,,0.6452860855518484
unphased,166,Channel 7,-19.8132,-1,0,,0.6669926019821281
unphased,166,Channel 8,-35.7032,-1,0,,0.641436453784156
unphased,166,Channel 9,92.0635,-1,0,,0.6579078057265522
unphased,166,Channel 10,-0.1775,-1,0,,0.6349453866230219
unphased,166,Channel 11,21.3184,-1,0,,0.6757421001325711
unphased,166,Channel 12,8.4277,-1,0,,0.6462590395581816
unphased,166,Channel 13,164.7017,-1,0,,0.6591053634876729
unphased,166,Channel 14,175.7089,-1,0,,0.665900688888146
unphased,166,Channel 15,9.3412,-1,0,,0.6477229719165762
peak_all,166,Channel 1,0.6327,8,2,1.18064678301328,0.37124215480026035
peak_all,166,Channel 2,-78.0788,11,2,1.561566786803632,0.4097601841548554
peak_all,166,Channel 3,6.7762,4,2,0.6831445992583299,0.35205714234818236
peak_all,166,Channel 4,36.324,7,1,1.0555188655053294,0.4096021534501535
peak_all,166,Channel 5,142.8246,5,1,0.8031889261750319,0.42144176069967343
peak_all,166,Channel 6,6.8918,9,1,1.2377100868702597,0.39264323180239225
peak_all,166,Channel 7,32.1068,3,1,0.7474253403865687,0.47690790395076615
peak_all,166,Channel 8,51.6994,2,1,0.6236783614733905,0.35111815019167963
peak_all,166,Channel 9,28.7355,0,1,0.8697610116261402,0.36885649822766725
peak_all,166,Channel 10,22.7573,10,1,1.4537145841395647,0.3762955945980411
peak_all,166,Channel 11,32.0609,6,1,1.0158967354858377,0.48033310537684726
peak_all,166,Channel 12,67.7677,1,1,0.7677479192626353,0.4169420191177212
peak_all,166,Channel 13,-4.3382,8,2,1.18064678301328,0.3827202523722248
peak_all,166,Channel 14,83.8553,11,2,1.561566786803632,0.41549165741858957
peak_all,166,Channel 15,19.886,4,2,0.6831445992583299,0.40796071601402345
peak_12,166,Channel 1,-95.5358,8,1,1.18064678301328,0.37124215480026035
peak_12,166,Channel 2,-32.3449,11,1,1.561566786803632,0.4097601841548554
peak_12,166,Channel 3,-3.9049,4,1,0.6831445992583299,0.35205714234818236
peak_12,166,Channel 4,12.1953,7,1,1.0555188655053294,0.4096021534501535
peak_12,166,Channel 5,43.8783,5,1,0.8031889261750319,0.42144176069967343
peak_12,166,Channel 6,-28.5255,9,1,1.2377100868702597,0.39264323180239225
peak_12,166,Channel 7,2.4954,3,1,0.7474253403865687,0.47690790395076615
peak_12,166,Channel 8,29.5018,2,1,0.6236783614733905,0.35111815019167963
peak_12,166,Channel 9,-60.7853,0,1,0.8697610116261402,0.36885649822766725
peak_12,166,Channel 10,-10.3895,10,1,1.4537145841395647,0.3762955945980411
peak_12,166,Channel 11,14.1757,6,1,1.0158967354858377,0.48033310537684726
peak_12,166,Channel 12,37.5798,1,1,0.7677479192626353,0.4169420191177212
peak_12,166,Channel 13,343.3257,-1,0,,0.6591053634876729
peak_12,166,Channel 14,225.2822,-1,0,,0.665900688888146
peak_12,166,Channel 15,45.4453,-1,0,,0.6477229719165762
unphased,167,Channel 1,81.296,-1,0,,0.6475404307166145
unphased,167,Channel 2,-13.629,-1,0,,0.6378585146326062
unphased,167,Channel 3,-5.5488,-1,0,,0.6141013471874197
unphased,167,Channel 4,11.0616,-1,0,,0.675835598077222
unphased,167,Channel 5,-442.5541,-1,0,,0.6030121124751766
unphased,167,Channel 6,23.0559,-1,0,,0.6715176414551911
unphased,167,Channel 7,16.7365,-1,0,,0.6651735869993771
unphased,167,Channel 8,35.0034,-1,0,,0.6486776841901329
unphased,167,Channel 9,211.1092,-1,0,,0.6550453595908833
unphased,167,Channel 10,118.9083,-1,0,,0.6518104010349032
unphased,167,Channel 11,73.3687,-1,0,,0.6872529420618052
unphased,167,Channel 12,-3.2234,-1,0,,0.641827304628307
unphased,167,Channel 13,33.6136,-1,0,,0.6609376500772648
unphased,167,Channel 14,125.7868,-1,0,,0.6521978620895493
unphased,167,Channel 15,16.8831,-1,0,,0.637211564783549
peak_all,167,Channel 1,304.6218,1,2,0.642664976068395,0.4221787878624196
peak_all,167,Channel 2,-55.0855,2,2,0.5788542949535289,0.392395933477654
peak_all,167,Channel 3,-7.3461,5,2,0.8258396348107339,0.35828363233928623
peak_all,167,Channel 4,-1.3144,8,1,1.1338975274690093,0.38356801609952895
peak_all,167,Channel 5,-138.2084,0,1,0.4301847336208144,0.29517123889177027
peak_all,167,Channel 6,24.5067,7,1,1.0211978159047026,0.37648292738325806
peak_all,167,Channel 7,0.0378,9,1,1.2884306260075358,0.38266057592280167
peak_all,167,Channel 8,40.5245,10,1,1.712671217651633,0.44726958110311543
peak_all,167,Channel 9,214.4701,4,1,0.8320774498559721,0.4159683555426948
peak_all,167,Channel 10,37.5264,11,1,2.1334350845206234,0.462443539204867
peak_all,167,Channel 11,39.4212,6,1,0.9158608653318395,0.47078957775837743
peak_all,167,Channel 12,22.0864,3,1,0.4848857738052144,0.41322967128937244
peak_all,167,Channel 13,-74.1652,1,2,0.642664976068395,0.3998809250540525
peak_all,167,Channel 14,118.2218,2,2,0.5788542949535289,0.35346985100944733
peak_all,167,Channel 15,31.4733,5,2,0.8258396348107339,0.43473359900762415
peak_12,167,Channel 1,178.5504,1,1,0.642664976068395,0.4221787878624196
peak_12,167,Channel 2,33.8397,2,1,0.5788542949535289,0.392395933477654
peak_12,167,Channel 3,4.4621,5,1,0.8258396348107339,0.35828363233928623
peak_12,167,Channel 4,-22.3249,8,1,1.1338975274690093,0.38356801609952895
peak_12,167,Channel 5,-224.7465,0,1,0.4301847336208144,0.29517123889177027
peak_12,167,Channel 6,1.052,7,1,1.0211978159047026,0.37648292738325806
peak_12,167,Channel 7,-17.26,9,1,1.2884306260075358,0.38266057592280167
peak_12,167,Channel 8,18.8964,10,1,1.712671217651633,0.44726958110311543
peak_12,167,Channel 9,125.2688,4,1,0.8320774498559721,0.4159683555426948
peak_12,167,Channel 10,16.5659,11,1,2.1334350845206234,0.462443539204867
peak_12,167,Channel 11,21.3526,6,1,0.9158608653318395,0.47078957775837743
peak_12,167,Channel 12,-2.3672,3,1,0.4848857738052144,0.41322967128937244
peak_12,167,Channel 13,107.3381,-1,0,,0.6609376500772648
peak_12,167,Channel 14,195.8882,-1,0,,0.6521978620895493
peak_12,167,Channel 15,65.1226,-1,0,,0.637211564783549
unphased,168,Channel 1,-135.7742,-1,0,,0.6454617716721701
unphased,168,Channel 2,67.2395,-1,0,,0.653503973463299
unphased,168,Channel 3,-2.6565,-1,0,,0.6191309000259148
unphased,168,Channel 4,3.5667,-1,0,,0.6713531617168187
unphased,168,Channel 5,212.3643,-1,0,,0.6141668124946721
unphased,168,Channel 6,-138.8562,-1,0,,0.6472802308694381
unphased,168,Channel 7,49.4416,-1,0,,0.6719531010240903
unphased,168,Channel 8,-35.7389,-1,0,,0.6487454222934619
unphased,168,Channel 9,76.2412,-1,0,,0.6542259491228307
unphased,168,Channel 10,13.9387,-1,0,,0.6342481206805751
unphased,168,Channel 11,72.2971,-1,0,,0.6866992108737529
unphased,168,Channel 12,37.2479,-1,0,,0.6514050729744061
unphased,168,Channel 13,-48.3504,-1,0,,0.6574079489595128
unphased,168,Channel 14,196.9446,-1,0,,0.6700709981109698
unphased,168,Channel 15,40.4176,-1,0,,0.6243473257180885
peak_all,168,Channel 1,92.3267,6,2,0.9047066740725157,0.45137433054903475
peak_all,168,Channel 2,-28.4718,4,2,0.8136717413880653,0.36403449332571297
peak_all,168,Channel 3,-1.9698,9,2,1.4513674478987373,0.4843938795126902
peak_all,168,Channel 4,13.5512,7,1,0.942165400228136,0.379823949189249
peak_all,168,Channel 5,201.7668,5,1,1.0054524828563203,0.4430025223781813
peak_all,168,Channel 6,10.6441,10,1,1.6525152642636105,0.4346560264015834
peak_all,168,Channel 7,44.3596,1,1,0.47225343519903296,0.47404015938948846
peak_all,168,Channel 8,7.5525,11,1,1.7413720815365477,0.44408258893608926
peak_all,168,Channel 9,59.7448,3,1,0.591800932085679,0.43798360309791495
peak_all,168,Channel 10,-5.1932,8,1,1.2058851485138977,0.3481773009442728
peak_all,168,Channel 11,12.9717,0,1,0.7040472737735635,0.4404484852672168
peak_all,168,Channel 12,41.3529,2,1,0.5147621181838926,0.3291628466256361
peak_all,168,Channel 13,-43.3521,6,2,0.9047066740725157,0.450295258976709
peak_all,168,Channel 14,115.5665,4,2,0.8136717413880653,0.3880459454602588
peak_all,168,Channel 15,25.9246,9,2,1.4513674478987373,0.4179842717347927
peak_12,168,Channel 1,-28.3361,6,1,0.9047066740725157,0.45137433054903475
peak_12,168,Channel 2,45.4681,4,1,0.8136717413880653,0.36403449332571297
peak_12,168,Channel 3,7.4771,9,1,1.4513674478987373,0.4843938795126902
peak_12,168,Channel 4,-0.8602,7,1,0.942165400228136,0.379823949189249
peak_12,168,Channel 5,160.4612,5,1,1.0054524828563203,0.4430025223781813
peak_12,168,Channel 6,-13.0464,10,1,1.6525152642636105,0.4346560264015834
peak_12,168,Channel 7,29.7486,1,1,0.47225343519903296,0.47404015938948846
peak_12,168,Channel 8,-6.9278,11,1,1.7413720815365477,0.44408258893608926
peak_12,168,Channel 9,5.6886,3,1,0.591800932085679,0.43798360309791495
peak_12,168,Channel 10,-23.8138,8,1,1.2058851485138977,0.3481773009442728
peak_12,168,Channel 11,-4.2281,0,1,0.7040472737735635,0.4404484852672168
peak_12,168,Channel 12,25.4878,2,1,0.5147621181838926,0.3291628466256361
peak_12,168,Channel 13,-0.5011,-1,0,,0.6574079489595128
peak_12,168,Channel 14,208.6156,-1,0,,0.6700709981109698
peak_12,168,Channel 15,60.193,-1,0,,0.6243473257180885
unphased,169,Channel 1,72.4133,-1,0,,0.6613428862115428
unphased,169,Channel 2,13.7219,-1,0,,0.6574691563134923
unphased,169,Channel 3,-1.0025,-1,0,,0.6279138882640507
unphased,169,Channel 4,61.1618,-1,0,,0.6820623182106321
unphased,169,Channel 5,49.4859,-1,0,,0.612565207976085
unphased,169,Channel 6,-50.9889,-1,0,,0.6528974216213642
unphased,169,Channel 7,51.6689,-1,0,,0.6804812862107453
unphased,169,Channel 8,-39.5792,-1,0,,0.634637501501576
unphased,169,Channel 9,117.9785,-1,0,,0.6416705871877032
unphased,169,Channel 10,100.4807,-1,0,,0.6360237986550386
unphased,169,Channel 11,85.8893,-1,0,,0.6939284484711435
unphased,169,Channel 12,5.9153,-1,0,,0.6356076247343657
unphased,169,Channel 13,-126.912,-1,0,,0.6464893031437602
unphased,169,Channel 14,89.9469,-1,0,,0.6596875551281465
unphased,169,Channel 15,19.3192,-1,0,,0.6272230163703552
peak_all,169,Channel 1,107.5177,7,2,1.3216461912843245,0.43047118683257884
peak_all,169,Channel 2,17.983,6,2,1.0894726297936241,0.4343318008710008
peak_all,169,Channel 3,5.7204,3,2,0.4140428546800183,0.38431734570613996
peak_all,169,Channel 4,19.3265,8,1,1.5631250995994626,0.443691997435884
peak_all,169,Channel 5,14.2261,0,1,0.36961840818622943,0.29122147822426175
peak_all,169,Channel 6,14.1501,11,1,2.158382632811056,0.4768661075541349
peak_all,169,Channel 7,41.8709,5,1,0.8659882817323125,0.43271867264762787
peak_all,169,Channel 8,30.419,4,1,0.5715784124609093,0.3359275142592945
peak_all,169,Channel 9,42.7564,9,1,1.6464703385405823,0.456026662780192
peak_all,169,Channel 10,27.628,2,1,0.2465378761513486,0.3037278045613542
peak_all,169,Channel 11,40.3815,1,1,-0.008741186424305524,0.3949810398067551
peak_all,169,Channel 12,35.2932,10,1,1.7618784611844402,0.43410163808940516
peak_all,169,Channel 13,-35.596,7,2,1.3216461912843245,0.4334310430250622
peak_all,169,Channel 14,97.1828,6,2,1.0894726297936241,0.45330643540062227
peak_all,169,Channel 15,8.8445,3,2,0.4140428546800183,0.36099950611374426
peak_12,169,Channel 1,47.662,7,1,1.3216461912843245,0.43047118683257884
peak_12,169,Channel 2,73.9418,6,1,1.0894726297936241,0.4343318008710008
peak_12,169,Channel 3,2.3455,3,1,0.4140428546800183,0.38431734570613996
peak_12,169,Channel 4,6.1863,8,1,1.5631250995994626,0.443691997435884
peak_12,169,Channel 5,-42.5726,0,1,0.36961840818622943,0.29122147822426175
peak_12,169,Channel 6,-1.9297,11,1,2.158382632811056,0.4768661075541349
peak_12,169,Channel 7,30.897,5,1,0.8659882817323125,0.43271867264762787
peak_12,169,Channel 8,11.4165,4,1,0.5715784124609093,0.3359275142592945
peak_12,169,Channel 9,-9.5419,9,1,1.6464703385405823,0.456026662780192
peak_12,169,Channel 10,15.1711,2,1,0.2465378761513486,0.3037278045613542
peak_12,169,Channel 11,29.4893,1,1,-0.008741186424305524,0.3949810398067551
peak_12,169,Channel 12,23.1865,10,1,1.7618784611844402,0.43410163808940516
peak_12,169,Channel 13,115.9617,-1,0,,0.6464893031437602
peak_12,169,Channel 14,126.1738,-1,0,,0.6596875551281465
peak_12,169,Channel 15,37.9459,-1,0,,0.6272230163703552
unphased,170,Channel 1,21.0459,-1,0,,0.6279317932193801
unphased,170,Channel 2,9.8076,-1,0,,0.6524905156209752
unphased,170,Channel 3,40.1976,-1,0,,0.6481414278040468
unphased,170,Channel 4,30.2617,-1,0,,0.6872756811300076
unphased,170,Channel 5,-36.0456,-1,0,,0.6144373782750584
unphased,170,Channel 6,-47.3514,-1,0,,0.6523396025242162
unphased,170,Channel 7,-15.7238,-1,0,,0.6733134911220967
unphased,170,Channel 8,7.4005,-1,0,,0.6502595739009193
unphased,170,Channel 9,329.5121,-1,0,,0.6702732773333198
unphased,170,Channel 10,-92.8412,-1,0,,0.6186250145973867
unphased,170,Channel 11,67.5136,-1,0,,0.6820786286689454
unphased,170,Channel 12,-92.4095,-1,0,,0.6426217418613079
unphased,170,Channel 13,326.2959,-1,0,,0.6651236955036335
unphased,170,Channel 14,102.4907,-1,0,,0.6572499906484691
unphased,170,Channel 15,29.4332,-1,0,,0.6078381877902376
peak_all,170,Channel 1,175.9733,5,2,1.065490573837204,0.4623324017784552
peak_all,170,Channel 2,26.1031,6,2,1.0557070118094039,0.4321496249229952
peak_all,170,Channel 3,18.5279,9,2,1.1941423731578393,0.467876041449786
peak_all,170,Channel 4,-25.0216,8,1,0.9909285207364387,0.37537254574001866
peak_all,170,Channel 5,240.5189,3,1,0.7652485014822199,0.4307625570131757
peak_all,170,Channel 6,12.6583,0,1,0.7834183925255542,0.4092985957891669
peak_all,170,Channel 7,43.4171,2,1,0.5804999334355603,0.46213233555364575
peak_all,170,Channel 8,31.4607,4,1,1.1174040412191908,0.43943617128705575
peak_all,170,Channel 9,121.2043,7,1,1.1165900570295983,0.4100421173802835
peak_all,170,Channel 10,97.7708,1,1,0.6892456280184468,0.4415014644902037
peak_all,170,Channel 11,-5.9138,11,1,1.3306837396937194,0.3783938534516501
peak_all,170,Channel 12,10.1224,10,1,1.3106412270548222,0.36601868288369244
peak_all,170,Channel 13,76.3448,5,2,1.065490573837204,0.47738719727456236
peak_all,170,Channel 14,51.0208,6,2,1.0557070118094039,0.45344084429065323
peak_all,170,Channel 15,-28.5768,9,2,1.1941423731578393,0.37141739619004527
peak_12,170,Channel 1,181.6946,5,1,1.065490573837204,0.4623324017784552
peak_12,170,Channel 2,36.5494,6,1,1.0557070118094039,0.4321496249229952
peak_12,170,Channel 3,-29.496,9,1,1.1941423731578393,0.467876041449786
peak_12,170,Channel 4,-41.5669,8,1,0.9909285207364387,0.37537254574001866
peak_12,170,Channel 5,162.215,3,1,0.7652485014822199,0.4307625570131757
peak_12,170,Channel 6,-19.9676,0,1,0.7834183925255542,0.4092985957891669
peak_12,170,Channel 7,27.2504,2,1,0.5804999334355603,0.46213233555364575
peak_12,170,Channel 8,14.463,4,1,1.1174040412191908,0.43943617128705575
peak_12,170,Channel 9,96.3086,7,1,1.1165900570295983,0.4100421173802835
peak_12,170,Channel 10,55.166,1,1,0.6892456280184468,0.4415014644902037
peak_12,170,Channel 11,-15.6186,11,1,1.3306837396937194,0.3783938534516501
peak_12,170,Channel 12,-11.7641,10,1,1.3106412270548222,0.36601868288369244
peak_12,170,Channel 13,233.7521,-1,0,,0.6651236955036335
peak_12,170,Channel 14,146.5713,-1,0,,0.6572499906484691
peak_12,170,Channel 15,38.6497,-1,0,,0.6078381877902376
unphased,171,Channel 1,-172.0182,-1,0,,0.653765668034214
unphased,171,Channel 2,34.1539,-1,0,,0.6586595841945004
unphased,171,Channel 3,-19.7007,-1,0,,0.6032572457700087
unphased,171,Channel 4,8.3871,-1,0,,0.6720355844624497
unphased,171,Channel 5,5.2595,-1,0,,0.6183567389256631
unphased,171,Channel 6,-10.7918,-1,0,,0.6526530500012524
unphased,171,Channel 7,16.0606,-1,0,,0.6755560142938534
unphased,171,Channel 8,-59.6221,-1,0,,0.6405195134423044
unphased,171,Channel 9,34.1335,-1,0,,0.6401386925432974
unphased,171,Channel 10,96.7441,-1,0,,0.6528395702411041
unphased,171,Channel 11,55.404,-1,0,,0.6777854989115225
unphased,171,Channel 12,-15.018,-1,0,,0.6514632811378355
unphased,171,Channel 13,63.5137,-1,0,,0.6501109796291564
unphased,171,Channel 14,203.5212,-1,0,,0.6631321807787881
unphased,171,Channel 15,101.7899,-1,0,,0.6397263976340507
peak_all,171,Channel 1,-1.8876,6,2,0.8710187508451366,0.44797008039080793
peak_all,171,Channel 2,-39.5302,5,2,0.6887846016363748,0.45878913435593993
peak_all,171,Channel 3,-56.6175,2,2,0.2939568306945326,0.32173279011551636
peak_all,171,Channel 4,49.0324,7,1,1.1576527361833748,0.4134162160874502
peak_all,171,Channel 5,89.4242,3,1,0.55851960229668,0.3893938179290661
peak_all,171,Channel 6,33.3324,10,1,1.7294509505631461,0.44438098471555415
peak_all,171,Channel 7,-21.2951,0,1,0.4006289916498421,0.3142156986906404
peak_all,171,Channel 8,34.5134,4,1,0.7273547285059566,0.36118904874838104
peak_all,171,Channel 9,122.7501,9,1,1.827414803097295,0.4837110459703336
peak_all,171,Channel 10,5.2824,8,1,1.6750204871388745,0.4211776158841329
peak_all,171,Channel 11,-10.7594,1,1,0.062189288012818755,0.38564001369800033
peak_all,171,Channel 12,14.1226,11,1,2.0080082293759682,0.431996389456284
peak_all,171,Channel 13,98.9498,6,2,0.8710187508451366,0.4366192463148283
peak_all,171,Channel 14,119.0669,5,2,0.6887846016363748,0.4015475437021704
peak_all,171,Channel 15,106.4168,2,2,0.2939568306945326,0.3712294942019073
peak_12,171,Channel 1,-61.8779,6,1,0.8710187508451366,0.44797008039080793
peak_12,171,Channel 2,10.2402,5,1,0.6887846016363748,0.45878913435593993
peak_12,171,Channel 3,1.6833,2,1,0.2939568306945326,0.32173279011551636
peak_12,171,Channel 4,21.0753,7,1,1.1576527361833748,0.4134162160874502
peak_12,171,Channel 5,-47.2083,3,1,0.55851960229668,0.3893938179290661
peak_12,171,Channel 6,-4.1945,10,1,1.7294509505631461,0.44438098471555415
peak_12,171,Channel 7,-58.3809,0,1,0.4006289916498421,0.3142156986906404
peak_12,171,Channel 8,-1.8706,4,1,0.7273547285059566,0.36118904874838104
peak_12,171,Channel 9,36.9065,9,1,1.827414803097295,0.4837110459703336
peak_12,171,Channel 10,-34.0212,8,1,1.6750204871388745,0.4211776158841329
peak_12,171,Channel 11,-36.464,1,1,0.062189288012818755,0.38564001369800033
peak_12,171,Channel 12,-14.1513,11,1,2.0080082293759682,0.431996389456284
peak_12,171,Channel 13,280.3755,-1,0,,0.6501109796291564
peak_12,171,Channel 14,219.4727,-1,0,,0.6631321807787881
peak_12,171,Channel 15,160.9901,-1,0,,0.6397263976340507
unphased,172,Channel 1,-132.9074,-1,0,,0.6184104108367328
unphased,172,Channel 2,-46.7669,-1,0,,0.650229805101836
unphased,172,Channel 3,24.5714,-1,0,,0.6520607147772446
unphased,172,Channel 4,-2.4718,-1,0,,0.6932339444010894
unphased,172,Channel 5,45.7019,-1,0,,0.618653791249773
unphased,172,Channel 6,-43.9022,-1,0,,0.6336888737326583
unphased,172,Channel 7,25.6684,-1,0,,0.6687452909156162
unphased,172,Channel 8,66.1084,-1,0,,0.6680747375822292
unphased,172,Channel 9,41.6331,-1,0,,0.643993045194301
unphased,172,Channel 10,1.7522,-1,0,,0.6412070737567738
unphased,172,Channel 11,22.5023,-1,0,,0.6994319921420818
unphased,172,Channel 12,45.9873,-1,0,,0.6357097766668994
unphased,172,Channel 13,308.9575,-1,0,,0.6638855641737956
unphased,172,Channel 14,85.4264,-1,0,,0.6458457702899268
unphased,172,Channel 15,12.9275,-1,0,,0.6168292091790483
peak_all,172,Channel 1,-25.7607,6,2,1.1612122859951712,0.4665008240016384
peak_all,172,Channel 2,3.1126,2,2,0.8384784183121627,0.4543584192085051
peak_all,172,Channel 3,13.4741,3,2,1.066977355150926,0.4908308697027574
peak_all,172,Channel 4,31.6043,0,1,0.3285161272199757,0.3799727490670108
peak_all,172,Channel 5,107.5716,7,1,1.458708340068409,0.3675995508820059
peak_all,172,Channel 6,-15.6075,9,1,1.0488114780661022,0.36056964273577846
peak_all,172,Channel 7,38.5749,1,1,0.21302150707081471,0.4693103148747054
peak_all,172,Channel 8,-1.4581,10,1,1.5197410575511527,0.406947352889441
peak_all,172,Channel 9,-67.2023,8,1,1.2878981612491678,0.3723430359912015
peak_all,172,Channel 10,94.9185,5,1,1.1098224593196722,0.4815184202526737
peak_all,172,Channel 11,-10.2827,11,1,1.0616619279386543,0.35279062046364734
peak_all,172,Channel 12,54.0783,4,1,0.9051508820577905,0.3741778286593948
peak_all,172,Channel 13,229.1253,6,2,1.1612122859951712,0.48899710557926185
peak_all,172,Channel 14,102.5044,2,2,0.8384784183121627,0.4042284544554882
peak_all,172,Channel 15,26.6272,3,2,1.066977355150926,0.4441041602692953
peak_12,172,Channel 1,120.8119,6,1,1.1612122859951712,0.4665008240016384
peak_12,172,Channel 2,82.3244,2,1,0.8384784183121627,0.4543584192085051
peak_12,172,Channel 3,26.3521,3,1,1.066977355150926,0.4908308697027574
peak_12,172,Channel 4,11.897,0,1,0.3285161272199757,0.3799727490670108
peak_12,172,Channel 5,77.4553,7,1,1.458708340068409,0.3675995508820059
peak_12,172,Channel 6,-37.0331,9,1,1.0488114780661022,0.36056964273577846
peak_12,172,Channel 7,16.9352,1,1,0.21302150707081471,0.4693103148747054
peak_12,172,Channel 8,-18.2557,10,1,1.5197410575511527,0.406947352889441
peak_12,172,Channel 9,-110.401,8,1,1.2878981612491678,0.3723430359912015
peak_12,172,Channel 10,74.1607,5,1,1.1098224593196722,0.4815184202526737
peak_12,172,Channel 11,-20.2917,11,1,1.0616619279386543,0.35279062046364734
peak_12,172,Channel 12,30.6685,4,1,0.9051508820577905,0.3741778286593948
peak_12,172,Channel 13,369.7058,-1,0,,0.6638855641737956
peak_12,172,Channel 14,79.2327,-1,0,,0.6458457702899268
peak_12,172,Channel 15,7.4146,-1,0,,0.6168292091790483
unphased,173,Channel 1,127.876,-1,0,,0.641798549124867
unphased,173,Channel 2,-38.1634,-1,0,,0.6479604179723697
unphased,173,Channel 3,-9.1121,-1,0,,0.6293668460966069
unphased,173,Channel 4,112.4382,-1,0,,0.6959607297718069
unphased,173,Channel 5,8.4251,-1,0,,0.6050201683080346
unphased,173,Channel 6,-82.2701,-1,0,,0.6498256542412298
unphased,173,Channel 7,15.1817,-1,0,,0.6558748331175676
unphased,173,Channel 8,-4.8549,-1,0,,0.6532976255095455
unphased,173,Channel 9,260.5473,-1,0,,0.6498903054161607
unphased,173,Channel 10,-95.2675,-1,0,,0.6143515065770625
unphased,173,Channel 11,51.5204,-1,0,,0.7070386094572808
unphased,173,Channel 12,16.0254,-1,0,,0.6584925959434023
unphased,173,Channel 13,169.6636,-1,0,,0.6602122447966104
unphased,173,Channel 14,84.8364,-1,0,,0.6525147428630952
unphased,173,Channel 15,27.0692,-1,0,,0.6283951708043671
peak_all,173,Channel 1,146.2602,6,2,0.7232095589489254,0.4346360030400163
peak_all,173,Channel 2,-23.8094,3,2,0.908122157579033,0.49799202562261263
peak_all,173,Channel 3,-1.9914,10,2,1.388388885539332,0.38750742128238336
peak_all,173,Channel 4,43.5165,0,1,0.8533997230938462,0.43294808837972365
peak_all,173,Channel 5,-29.3293,7,1,0.7456687627869724,0.26714102579608645
peak_all,173,Channel 6,-2.5378,11,1,1.7542846495298523,0.4183550065934764
peak_all,173,Channel 7,-4.5742,8,1,0.7170769792726708,0.3211614071718925
peak_all,173,Channel 8,85.5993,1,1,0.963986312526009,0.5345343049030389
peak_all,173,Channel 9,253.1978,2,1,1.0842485300773355,0.5030192525456426
peak_all,173,Channel 10,27.5487,5,1,0.8418469117993459,0.43349381637621626
peak_all,173,Channel 11,-5.7269,9,1,1.0708145819735784,0.4364430480820881
peak_all,173,Channel 12,61.5913,4,1,0.9489529468731,0.3920962171751027
peak_all,173,Channel 13,29.577,6,2,0.7232095589489254,0.4387528369974198
peak_all,173,Channel 14,72.0732,3,2,0.908122157579033,0.45743584165365864
peak_all,173,Channel 15,13.7294,10,2,1.388388885539332,0.3913662802522111
peak_12,173,Channel 1,102.0067,6,1,0.7232095589489254,0.4346360030400163
peak_12,173,Channel 2,16.2878,3,1,0.908122157579033,0.49799202562261263
peak_12,173,Channel 3,-1.9716,10,1,1.388388885539332,0.38750742128238336
peak_12,173,Channel 4,22.6265,0,1,0.8533997230938462,0.43294808837972365
peak_12,173,Channel 5,-60.0692,7,1,0.7456687627869724,0.26714102579608645
peak_12,173,Channel 6,-20.3171,11,1,1.7542846495298523,0.4183550065934764
peak_12,173,Channel 7,-14.9396,8,1,0.7170769792726708,0.3211614071718925
peak_12,173,Channel 8,63.7148,1,1,0.963986312526009,0.5345343049030389
peak_12,173,Channel 9,213.3747,2,1,1.0842485300773355,0.5030192525456426
peak_12,173,Channel 10,5.6465,5,1,0.8418469117993459,0.43349381637621626
peak_12,173,Channel 11,-19.8705,9,1,1.0708145819735784,0.4364430480820881
peak_12,173,Channel 12,40.1061,4,1,0.9489529468731,0.3920962171751027
peak_12,173,Channel 13,220.1091,-1,0,,0.6602122447966104
peak_12,173,Channel 14,123.1363,-1,0,,0.6525147428630952
peak_12,173,Channel 15,26.8628,-1,0,,0.6283951708043671
unphased,174,Channel 1,115.651,-1,0,,0.6632751922236709
unphased,174,Channel 2,120.6506,-1,0,,0.6493395475723875
unphased,174,Channel 3,-35.9334,-1,0,,0.5998134437736418
unphased,174,Channel 4,119.0583,-1,0,,0.679009656450781
unphased,174,Channel 5,78.7525,-1,0,,0.6304804846996274
unphased,174,Channel 6,12.3693,-1,0,,0.6618013651716373
unphased,174,Channel 7,-22.8028,-1,0,,0.673797740597938
unphased,174,Channel 8,-54.2458,-1,0,,0.6188309239535669
unphased,174,Channel 9,61.19,-1,0,,0.6380437848324737
unphased,174,Channel 10,23.095,-1,0,,0.6370724397158324
unphased,174,Channel 11,83.3167,-1,0,,0.6953024749015255
unphased,174,Channel 12,38.7409,-1,0,,0.6550823560903817
unphased,174,Channel 13,-98.8579,-1,0,,0.6470560886529418
unphased,174,Channel 14,54.3338,-1,0,,0.6593159343771204
unphased,174,Channel 15,-26.3446,-1,0,,0.6417785669864782
peak_all,174,Channel 1,212.4781,11,2,2.187652318510119,0.4771485194398857
peak_all,174,Channel 2,38.4268,5,2,0.4316253184718149,0.41944462409599426
peak_all,174,Channel 3,11.3336,6,2,0.6614681651707686,0.39090088922722627
peak_all,174,Channel 4,54.6422,2,1,0.47023122413955554,0.37321069087309017
peak_all,174,Channel 5,123.2971,1,1,0.27018207218394896,0.3174900306489102
peak_all,174,Channel 6,-34.9597,0,1,0.6419639138914777,0.38378306440172455
peak_all,174,Channel 7,45.066,4,1,0.5721555813443561,0.34522577306913965
peak_all,174,Channel 8,-3.6343,8,1,1.5221403207055517,0.3767260982140023
peak_all,174,Channel 9,152.5718,9,1,1.7581921248827055,0.4676556545484059
peak_all,174,Channel 10,29.7906,7,1,1.0285760791810954,0.3896063600365953
peak_all,174,Channel 11,39.0414,3,1,0.47753143130549014,0.462440019677731
peak_all,174,Channel 12,21.2533,10,1,1.978281450213114,0.4783197402548998
peak_all,174,Channel 13,-226.4356,11,2,2.187652318510119,0.4792236775657347
peak_all,174,Channel 14,7.9771,5,2,0.4316253184718149,0.3647730906519612
peak_all,174,Channel 15,18.1716,6,2,0.6614681651707686,0.37088851520162175
peak_12,174,Channel 1,-11.8977,11,1,2.187652318510119,0.4771485194398857
peak_12,174,Channel 2,24.5793,5,1,0.4316253184718149,0.41944462409599426
peak_12,174,Channel 3,18.8762,6,1,0.6614681651707686,0.39090088922722627
peak_12,174,Channel 4,45.5714,2,1,0.47023122413955554,0.37321069087309017
peak_12,174,Channel 5,91.6958,1,1,0.27018207218394896,0.3174900306489102
peak_12,174,Channel 6,-54.7812,0,1,0.6419639138914777,0.38378306440172455
peak_12,174,Channel 7,32.3479,4,1,0.5721555813443561,0.34522577306913965
peak_12,174,Channel 8,-12.4969,8,1,1.5221403207055517,0.3767260982140023
peak_12,174,Channel 9,129.5637,9,1,1.7581921248827055,0.4676556545484059
peak_12,174,Channel 10,18.4548,7,1,1.0285760791810954,0.3896063600365953
peak_12,174,Channel 11,27.1208,3,1,0.47753143130549014,0.462440019677731
peak_12,174,Channel 12,12.8685,10,1,1.978281450213114,0.4783197402548998
peak_12,174,Channel 13,-40.3442,-1,0,,0.6470560886529418
peak_12,174,Channel 14,129.2932,-1,0,,0.6593159343771204
peak_12,174,Channel 15,42.4225,-1,0,,0.6417785669864782
unphased,175,Channel 1,61.1472,-1,0,,0.6373725186561559
unphased,175,Channel 2,-11.9427,-1,0,,0.6578996252084598
unphased,175,Channel 3,-7.2868,-1,0,,0.6202553380198721
unphased,175,Channel 4,50.7492,-1,0,,0.6833866231760368
unphased,175,Channel 5,125.1299,-1,0,,0.6289617238473647
unphased,175,Channel 6,23.5192,-1,0,,0.655158962268949
unphased,175,Channel 7,51.0836,-1,0,,0.6653857076832341
unphased,175,Channel 8,9.8484,-1,0,,0.6415518935784112
unphased,175,Channel 9,212.6552,-1,0,,0.6576480849025473
unphased,175,Channel 10,-16.5618,-1,0,,0.6364445379312146
unphased,175,Channel 11,77.3262,-1,0,,0.6809734016121126
unphased,175,Channel 12,8.7229,-1,0,,0.6429313731102909
unphased,175,Channel 13,-71.8191,-1,0,,0.6522033375905169
unphased,175,Channel 14,24.4537,-1,0,,0.6620328995383967
unphased,175,Channel 15,-19.5711,-1,0,,0.6277939728764375
peak_all,175,Channel 1,190.3584,11,2,1.6736983249212023,0.4009382267655708
peak_all,175,Channel 2,-17.8732,7,2,1.2097070608540295,0.41291288319820746
peak_all,175,Channel 3,12.2502,8,2,1.4288737327249939,0.40892744553821797
peak_all,175,Channel 4,38.5146,6,1,1.0229618008429668,0.45326684500956527
peak_all,175,Channel 5,105.8185,2,1,0.45246845583015083,0.35897803900397846
peak_all,175,Channel 6,54.2316,5,1,0.8218664270148954,0.4636971228128993
peak_all,175,Channel 7,38.1151,1,1,0.3612606189162063,0.45410158375396914
peak_all,175,Channel 8,32.8561,4,1,0.7507043027905042,0.3709596168114553
peak_all,175,Channel 9,145.0741,3,1,0.6685786169366866,0.4497725662903473
peak_all,175,Channel 10,17.3061,9,1,1.52698297601306,0.40557206443224303
peak_all,175,Channel 11,29.768,10,1,1.5939989188773647,0.40841442766543334
peak_all,175,Channel 12,-24.2262,0,1,0.4888987642779414,0.3285862749731119
peak_all,175,Channel 13,-125.621,11,2,1.6736983249212023,0.41794682369384
peak_all,175,Channel 14,38.5658,7,2,1.2097070608540295,0.4082286354161369
peak_all,175,Channel 15,-1.1404,8,2,1.4288737327249939,0.3843037731757287
peak_12,175,Channel 1,60.063,11,1,1.6736983249212023,0.4009382267655708
peak_12,175,Channel 2,12.6223,7,1,1.2097070608540295,0.41291288319820746
peak_12,175,Channel 3,7.1922,8,1,1.4288737327249939,0.40892744553821797
peak_12,175,Channel 4,30.296,6,1,1.0229618008429668,0.45326684500956527
peak_12,175,Channel 5,88.0266,2,1,0.45246845583015083,0.35897803900397846
peak_12,175,Channel 6,44.6488,5,1,0.8218664270148954,0.4636971228128993
peak_12,175,Channel 7,29.4537,1,1,0.3612606189162063,0.45410158375396914
peak_12,175,Channel 8,24.1577,4,1,0.7507043027905042,0.3709596168114553
peak_12,175,Channel 9,116.6786,3,1,0.6685786169366866,0.4497725662903473
peak_12,175,Channel 10,8.145,9,1,1.52698297601306,0.40557206443224303
peak_12,175,Channel 11,26.2755,10,1,1.5939989188773647,0.40841442766543334
peak_12,175,Channel 12,-30.4762,0,1,0.4888987642779414,0.3285862749731119
peak_12,175,Channel 13,20.0543,-1,0,,0.6522033375905169
peak_12,175,Channel 14,76.9499,-1,0,,0.6620328995383967
peak_12,175,Channel 15,12.5462,-1,0,,0.6277939728764375
unphased,176,Channel 1,30.1425,-1,0,,0.6458850742795323
unphased,176,Channel 2,10.0605,-1,0,,0.6661773622681668
unphased,176,Channel 3,19.559,-1,0,,0.6417132160111825
unphased,176,Channel 4,39.1728,-1,0,,0.6563372896973637
unphased,176,Channel 5,330.9599,-1,0,,0.6508719739137829
unphased,176,Channel 6,191.0206,-1,0,,0.7119341872077174
unphased,176,Channel 7,62.6935,-1,0,,0.6622161196032688
unphased,176,Channel 8,142.046,-1,0,,0.7009717771647616
unphased,176,Channel 9,-82.9412,-1,0,,0.6424791707217191
unphased,176,Channel 10,-17.767,-1,0,,0.6717040875013093
unphased,176,Channel 11,12.9611,-1,0,,0.6340015841130431
unphased,176,Channel 12,-81.9848,-1,0,,0.5832642017574295
unphased,176,Channel 13,-320.7751,-1,0,,0.6200080324269042
unphased,176,Channel 14,-72.137,-1,0,,0.6281146646810506
unphased,176,Channel 15,44.5826,-1,0,,0.6343212586527697
peak_all,176,Channel 1,308.6781,10,2,5.003366063153743,0.4228956590847139
peak_all,176,Channel 2,-10.3954,5,2,0.5196673195810233,0.4934321048340608
peak_all,176,Channel 3,56.5027,7,2,5.804034704223348,0.4830918486735432
peak_all,176,Channel 4,-3.9259,4,1,-3.4547976364943227,0.3273564530331925
peak_all,176,Channel 5,-58.8443,2,1,-6.071551585973884,0.24916533026195015
peak_all,176,Channel 6,141.6924,6,1,3.8212907004542176,0.582223225352157
peak_all,176,Channel 7,35.3133,9,1,7.302681367772126,0.48890015725032077
peak_all,176,Channel 8,-19.1618,1,1,-8.131526949780406,0.35658197204863656
peak_all,176,Channel 9,104.1557,3,1,-4.237478787469082,0.35406594317797624
peak_all,176,Channel 10,-83.698,0,1,-4.094783422483092,0.31946342425900925
peak_all,176,Channel 11,2.8914,11,1,4.532357744557688,0.39214009962875773
peak_all,176,Channel 12,121.3769,8,1,11.006740482458639,0.5739738967365683
peak_all,176,Channel 13,-196.0635,10,2,5.003366063153743,0.4162655665972147
peak_all,176,Channel 14,45.3277,5,2,0.5196673195810233,0.4054943436105713
peak_all,176,Channel 15,0.8206,7,2,5.804034704223348,0.532445132458301
peak_12,176,Channel 1,154.7918,10,1,5.003366063153743,0.4228956590847139
peak_12,176,Channel 2,44.7214,5,1,0.5196673195810233,0.4934321048340608
peak_12,176,Channel 3,60.3728,7,1,5.804034704223348,0.4830918486735432
peak_12,176,Channel 4,2.2568,4,1,-3.4547976364943227,0.3273564530331925
peak_12,176,Channel 5,-33.6546,2,1,-6.071551585973884,0.24916533026195015
peak_12,176,Channel 6,140.3952,6,1,3.8212907004542176,0.582223225352157
peak_12,176,Channel 7,41.8425,9,1,7.302681367772126,0.48890015725032077
peak_12,176,Channel 8,-8.417,1,1,-8.131526949780406,0.35658197204863656
peak_12,176,Channel 9,116.1408,3,1,-4.237478787469082,0.35406594317797624
peak_12,176,Channel 10,-74.0928,0,1,-4.094783422483092,0.31946342425900925
peak_12,176,Channel 11,3.8001,11,1,4.532357744557688,0.39214009962875773
peak_12,176,Channel 12,119.5187,8,1,11.006740482458639,0.5739738967365683
peak_12,176,Channel 13,-245.2573,-1,0,,0.6200080324269042
peak_12,176,Channel 14,-22.4222,-1,0,,0.6281146646810506
peak_12,176,Channel 15,29.371,-1,0,,0.6343212586527697
unphased,177,Channel 1,-274.6378,-1,0,,0.637532182920191
unphased,177,Channel 2,73.0709,-1,0,,0.6576086810041117
unphased,177,Channel 3,-4.5785,-1,0,,0.6198895269836123
unphased,177,Channel 4,-5.5067,-1,0,,0.6407503762177735
unphased,177,Channel 5,-46.0292,-1,0,,0.6438577151022491
unphased,177,Channel 6,63.4229,-1,0,,0.689462468985157
unphased,177,Channel 7,60.2742,-1,0,,0.6583938562598043
unphased,177,Channel 8,-20.2245,-1,0,,0.628176551887141
unphased,177,Channel 9,145.2692,-1,0,,0.6413785184222299
unphased,177,Channel 10,158.3626,-1,0,,0.6685875206590379
unphased,177,Channel 11,8.7098,-1,0,,0.6680523831239573
unphased,177,Channel 12,81.3797,-1,0,,0.656505452223479
unphased,177,Channel 13,-233.0721,-1,0,,0.6687679617409541
unphased,177,Channel 14,124.1171,-1,0,,0.6426704877695699
unphased,177,Channel 15,1.147,-1,0,,0.6283663167007326
peak_all,177,Channel 1,76.4727,11,2,3.836738602773469,0.5806485464748472
peak_all,177,Channel 2,2.5645,6,2,0.2666307456809787,0.3465054979924259
peak_all,177,Channel 3,5.379,3,2,0.04867512346628923,0.3566577534040303
peak_all,177,Channel 4,43.7171,9,1,2.180359879572418,0.45124074862864766
peak_all,177,Channel 5,31.0517,4,1,0.5280355651838187,0.3308548191722598
peak_all,177,Channel 6,29.1438,7,1,1.160948040869875,0.3913066872380954
peak_all,177,Channel 7,-22.5632,1,1,-0.9461214053431469,0.33388935484279625
peak_all,177,Channel 8,-26.7269,0,1,0.1399755559437772,0.3122389421192834
peak_all,177,Channel 9,-9.5746,2,1,-0.5655711815580713,0.29514080111889995
peak_all,177,Channel 10,17.5767,5,1,0.5113981721931278,0.4277347158743312
peak_all,177,Channel 11,30.7447,8,1,2.4819752479014983,0.5244913095519156
peak_all,177,Channel 12,49.6464,10,1,2.3569556533159672,0.4771354455987046
peak_all,177,Channel 13,174.7269,11,2,3.836738602773469,0.607850853163098
peak_all,177,Channel 14,47.1126,6,2,0.2666307456809787,0.34892380539223355
peak_all,177,Channel 15,4.2464,3,2,0.04867512346628923,0.3379299161639096
peak_12,177,Channel 1,189.4787,11,1,3.836738602773469,0.5806485464748472
peak_12,177,Channel 2,19.8687,6,1,0.2666307456809787,0.3465054979924259
peak_12,177,Channel 3,1.5594,3,1,0.04867512346628923,0.3566577534040303
peak_12,177,Channel 4,25.5594,9,1,2.180359879572418,0.45124074862864766
peak_12,177,Channel 5,-1.2242,4,1,0.5280355651838187,0.3308548191722598
peak_12,177,Channel 6,16.3588,7,1,1.160948040869875,0.3913066872380954
peak_12,177,Channel 7,-35.0425,1,1,-0.9461214053431469,0.33388935484279625
peak_12,177,Channel 8,-50.8411,0,1,0.1399755559437772,0.3122389421192834
peak_12,177,Channel 9,-46.2059,2,1,-0.5655711815580713,0.29514080111889995
peak_12,177,Channel 10,9.9937,5,1,0.5113981721931278,0.4277347158743312
peak_12,177,Channel 11,24.571,8,1,2.4819752479014983,0.5244913095519156
peak_12,177,Channel 12,32.8441,10,1,2.3569556533159672,0.4771354455987046
peak_12,177,Channel 13,98.3316,-1,0,,0.6687679617409541
peak_12,177,Channel 14,148.495,-1,0,,0.6426704877695699
peak_12,177,Channel 15,26.9876,-1,0,,0.6283663167007326
unphased,178,Channel 1,-73.6567,-1,0,,0.63462253648565
unphased,178,Channel 2,30.443,-1,0,,0.6540027830617738
unphased,178,Channel 3,-18.4479,-1,0,,0.6334681451637028
unphased,178,Channel 4,72.3703,-1,0,,0.6938546234224812
unphased,178,Channel 5,188.2935,-1,0,,0.6222235038741644
unphased,178,Channel 6,-74.014,-1,0,,0.6341519989001319
unphased,178,Channel 7,38.1553,-1,0,,0.6701247922000904
unphased,178,Channel 8,22.3657,-1,0,,0.65784589683161
unphased,178,Channel 9,257.7054,-1,0,,0.6594035483293916
unphased,178,Channel 10,-71.6628,-1,0,,0.6262209858616051
unphased,178,Channel 11,53.953,-1,0,,0.6823873547105355
unphased,178,Channel 12,63.6849,-1,0,,0.6375511666423526
unphased,178,Channel 13,32.9649,-1,0,,0.6569837050996863
unphased,178,Channel 14,31.8417,-1,0,,0.6628749780902169
unphased,178,Channel 15,24.2356,-1,0,,0.6242839813266121
peak_all,178,Channel 1,92.9863,1,2,0.592077869193967,0.41125532907290396
peak_all,178,Channel 2,4.1839,0,2,0.5903935505693925,0.37801611166603477
peak_all,178,Channel 3,-23.6598,10,2,1.29646672533284,0.38144336811509927
peak_all,178,Channel 4,73.9194,4,1,0.8724031311889667,0.4677300916937717
peak_all,178,Channel 5,-68.7108,11,1,1.2355946024003375,0.31607857661160715
peak_all,178,Channel 6,13.9613,9,1,1.4069122850405136,0.40839363306623144
peak_all,178,Channel 7,33.9714,6,1,1.1015795780951474,0.510822650938411
peak_all,178,Channel 8,37.0046,5,1,0.952902373565679,0.439772594026936
peak_all,178,Channel 9,53.459,8,1,1.3832170592719129,0.40136469820763027
peak_all,178,Channel 10,35.5757,2,1,0.6061225253532596,0.3631590903705857
peak_all,178,Channel 11,46.4054,3,1,0.681552464518277,0.48699624663240915
peak_all,178,Channel 12,71.0621,7,1,1.2807778354697086,0.42208525415572945
peak_all,178,Channel 13,49.1176,1,2,0.592077869193967,0.39577442129670815
peak_all,178,Channel 14,5.4784,0,2,0.5903935505693925,0.33500002281962105
peak_all,178,Channel 15,40.5571,10,2,1.29646672533284,0.379260741276144
peak_12,178,Channel 1,94.3641,1,1,0.592077869193967,0.41125532907290396
peak_12,178,Channel 2,-19.829,0,1,0.5903935505693925,0.37801611166603477
peak_12,178,Channel 3,0.8168,10,1,1.29646672533284,0.38144336811509927
peak_12,178,Channel 4,53.5248,4,1,0.8724031311889667,0.4677300916937717
peak_12,178,Channel 5,-113.0495,11,1,1.2355946024003375,0.31607857661160715
peak_12,178,Channel 6,-0.6993,9,1,1.4069122850405136,0.40839363306623144
peak_12,178,Channel 7,24.1366,6,1,1.1015795780951474,0.510822650938411
peak_12,178,Channel 8,17.8565,5,1,0.952902373565679,0.439772594026936
peak_12,178,Channel 9,17.1063,8,1,1.3832170592719129,0.40136469820763027
peak_12,178,Channel 10,26.4891,2,1,0.6061225253532596,0.3631590903705857
peak_12,178,Channel 11,34.004,3,1,0.681552464518277,0.48699624663240915
peak_12,178,Channel 12,57.1817,7,1,1.2807778354697086,0.42208525415572945
peak_12,178,Channel 13,206.0275,-1,0,,0.6569837050996863
peak_12,178,Channel 14,74.8812,-1,0,,0.6628749780902169
peak_12,178,Channel 15,50.6245,-1,0,,0.6242839813266121
unphased,179,Channel 1,80.7314,-1,0,,0.6351139515369835
unphased,179,Channel 2,-111.8871,-1,0,,0.6472698627649175
unphased,179,Channel 3,-36.7866,-1,0,,0.6322997591144283
unphased,179,Channel 4,117.1414,-1,0,,0.6839947073551977
unphased,179,Channel 5,113.2471,-1,0,,0.6219015871706649
unphased,179,Channel 6,-30.8233,-1,0,,0.6401342397071789
unphased,179,Channel 7,24.9719,-1,0,,0.6726767006647508
unphased,179,Channel 8,-5.4293,-1,0,,0.6511501863577617
unphased,179,Channel 9,252.745,-1,0,,0.6494353579031199
unphased,179,Channel 10,-27.9631,-1,0,,0.6276925434909567
unphased,179,Channel 11,107.1873,-1,0,,0.6842176112259079
unphased,179,Channel 12,-55.7627,-1,0,,0.6489810959162481
unphased,179,Channel 13,171.2898,-1,0,,0.6602735561630967
unphased,179,Channel 14,115.9926,-1,0,,0.6601046672007019
unphased,179,Channel 15,-41.2555,-1,0,,0.634754173428084
peak_all,179,Channel 1,-0.9474,0,2,0.8394482665570565,0.3589519250927957
peak_all,179,Channel 2,-64.6875,6,2,1.1261432901004826,0.4383344791008491
peak_all,179,Channel 3,20.5711,3,2,0.7683860785222987,0.44100476518105497
peak_all,179,Channel 4,53.7443,2,1,0.6733065054391165,0.4201076862182773
peak_all,179,Channel 5,202.6568,5,1,0.972224778640965,0.44803424664686037
peak_all,179,Channel 6,88.7313,1,1,0.6642999378381806,0.49419692801143994
peak_all,179,Channel 7,48.6277,4,1,0.7571036053013482,0.38430866778342904
peak_all,179,Channel 8,-24.1208,11,1,1.3711915917956272,0.3924466940414814
peak_all,179,Channel 9,65.0319,7,1,1.2216216636208663,0.415611274271043
peak_all,179,Channel 10,-4.1811,9,1,1.2777565670038007,0.36968356356174364
peak_all,179,Channel 11,11.9904,10,1,1.1305555054198282,0.33961193250986227
peak_all,179,Channel 12,0.3403,8,1,1.1979622097604286,0.39479443382861706
peak_all,179,Channel 13,19.3951,0,2,0.8394482665570565,0.41983993673212633
peak_all,179,Channel 14,162.1591,6,2,1.1261432901004826,0.4658801775872167
peak_all,179,Channel 15,22.6872,3,2,0.7683860785222987,0.4196180823048758
peak_12,179,Channel 1,-10.0811,0,1,0.8394482665570565,0.3589519250927957
peak_12,179,Channel 2,56.3264,6,1,1.1261432901004826,0.4383344791008491
peak_12,179,Channel 3,30.687,3,1,0.7683860785222987,0.44100476518105497
peak_12,179,Channel 4,40.4361,2,1,0.6733065054391165,0.4201076862182773
peak_12,179,Channel 5,172.1468,5,1,0.972224778640965,0.44803424664686037
peak_12,179,Channel 6,66.2594,1,1,0.6642999378381806,0.49419692801143994
peak_12,179,Channel 7,27.5723,4,1,0.7571036053013482,0.38430866778342904
peak_12,179,Channel 8,-33.5295,11,1,1.3711915917956272,0.3924466940414814
peak_12,179,Channel 9,19.4195,7,1,1.2216216636208663,0.415611274271043
peak_12,179,Channel 10,-26.3309,9,1,1.2777565670038007,0.36968356356174364
peak_12,179,Channel 11,2.5715,10,1,1.1305555054198282,0.33961193250986227
peak_12,179,Channel 12,-6.9932,8,1,1.1979622097604286,0.39479443382861706
peak_12,179,Channel 13,268.5549,-1,0,,0.6602735561630967
peak_12,179,Channel 14,145.0032,-1,0,,0.6601046672007019
peak_12,179,Channel 15,-35.8237,-1,0,,0.634754173428084
unphased,180,Channel 1,-21.0264,-1,0,,0.6395242035878184
unphased,180,Channel 2,-40.9804,-1,0,,0.6490807551384907
unphased,180,Channel 3,11.9748,-1,0,,0.6344623613305124
unphased,180,Channel 4,136.681,-1,0,,0.7147114453531507
unphased,180,Channel 5,146.8825,-1,0,,0.6245448934791535
unphased,180,Channel 6,-99.6237,-1,0,,0.638859623697122
unphased,180,Channel 7,12.7724,-1,0,,0.6443066059385019
unphased,180,Channel 8,51.1803,-1,0,,0.6707633797465506
unphased,180,Channel 9,228.7444,-1,0,,0.6606576362003503
unphased,180,Channel 10,-208.8811,-1,0,,0.5929185685972991
unphased,180,Channel 11,84.3051,-1,0,,0.6725579557143222
unphased,180,Channel 12,63.1651,-1,0,,0.6655334990569972
unphased,180,Channel 13,171.3355,-1,0,,0.6534678675918084
unphased,180,Channel 14,50.144,-1,0,,0.6429030436825113
unphased,180,Channel 15,25.79,-1,0,,0.6457081608854165
peak_all,180,Channel 1,244.0176,1,2,1.1624428141731549,0.4867460036620313
peak_all,180,Channel 2,9.7469,0,2,1.5153466872324644,0.47900338199636816
peak_all,180,Channel 3,26.1864,11,2,1.2518201291406563,0.36761790618397944
peak_all,180,Channel 4,2.1778,9,1,1.3345877290445909,0.41830379566587433
peak_all,180,Channel 5,192.2548,4,1,0.5925184429376733,0.3556531349397821
peak_all,180,Channel 6,1.0025,8,1,0.9371668232093922,0.37626707873271353
peak_all,180,Channel 7,75.3673,3,1,1.0501291628962304,0.5008880088436763
peak_all,180,Channel 8,41.9698,5,1,0.6922305872767605,0.4324696655428093
peak_all,180,Channel 9,-6.7145,10,1,1.0358375370125308,0.36234116427614593
peak_all,180,Channel 10,-4.4152,7,1,0.4939858950595645,0.32127241672267937
peak_all,180,Channel 11,51.8768,2,1,1.2204354287056478,0.45065450690244585
peak_all,180,Channel 12,67.4037,6,1,0.7134987633113362,0.42769293266830527
peak_all,180,Channel 13,110.8352,1,2,1.1624428141731549,0.4665513293710936
peak_all,180,Channel 14,39.3539,0,2,1.5153466872324644,0.4301823602345467
peak_all,180,Channel 15,-31.9974,11,2,1.2518201291406563,0.3458465777384819
peak_12,180,Channel 1,324.0736,1,1,1.1624428141731549,0.4867460036620313
peak_12,180,Channel 2,38.7194,0,1,1.5153466872324644,0.47900338199636816
peak_12,180,Channel 3,-5.7708,11,1,1.2518201291406563,0.36761790618397944
peak_12,180,Channel 4,-4.5947,9,1,1.3345877290445909,0.41830379566587433
peak_12,180,Channel 5,199.2524,4,1,0.5925184429376733,0.3556531349397821
peak_12,180,Channel 6,-2.3148,8,1,0.9371668232093922,0.37626707873271353
peak_12,180,Channel 7,73.4198,3,1,1.0501291628962304,0.5008880088436763
peak_12,180,Channel 8,43.7224,5,1,0.6922305872767605,0.4324696655428093
peak_12,180,Channel 9,-16.4376,10,1,1.0358375370125308,0.36234116427614593
peak_12,180,Channel 10,-3.654,7,1,0.4939858950595645,0.32127241672267937
peak_12,180,Channel 11,50.1269,2,1,1.2204354287056478,0.45065450690244585
peak_12,180,Channel 12,58.8141,6,1,0.7134987633113362,0.42769293266830527
peak_12,180,Channel 13,-9.295,-1,0,,0.6534678675918084
peak_12,180,Channel 14,56.6638,-1,0,,0.6429030436825113
peak_12,180,Channel 15,-4.8793,-1,0,,0.6457081608854165
unphased,181,Channel 1,91.5659,-1,0,,0.6389669290269003
unphased,181,Channel 2,-7.7673,-1,0,,0.6574672680573388
unphased,181,Channel 3,-8.4715,-1,0,,0.6392436230395695
unphased,181,Channel 4,84.1859,-1,0,,0.7047921308199876
unphased,181,Channel 5,111.6244,-1,0,,0.615891922842834
unphased,181,Channel 6,-54.2623,-1,0,,0.6463139995022109
unphased,181,Channel 7,-60.4585,-1,0,,0.6553251154866584
unphased,181,Channel 8,103.5668,-1,0,,0.6723666382117216
unphased,181,Channel 9,435.3174,-1,0,,0.6880224505951653
unphased,181,Channel 10,-145.0344,-1,0,,0.5952235007090366
unphased,181,Channel 11,-16.4189,-1,0,,0.6566562300396851
unphased,181,Channel 12,36.118,-1,0,,0.6398668324900164
unphased,181,Channel 13,257.4473,-1,0,,0.6562434591276933
unphased,181,Channel 14,23.1913,-1,0,,0.6440653045823875
unphased,181,Channel 15,11.9731,-1,0,,0.6395545954687912
peak_all,181,Channel 1,150.5089,3,2,0.8781314923563687,0.49014015424819335
peak_all,181,Channel 2,6.5744,9,2,0.25177300629093957,0.30343215857901934
peak_all,181,Channel 3,30.2773,0,2,3.1946875980148484,0.4804600253938658
peak_all,181,Channel 4,146.75,1,1,2.120172775281061,0.5868482379002818
peak_all,181,Channel 5,51.9035,10,1,1.3759957461572214,0.3289031316244494
peak_all,181,Channel 6,28.5046,5,1,-0.017747144675544477,0.4357612867263246
peak_all,181,Channel 7,87.8013,2,1,1.221193611354288,0.5259367314777721
peak_all,181,Channel 8,-23.1449,8,1,0.5909923474360668,0.31981901744947694
peak_all,181,Channel 9,141.8605,4,1,0.35408940358423147,0.430158354414161
peak_all,181,Channel 10,-45.4059,11,1,1.5630480377266478,0.31926585400002605
peak_all,181,Channel 11,37.7533,6,1,-0.10505071087891295,0.406503364023407
peak_all,181,Channel 12,15.2822,7,1,0.572713837352784,0.35461121058471284
peak_all,181,Channel 13,143.6054,3,2,0.8781314923563687,0.46514114599824824
peak_all,181,Channel 14,-38.0973,9,2,0.25177300629093957,0.2923637146392125
peak_all,181,Channel 15,27.6942,0,2,3.1946875980148484,0.49468350420101376
peak_12,181,Channel 1,295.769,3,1,0.8781314923563687,0.49014015424819335
peak_12,181,Channel 2,-25.0734,9,1,0.25177300629093957,0.30343215857901934
peak_12,181,Channel 3,53.0658,0,1,3.1946875980148484,0.4804600253938658
peak_12,181,Channel 4,154.6339,1,1,2.120172775281061,0.5868482379002818
peak_12,181,Channel 5,46.9582,10,1,1.3759957461572214,0.3289031316244494
peak_12,181,Channel 6,25.4185,5,1,-0.017747144675544477,0.4357612867263246
peak_12,181,Channel 7,86.5828,2,1,1.221193611354288,0.5259367314777721
peak_12,181,Channel 8,-18.9012,8,1,0.5909923474360668,0.31981901744947694
peak_12,181,Channel 9,152.0194,4,1,0.35408940358423147,0.430158354414161
peak_12,181,Channel 10,-41.6996,11,1,1.5630480377266478,0.31926585400002605
peak_12,181,Channel 11,40.0894,6,1,-0.10505071087891295,0.406503364023407
peak_12,181,Channel 12,13.2844,7,1,0.572713837352784,0.35461121058471284
peak_12,181,Channel 13,71.5331,-1,0,,0.6562434591276933
peak_12,181,Channel 14,-10.058,-1,0,,0.6440653045823875
peak_12,181,Channel 15,-27.28,-1,0,,0.6395545954687912
unphased,182,Channel 1,77.0583,-1,0,,0.6288023495336267
unphased,182,Channel 2,-109.4319,-1,0,,0.6453456421768148
unphased,182,Channel 3,-2.8387,-1,0,,0.6266524631208641
unphased,182,Channel 4,34.1458,-1,0,,0.6988086464667644
unphased,182,Channel 5,174.8571,-1,0,,0.6250236955175017
unphased,182,Channel 6,-12.9382,-1,0,,0.6366861513786853
unphased,182,Channel 7,97.0934,-1,0,,0.6706292920742957
unphased,182,Channel 8,23.5984,-1,0,,0.6581129967638675
unphased,182,Channel 9,-32.4606,-1,0,,0.6546880512628274
unphased,182,Channel 10,13.3189,-1,0,,0.6298144705069573
unphased,182,Channel 11,87.2064,-1,0,,0.6886341192034648
unphased,182,Channel 12,18.8614,-1,0,,0.6495261501985279
unphased,182,Channel 13,172.6079,-1,0,,0.6548162008811181
unphased,182,Channel 14,38.0507,-1,0,,0.6569304602063715
unphased,182,Channel 15,-55.8786,-1,0,,0.6255293107083137
peak_all,182,Channel 1,-48.6327,2,2,0.48682585697814845,0.3680745759812912
peak_all,182,Channel 2,-61.7389,3,2,0.7492527440675073,0.4711655824906229
peak_all,182,Channel 3,-9.0458,1,2,0.47227082918385793,0.5231924742624829
peak_all,182,Channel 4,51.3884,5,1,1.034416923443101,0.47297792715518944
peak_all,182,Channel 5,177.0826,4,1,0.8561496953815085,0.36830944174877017
peak_all,182,Channel 6,19.2905,6,1,1.0699590600918876,0.48144126802800563
peak_all,182,Channel 7,33.8673,10,1,1.3933456195622052,0.4160828223838678
peak_all,182,Channel 8,61.4175,7,1,1.1495324112199798,0.4095053451188654
peak_all,182,Channel 9,-17.5622,8,1,1.2269428609015747,0.3773930827243553
peak_all,182,Channel 10,34.7008,11,1,1.6851541594997543,0.3888259927791763
peak_all,182,Channel 11,13.0736,0,1,0.5467291160434957,0.4272522026487721
peak_all,182,Channel 12,1.1063,9,1,1.3294207236269782,0.3591278272197252
peak_all,182,Channel 13,93.5414,2,2,0.48682585697814845,0.41647574263150333
peak_all,182,Channel 14,78.2214,3,2,0.7492527440675073,0.4367110760973393
peak_all,182,Channel 15,22.7591,1,2,0.47227082918385793,0.358837141605965
peak_12,182,Channel 1,-2.8133,2,1,0.48682585697814845,0.3680745759812912
peak_12,182,Channel 2,-6.7895,3,1,0.7492527440675073,0.4711655824906229
peak_12,182,Channel 3,-0.8064,1,1,0.47227082918385793,0.5231924742624829
peak_12,182,Channel 4,41.2625,5,1,1.034416923443101,0.47297792715518944
peak_12,182,Channel 5,108.9034,4,1,0.8561496953815085,0.36830944174877017
peak_12,182,Channel 6,4.8622,6,1,1.0699590600918876,0.48144126802800563
peak_12,182,Channel 7,22.6296,10,1,1.3933456195622052,0.4160828223838678
peak_12,182,Channel 8,50.6172,7,1,1.1495324112199798,0.4095053451188654
peak_12,182,Channel 9,-52.4294,8,1,1.2269428609015747,0.3773930827243553
peak_12,182,Channel 10,22.1362,11,1,1.6851541594997543,0.3888259927791763
peak_12,182,Channel 11,8.1495,0,1,0.5467291160434957,0.4272522026487721
peak_12,182,Channel 12,-11.7512,9,1,1.3294207236269782,0.3591278272197252
peak_12,182,Channel 13,349.3355,-1,0,,0.6548162008811181
peak_12,182,Channel 14,55.9119,-1,0,,0.6569304602063715
peak_12,182,Channel 15,-24.079,-1,0,,0.6255293107083137
unphased,183,Channel 1,7.2102,-1,0,,0.6432471612111872
unphased,183,Channel 2,18.9338,-1,0,,0.6565947008628058
unphased,183,Channel 3,-8.0449,-1,0,,0.6210211334794458
unphased,183,Channel 4,65.2801,-1,0,,0.6942330585751006
unphased,183,Channel 5,-53.0561,-1,0,,0.6095111017051451
unphased,183,Channel 6,-81.4723,-1,0,,0.6684600800884924
unphased,183,Channel 7,-12.8134,-1,0,,0.6628543756093523
unphased,183,Channel 8,-106.7024,-1,0,,0.6120562353266701
unphased,183,Channel 9,222.8901,-1,0,,0.6647563420230487
unphased,183,Channel 10,-34.4787,-1,0,,0.6061290719061097
unphased,183,Channel 11,59.588,-1,0,,0.6913996073461331
unphased,183,Channel 12,88.4174,-1,0,,0.6633790121847916
unphased,183,Channel 13,159.983,-1,0,,0.6551356046661109
unphased,183,Channel 14,191.4929,-1,0,,0.6627490958490087
unphased,183,Channel 15,38.311,-1,0,,0.6384734191666018
peak_all,183,Channel 1,274.2095,1,2,0.7773576502960828,0.4453474968308894
peak_all,183,Channel 2,-55.9034,10,2,1.5720026525820099,0.4173016646040915
peak_all,183,Channel 3,-11.5357,8,2,1.0694839772648417,0.35980531420404427
peak_all,183,Channel 4,44.0528,6,1,0.8151476262789381,0.43855540906302654
peak_all,183,Channel 5,264.6838,3,1,0.6393360349785969,0.4095613309030608
peak_all,183,Channel 6,3.7381,7,1,1.0219684659366937,0.37652407493808565
peak_all,183,Channel 7,28.7579,5,1,0.6264878891297666,0.40228468669435785
peak_all,183,Channel 8,-23.6962,9,1,1.1433695422226708,0.3541304847706878
peak_all,183,Channel 9,119.8594,0,1,1.2018708135344136,0.4117789094026622
peak_all,183,Channel 10,61.3533,4,1,0.7280321815879784,0.35132271601664034
peak_all,183,Channel 11,10.3352,11,1,1.72741573389369,0.4277999890665785
peak_all,183,Channel 12,53.7748,2,1,0.6775274322943186,0.37823334689576543
peak_all,183,Channel 13,-89.5433,1,2,0.7773576502960828,0.42316288173332284
peak_all,183,Channel 14,63.2043,10,2,1.5720026525820099,0.39601150775431065
peak_all,183,Channel 15,17.3747,8,2,1.0694839772648417,0.3393912568008892
peak_12,183,Channel 1,142.8251,1,1,0.7773576502960828,0.4453474968308894
peak_12,183,Channel 2,-23.0238,10,1,1.5720026525820099,0.4173016646040915
peak_12,183,Channel 3,-5.3672,8,1,1.0694839772648417,0.35980531420404427
peak_12,183,Channel 4,18.3511,6,1,0.8151476262789381,0.43855540906302654
peak_12,183,Channel 5,190.8412,3,1,0.6393360349785969,0.4095613309030608
peak_12,183,Channel 6,-17.0137,7,1,1.0219684659366937,0.37652407493808565
peak_12,183,Channel 7,10.7351,5,1,0.6264878891297666,0.40228468669435785
peak_12,183,Channel 8,-45.9794,9,1,1.1433695422226708,0.3541304847706878
peak_12,183,Channel 9,53.0771,0,1,1.2018708135344136,0.4117789094026622
peak_12,183,Channel 10,34.7364,4,1,0.7280321815879784,0.35132271601664034
peak_12,183,Channel 11,1.5989,11,1,1.72741573389369,0.4277999890665785
peak_12,183,Channel 12,36.5311,2,1,0.6775274322943186,0.37823334689576543
peak_12,183,Channel 13,66.7161,-1,0,,0.6551356046661109
peak_12,183,Channel 14,218.7163,-1,0,,0.6627490958490087
peak_12,183,Channel 15,36.4004,-1,0,,0.6384734191666018
unphased,184,Channel 1,-122.3982,-1,0,,0.6372274552025297
unphased,184,Channel 2,38.3425,-1,0,,0.6554427991871181
unphased,184,Channel 3,31.0867,-1,0,,0.6303922604547018
unphased,184,Channel 4,153.4575,-1,0,,0.7072172026016494
unphased,184,Channel 5,-46.2393,-1,0,,0.6041714610343216
unphased,184,Channel 6,-155.9995,-1,0,,0.6197595631300495
unphased,184,Channel 7,-34.0245,-1,0,,0.6619990272330155
unphased,184,Channel 8,-18.919,-1,0,,0.657673450663727
unphased,184,Channel 9,306.0201,-1,0,,0.6587895581449275
unphased,184,Channel 10,22.7706,-1,0,,0.6214501707807677
unphased,184,Channel 11,40.7347,-1,0,,0.680482131938239
unphased,184,Channel 12,-2.0773,-1,0,,0.6485352657640643
unphased,184,Channel 13,59.6629,-1,0,,0.6598328301987667
unphased,184,Channel 14,113.791,-1,0,,0.6477575023515024
unphased,184,Channel 15,60.3988,-1,0,,0.6592693213146241
peak_all,184,Channel 1,230.2664,4,2,0.8725622598260941,0.40800499950192437
peak_all,184,Channel 2,-20.5634,10,2,1.0087375430094072,0.34429767718295107
peak_all,184,Channel 3,21.8283,5,2,0.7721295009933106,0.37165666667077973
peak_all,184,Channel 4,54.914,6,1,0.7523637525275726,0.44244251919369476
peak_all,184,Channel 5,31.7943,0,1,1.1243740399409343,0.3987353103124718
peak_all,184,Channel 6,87.3902,2,1,1.0189830418887262,0.45098097728909764
peak_all,184,Channel 7,-22.1255,11,1,1.4027326486819118,0.37794242130146016
peak_all,184,Channel 8,-7.4801,7,1,0.8182759145260388,0.36460531030244914
peak_all,184,Channel 9,196.2072,3,1,0.9391308833514824,0.4930284487763078
peak_all,184,Channel 10,36.4092,8,1,1.2780130901128355,0.35331813672563167
peak_all,184,Channel 11,0.5035,9,1,0.9896851210638387,0.41286848888641814
peak_all,184,Channel 12,91.4157,1,1,1.0230122040778478,0.4568562632227273
peak_all,184,Channel 13,-93.8447,4,2,0.8725622598260941,0.39305588424827576
peak_all,184,Channel 14,34.8072,10,2,1.0087375430094072,0.31614174962283087
peak_all,184,Channel 15,1.4744,5,2,0.7721295009933106,0.45331749788809916
peak_12,184,Channel 1,93.4234,4,1,0.8725622598260941,0.40800499950192437
peak_12,184,Channel 2,-4.2668,10,1,1.0087375430094072,0.34429767718295107
peak_12,184,Channel 3,16.74,5,1,0.7721295009933106,0.37165666667077973
peak_12,184,Channel 4,36.4635,6,1,0.7523637525275726,0.44244251919369476
peak_12,184,Channel 5,-23.1372,0,1,1.1243740399409343,0.3987353103124718
peak_12,184,Channel 6,72.383,2,1,1.0189830418887262,0.45098097728909764
peak_12,184,Channel 7,-29.6961,11,1,1.4027326486819118,0.37794242130146016
peak_12,184,Channel 8,-15.9537,7,1,0.8182759145260388,0.36460531030244914
peak_12,184,Channel 9,154.4313,3,1,0.9391308833514824,0.4930284487763078
peak_12,184,Channel 10,21.5869,8,1,1.2780130901128355,0.35331813672563167
peak_12,184,Channel 11,-8.6464,9,1,0.9896851210638387,0.41286848888641814
peak_12,184,Channel 12,81.8136,1,1,1.0230122040778478,0.4568562632227273
peak_12,184,Channel 13,-17.8789,-1,0,,0.6598328301987667
peak_12,184,Channel 14,133.0774,-1,0,,0.6477575023515024
peak_12,184,Channel 15,53.5779,-1,0,,0.6592693213146241
unphased,185,Channel 1,66.9427,-1,0,,0.6527806949289987
unphased,185,Channel 2,-18.9926,-1,0,,0.6567695802044691
unphased,185,Channel 3,8.3294,-1,0,,0.6304490886583238
unphased,185,Channel 4,78.2096,-1,0,,0.6955591373553361
unphased,185,Channel 5,32.9711,-1,0,,0.6072186476818603
unphased,185,Channel 6,-103.7717,-1,0,,0.6334549408829041
unphased,185,Channel 7,25.4507,-1,0,,0.6738162081221635
unphased,185,Channel 8,-13.8628,-1,0,,0.6456820458046938
unphased,185,Channel 9,207.5619,-1,0,,0.6620912166254609
unphased,185,Channel 10,-26.2221,-1,0,,0.6160743523060901
unphased,185,Channel 11,108.5625,-1,0,,0.6880000989911028
unphased,185,Channel 12,23.0739,-1,0,,0.6448534630278426
unphased,185,Channel 13,94.7097,-1,0,,0.6558961485129509
unphased,185,Channel 14,92.0901,-1,0,,0.6498650514921513
unphased,185,Channel 15,23.5722,-1,0,,0.6374893254056516
peak_all,185,Channel 1,116.8139,9,2,1.3439439145025052,0.382511536114176
peak_all,185,Channel 2,-54.0984,8,2,1.4138933128453188,0.40932919495444814
peak_all,185,Channel 3,8.5105,2,2,0.5850936235871802,0.4098277371097267
peak_all,185,Channel 4,45.4133,6,1,0.6093888040471145,0.4169278380066318
peak_all,185,Channel 5,209.1534,5,1,0.8271098848737197,0.41930955520291135
peak_all,185,Channel 6,-31.6008,11,1,1.5926125679681307,0.3881097867515806
peak_all,185,Channel 7,53.419,3,1,0.6581379403711763,0.4764312543361838
peak_all,185,Channel 8,68.721,1,1,0.820266739758181,0.5095647342942194
peak_all,185,Channel 9,119.457,0,1,0.9729931376300728,0.3857229783415221
peak_all,185,Channel 10,24.7838,10,1,1.4134012246075836,0.34902570872856215
peak_all,185,Channel 11,58.8436,4,1,0.8631436526692494,0.4360592717131863
peak_all,185,Channel 12,19.8226,7,1,0.9000151971397682,0.3673305872995799
peak_all,185,Channel 13,-90.5556,9,2,1.3439439145025052,0.3923148368535074
peak_all,185,Channel 14,49.5269,8,2,1.4138933128453188,0.4143815718840555
peak_all,185,Channel 15,43.5391,2,2,0.5850936235871802,0.43686331659858935
peak_12,185,Channel 1,-4.6011,9,1,1.3439439145025052,0.382511536114176
peak_12,185,Channel 2,-28.5794,8,1,1.4138933128453188,0.40932919495444814
peak_12,185,Channel 3,32.5843,2,1,0.5850936235871802,0.4098277371097267
peak_12,185,Channel 4,30.9389,6,1,0.6093888040471145,0.4169278380066318
peak_12,185,Channel 5,145.3339,5,1,0.8271098848737197,0.41930955520291135
peak_12,185,Channel 6,-44.7769,11,1,1.5926125679681307,0.3881097867515806
peak_12,185,Channel 7,37.2902,3,1,0.6581379403711763,0.4764312543361838
peak_12,185,Channel 8,61.0735,1,1,0.820266739758181,0.5095647342942194
peak_12,185,Channel 9,70.2264,0,1,0.9729931376300728,0.3857229783415221
peak_12,185,Channel 10,9.5411,10,1,1.4134012246075836,0.34902570872856215
peak_12,185,Channel 11,43.3608,4,1,0.8631436526692494,0.4360592717131863
peak_12,185,Channel 12,6.4786,7,1,0.9000151971397682,0.3673305872995799
peak_12,185,Channel 13,101.1956,-1,0,,0.6558961485129509
peak_12,185,Channel 14,118.7463,-1,0,,0.6498650514921513
peak_12,185,Channel 15,48.0143,-1,0,,0.6374893254056516
unphased,186,Channel 1,11.6161,-1,0,,0.6507236794832771
unphased,186,Channel 2,-14.7303,-1,0,,0.6504682207503206
unphased,186,Channel 3,-14.9879,-1,0,,0.6268708879077587
unphased,186,Channel 4,72.779,-1,0,,0.678524116737322
unphased,186,Channel 5,-19.0268,-1,0,,0.6161954406626879
unphased,186,Channel 6,12.9221,-1,0,,0.6536492679758108
unphased,186,Channel 7,23.7394,-1,0,,0.6679367140973544
unphased,186,Channel 8,21.2162,-1,0,,0.6483109996979599
unphased,186,Channel 9,-13.1244,-1,0,,0.6555869867632649
unphased,186,Channel 10,-90.1711,-1,0,,0.6256810045490543
unphased,186,Channel 11,39.7595,-1,0,,0.6838649068521512
unphased,186,Channel 12,10.8751,-1,0,,0.6567603846893225
unphased,186,Channel 13,301.5326,-1,0,,0.6509837480176512
unphased,186,Channel 14,52.8438,-1,0,,0.6556108379620711
unphased,186,Channel 15,42.7103,-1,0,,0.6288328038539959
peak_all,186,Channel 1,-19.5484,11,2,1.8626750929393345,0.43221615414713693
peak_all,186,Channel 2,-13.9793,6,2,0.8288560035422095,0.3980069585302942
peak_all,186,Channel 3,-31.3531,4,2,0.8646084420053942,0.3843394577379696
peak_all,186,Channel 4,79.7407,3,1,0.7371723808353025,0.3949566583156509
peak_all,186,Channel 5,57.9801,7,1,0.8913582075359039,0.2871408040896508
peak_all,186,Channel 6,1.2276,0,1,0.7234139685083162,0.39377300723323827
peak_all,186,Channel 7,-3.6244,9,1,1.3946172522406723,0.4002725475126841
peak_all,186,Channel 8,3.2377,8,1,1.306516297175537,0.36675295677427733
peak_all,186,Channel 9,60.3505,10,1,1.495790802118616,0.42570373524576205
peak_all,186,Channel 10,42.6674,2,1,0.513475787296321,0.34360326125243806
peak_all,186,Channel 11,41.1797,5,1,0.8615728137139661,0.427497356516416
peak_all,186,Channel 12,41.1779,1,1,0.5199429520884286,0.38845923374762814
peak_all,186,Channel 13,-19.3197,11,2,1.8626750929393345,0.44213110690093477
peak_all,186,Channel 14,60.5848,6,2,0.8288560035422095,0.41944596502758835
peak_all,186,Channel 15,74.3455,4,2,0.8646084420053942,0.4222302281404925
peak_12,186,Channel 1,-98.3844,11,1,1.8626750929393345,0.43221615414713693
peak_12,186,Channel 2,0.3021,6,1,0.8288560035422095,0.3980069585302942
peak_12,186,Channel 3,0.092,4,1,0.8646084420053942,0.3843394577379696
peak_12,186,Channel 4,43.1214,3,1,0.7371723808353025,0.3949566583156509
peak_12,186,Channel 5,-10.0923,7,1,0.8913582075359039,0.2871408040896508
peak_12,186,Channel 6,-44.7315,0,1,0.7234139685083162,0.39377300723323827
peak_12,186,Channel 7,-24.4015,9,1,1.3946172522406723,0.4002725475126841
peak_12,186,Channel 8,-17.3667,8,1,1.306516297175537,0.36675295677427733
peak_12,186,Channel 9,-25.3348,10,1,1.495790802118616,0.42570373524576205
peak_12,186,Channel 10,14.4004,2,1,0.513475787296321,0.34360326125243806
peak_12,186,Channel 11,16.5442,5,1,0.8615728137139661,0.427497356516416
peak_12,186,Channel 12,7.081,1,1,0.5199429520884286,0.38845923374762814
peak_12,186,Channel 13,383.2488,-1,0,,0.6509837480176512
peak_12,186,Channel 14,143.7928,-1,0,,0.6556108379620711
peak_12,186,Channel 15,87.5853,-1,0,,0.6288328038539959
unphased,187,Channel 1,-54.0877,-1,0,,0.653631225739274
unphased,187,Channel 2,-66.613,-1,0,,0.6554811591890944
unphased,187,Channel 3,12.2429,-1,0,,0.611885218706682
unphased,187,Channel 4,45.0554,-1,0,,0.6474978645185068
unphased,187,Channel 5,170.6885,-1,0,,0.6199050552398754
unphased,187,Channel 6,-11.5502,-1,0,,0.6529890578864969
unphased,187,Channel 7,64.6748,-1,0,,0.6806028136207019
unphased,187,Channel 8,-57.932,-1,0,,0.634374782740741
unphased,187,Channel 9,131.6755,-1,0,,0.6503708870884771
unphased,187,Channel 10,73.9098,-1,0,,0.6539328875911162
unphased,187,Channel 11,6.6743,-1,0,,0.6779663660680536
unphased,187,Channel 12,84.6985,-1,0,,0.6473210805537495
unphased,187,Channel 13,47.8243,-1,0,,0.6619015680695031
unphased,187,Channel 14,31.7902,-1,0,,0.6676704260812067
unphased,187,Channel 15,25.5833,-1,0,,0.634469606906522
peak_all,187,Channel 1,-31.9185,7,2,1.1328287659564085,0.39798542830056854
peak_all,187,Channel 2,-24.3241,6,2,0.9641287742141778,0.415522185617722
peak_all,187,Channel 3,-15.5587,0,2,0.49500292721200245,0.2614135376066412
peak_all,187,Channel 4,30.3026,10,1,1.7805661269555335,0.46504191432480957
peak_all,187,Channel 5,125.7793,4,1,0.7724706270929849,0.34175145525600337
peak_all,187,Channel 6,46.4074,11,1,1.970632130191421,0.45952755770683446
peak_all,187,Channel 7,25.2576,3,1,0.38729927868550745,0.42833422093985
peak_all,187,Channel 8,16.2915,5,1,0.7847103703785716,0.39407313885925865
peak_all,187,Channel 9,40.3174,8,1,1.6556111823665676,0.43193544969235154
peak_all,187,Channel 10,39.0269,9,1,1.6925198313947039,0.4363724442563299
peak_all,187,Channel 11,10.0157,1,1,0.16430138412182518,0.39998128117902365
peak_all,187,Channel 12,9.418,2,1,0.19992860143029564,0.2682741419547084
peak_all,187,Channel 13,135.2938,7,2,1.1328287659564085,0.41559647137380956
peak_all,187,Channel 14,86.1641,6,2,0.9641287742141778,0.44145778435610805
peak_all,187,Channel 15,10.1721,0,2,0.49500292721200245,0.2841280819356778
peak_12,187,Channel 1,49.9322,7,1,1.1328287659564085,0.39798542830056854
peak_12,187,Channel 2,14.5456,6,1,0.9641287742141778,0.415522185617722
peak_12,187,Channel 3,-22.2879,0,1,0.49500292721200245,0.2614135376066412
peak_12,187,Channel 4,12.6988,10,1,1.7805661269555335,0.46504191432480957
peak_12,187,Channel 5,57.5116,4,1,0.7724706270929849,0.34175145525600337
peak_12,187,Channel 6,21.1826,11,1,1.970632130191421,0.45952755770683446
peak_12,187,Channel 7,2.7678,3,1,0.38729927868550745,0.42833422093985
peak_12,187,Channel 8,5.4418,5,1,0.7847103703785716,0.39407313885925865
peak_12,187,Channel 9,-19.2273,8,1,1.6556111823665676,0.43193544969235154
peak_12,187,Channel 10,14.7338,9,1,1.6925198313947039,0.4363724442563299
peak_12,187,Channel 11,-16.5972,1,1,0.16430138412182518,0.39998128117902365
peak_12,187,Channel 12,-6.5701,2,1,0.19992860143029564,0.2682741419547084
peak_12,187,Channel 13,345.5445,-1,0,,0.6619015680695031
peak_12,187,Channel 14,65.8281,-1,0,,0.6676704260812067
peak_12,187,Channel 15,65.3965,-1,0,,0.634469606906522
unphased,188,Channel 1,-278.208,-1,0,,0.6333356061209667
unphased,188,Channel 2,40.7409,-1,0,,0.6618904768121381
unphased,188,Channel 3,1.3957,-1,0,,0.6258859826470371
unphased,188,Channel 4,42.0153,-1,0,,0.6729473569596568
unphased,188,Channel 5,-98.0399,-1,0,,0.6153359862608035
unphased,188,Channel 6,5.5953,-1,0,,0.6613948029473763
unphased,188,Channel 7,54.6667,-1,0,,0.668090194883585
unphased,188,Channel 8,-68.8259,-1,0,,0.6441939896610053
unphased,188,Channel 9,144.0604,-1,0,,0.6502772530060819
unphased,188,Channel 10,38.5597,-1,0,,0.6418190745845987
unphased,188,Channel 11,32.2546,-1,0,,0.6757415801150102
unphased,188,Channel 12,36.36,-1,0,,0.6452827216880748
unphased,188,Channel 13,205.224,-1,0,,0.6548282748123894
unphased,188,Channel 14,181.1171,-1,0,,0.6648303182108073
unphased,188,Channel 15,25.2497,-1,0,,0.6341463812904682
peak_all,188,Channel 1,-128.431,10,2,1.5310790997075905,0.3954314764055163
peak_all,188,Channel 2,-96.9735,8,2,1.5095140651559262,0.43138885241188324
peak_all,188,Channel 3,-15.6501,3,2,0.8374943641200632,0.4378659695366171
peak_all,188,Channel 4,27.7879,2,1,0.25831860607483786,0.33378013011182056
peak_all,188,Channel 5,0.0443,5,1,0.9113225222294926,0.42747760036853016
peak_all,188,Channel 6,-35.5738,0,1,0.48304724805972804,0.36344754316777184
peak_all,188,Channel 7,33.2652,1,1,-0.015412138970138614,0.4025884551114209
peak_all,188,Channel 8,21.1876,6,1,0.921779476795693,0.41295222079580907
peak_all,188,Channel 9,166.0001,4,1,1.0384219876988854,0.4449285400160668
peak_all,188,Channel 10,42.2198,11,1,1.9507605035473377,0.43341738774907845
peak_all,188,Channel 11,55.5943,7,1,1.09369058308145,0.39340912118342164
peak_all,188,Channel 12,19.2026,9,1,1.4799836824991333,0.3780069754655046
peak_all,188,Channel 13,182.103,10,2,1.5310790997075905,0.4128245088105622
peak_all,188,Channel 14,136.5196,8,2,1.5095140651559262,0.44201141155688856
peak_all,188,Channel 15,53.5461,3,2,0.8374943641200632,0.42040443917712844
peak_12,188,Channel 1,-85.3861,10,1,1.5310790997075905,0.3954314764055163
peak_12,188,Channel 2,-24.2205,8,1,1.5095140651559262,0.43138885241188324
peak_12,188,Channel 3,-0.3387,3,1,0.8374943641200632,0.4378659695366171
peak_12,188,Channel 4,-5.7138,2,1,0.25831860607483786,0.33378013011182056
peak_12,188,Channel 5,-91.3087,5,1,0.9113225222294926,0.42747760036853016
peak_12,188,Channel 6,-95.3109,0,1,0.48304724805972804,0.36344754316777184
peak_12,188,Channel 7,-5.1504,1,1,-0.015412138970138614,0.4025884551114209
peak_12,188,Channel 8,-12.6632,6,1,0.921779476795693,0.41295222079580907
peak_12,188,Channel 9,24.7511,4,1,1.0384219876988854,0.4449285400160668
peak_12,188,Channel 10,15.0452,11,1,1.9507605035473377,0.43341738774907845
peak_12,188,Channel 11,34.535,7,1,1.09369058308145,0.39340912118342164
peak_12,188,Channel 12,-18.9296,9,1,1.4799836824991333,0.3780069754655046
peak_12,188,Channel 13,449.8873,-1,0,,0.6548282748123894
peak_12,188,Channel 14,256.9453,-1,0,,0.6648303182108073
peak_12,188,Channel 15,89.2108,-1,0,,0.6341463812904682
unphased,189,Channel 1,472.6449,-1,0,,0.6887345751223021
unphased,189,Channel 2,102.3431,-1,0,,0.6900390267951806
unphased,189,Channel 3,-32.1332,-1,0,,0.5844846369703013
unphased,189,Channel 4,109.0764,-1,0,,0.6817453179838345
unphased,189,Channel 5,282.6581,-1,0,,0.6193873724803696
unphased,189,Channel 6,11.0809,-1,0,,0.6758594212286169
unphased,189,Channel 7,48.4778,-1,0,,0.6726658576189113
unphased,189,Channel 8,-63.6885,-1,0,,0.5755282559609226
unphased,189,Channel 9,18.7665,-1,0,,0.6558907471953815
unphased,189,Channel 10,-130.1485,-1,0,,0.6114973373776356
unphased,189,Channel 11,67.0105,-1,0,,0.6751026622313304
unphased,189,Channel 12,9.6504,-1,0,,0.6763986179117347
unphased,189,Channel 13,-147.4682,-1,0,,0.6487058798437864
unphased,189,Channel 14,-62.5736,-1,0,,0.6379218219019648
unphased,189,Channel 15,18.688,-1,0,,0.6560384693777305
peak_all,189,Channel 1,316.6173,11,2,4.180122191238604,0.4895402364188086
peak_all,189,Channel 2,112.1499,5,2,-0.67307787039519,0.4423629028365679
peak_all,189,Channel 3,-10.5227,8,2,2.728999622725362,0.414691381723183
peak_all,189,Channel 4,81.2416,0,1,2.180580645421661,0.4928065711291332
peak_all,189,Channel 5,139.2824,4,1,-0.29403276905915215,0.3001521519158429
peak_all,189,Channel 6,62.7745,9,1,4.013439734836438,0.5214355611943694
peak_all,189,Channel 7,40.9021,10,1,4.366474518982907,0.54866191509187
peak_all,189,Channel 8,9.5896,3,1,-1.2060939998238343,0.2678055335753387
peak_all,189,Channel 9,-49.1186,7,1,-0.8716727594499706,0.2637527135489534
peak_all,189,Channel 10,42.1943,1,1,0.31030653400801295,0.4296857988450077
peak_all,189,Channel 11,-1.9756,6,1,-1.8758268674460354,0.32572866868192973
peak_all,189,Channel 12,0.7714,2,1,-0.8592189810388019,0.30569267086683166
peak_all,189,Channel 13,-248.3632,11,2,4.180122191238604,0.47887201834279575
peak_all,189,Channel 14,-67.5577,5,2,-0.67307787039519,0.34440749362201656
peak_all,189,Channel 15,37.303,8,2,2.728999622725362,0.4216344050487151
peak_12,189,Channel 1,118.7384,11,1,4.180122191238604,0.4895402364188086
peak_12,189,Channel 2,53.0728,5,1,-0.67307787039519,0.4423629028365679
peak_12,189,Channel 3,26.4268,8,1,2.728999622725362,0.414691381723183
peak_12,189,Channel 4,85.2336,0,1,2.180580645421661,0.4928065711291332
peak_12,189,Channel 5,131.3304,4,1,-0.29403276905915215,0.3001521519158429
peak_12,189,Channel 6,76.9209,9,1,4.013439734836438,0.5214355611943694
peak_12,189,Channel 7,44.5808,10,1,4.366474518982907,0.54866191509187
peak_12,189,Channel 8,11.2359,3,1,-1.2060939998238343,0.2678055335753387
peak_12,189,Channel 9,-32.3199,7,1,-0.8716727594499706,0.2637527135489534
peak_12,189,Channel 10,59.2569,1,1,0.31030653400801295,0.4296857988450077
peak_12,189,Channel 11,2.5349,6,1,-1.8758268674460354,0.32572866868192973
peak_12,189,Channel 12,5.0435,2,1,-0.8592189810388019,0.30569267086683166
peak_12,189,Channel 13,-153.4001,-1,0,,0.6487058798437864
peak_12,189,Channel 14,-45.4623,-1,0,,0.6379218219019648
peak_12,189,Channel 15,16.5324,-1,0,,0.6560384693777305
unphased,190,Channel 1,545.724,-1,0,,0.6622638639743967
unphased,190,Channel 2,1.3318,-1,0,,0.6470273809396152
unphased,190,Channel 3,-18.9544,-1,0,,0.6250641289614108
unphased,190,Channel 4,110.3394,-1,0,,0.6983428063311319
unphased,190,Channel 5,230.5418,-1,0,,0.6304473487041539
unphased,190,Channel 6,48.8607,-1,0,,0.6747608668951166
unphased,190,Channel 7,23.3313,-1,0,,0.6661571455097315
unphased,190,Channel 8,20.948,-1,0,,0.6512153419894836
unphased,190,Channel 9,-147.4639,-1,0,,0.6573506748281964
unphased,190,Channel 10,36.5229,-1,0,,0.6156158184815536
unphased,190,Channel 11,-12.3954,-1,0,,0.6778923817150649
unphased,190,Channel 12,-57.0802,-1,0,,0.6405890974015815
unphased,190,Channel 13,-204.4495,-1,0,,0.6229121952343157
unphased,190,Channel 14,103.8878,-1,0,,0.6470534125704587
unphased,190,Channel 15,-28.1894,-1,0,,0.6333075364637922
peak_all,190,Channel 1,315.7286,4,2,-0.23887757021128192,0.2960079425672684
peak_all,190,Channel 2,-51.8032,9,2,1.6008971651813224,0.3889981585116968
peak_all,190,Channel 3,31.8591,3,2,0.42652305716513617,0.4083267576482705
peak_all,190,Channel 4,-2.421,0,1,0.7046283075645701,0.42282615479472613
peak_all,190,Channel 5,109.6355,2,1,0.7311082707406406,0.41818143607104213
peak_all,190,Channel 6,61.5489,6,1,0.9184852675609377,0.4875510496348365
peak_all,190,Channel 7,20.2852,10,1,1.9918883456668273,0.4611806295693697
peak_all,190,Channel 8,27.2758,5,1,0.2730220964690794,0.36932949191827336
peak_all,190,Channel 9,119.4625,7,1,1.8401010739661654,0.4728374671396653
peak_all,190,Channel 10,91.8405,1,1,0.3828701480541672,0.41173407276840723
peak_all,190,Channel 11,12.4268,8,1,1.6445294192042514,0.4526887579124281
peak_all,190,Channel 12,-3.6797,11,1,1.7248244186381847,0.35512141620487353
peak_all,190,Channel 13,-351.6599,4,2,-0.23887757021128192,0.24112091043464598
peak_all,190,Channel 14,125.2986,9,2,1.6008971651813224,0.38777946260906915
peak_all,190,Channel 15,-6.4265,3,2,0.42652305716513617,0.3897125880951086
peak_12,190,Channel 1,-82.6991,4,1,-0.23887757021128192,0.2960079425672684
peak_12,190,Channel 2,47.2792,9,1,1.6008971651813224,0.3889981585116968
peak_12,190,Channel 3,18.3021,3,1,0.42652305716513617,0.4083267576482705
peak_12,190,Channel 4,-4.8399,0,1,0.7046283075645701,0.42282615479472613
peak_12,190,Channel 5,78.9765,2,1,0.7311082707406406,0.41818143607104213
peak_12,190,Channel 6,38.5977,6,1,0.9184852675609377,0.4875510496348365
peak_12,190,Channel 7,13.8827,10,1,1.9918883456668273,0.4611806295693697
peak_12,190,Channel 8,26.5415,5,1,0.2730220964690794,0.36932949191827336
peak_12,190,Channel 9,96.5516,7,1,1.8401010739661654,0.4728374671396653
peak_12,190,Channel 10,82.4068,1,1,0.3828701480541672,0.41173407276840723
peak_12,190,Channel 11,6.9037,8,1,1.6445294192042514,0.4526887579124281
peak_12,190,Channel 12,-8.7821,11,1,1.7248244186381847,0.35512141620487353
peak_12,190,Channel 13,-119.567,-1,0,,0.6229121952343157
peak_12,190,Channel 14,202.5842,-1,0,,0.6470534125704587
peak_12,190,Channel 15,4.3272,-1,0,,0.6333075364637922
unphased,191,Channel 1,-289.8283,-1,0,,0.6491344126602094
unphased,191,Channel 2,50.4311,-1,0,,0.6568677055984543
unphased,191,Channel 3,-42.1287,-1,0,,0.6173288264914037
unphased,191,Channel 4,37.2396,-1,0,,0.6862555123818971
unphased,191,Channel 5,13.9886,-1,0,,0.6219549270116804
unphased,191,Channel 6,-45.3167,-1,0,,0.652704754836314
unphased,191,Channel 7,29.877,-1,0,,0.6695752420481451
unphased,191,Channel 8,-51.0854,-1,0,,0.65465410944036
unphased,191,Channel 9,169.0998,-1,0,,0.651064897201672
unphased,191,Channel 10,92.8965,-1,0,,0.6463694322491548
unphased,191,Channel 11,59.4386,-1,0,,0.6787028962995169
unphased,191,Channel 12,61.1225,-1,0,,0.6387269503979234
unphased,191,Channel 13,-56.3716,-1,0,,0.6478307269379378
unphased,191,Channel 14,214.4557,-1,0,,0.6558124233426098
unphased,191,Channel 15,15.0374,-1,0,,0.6230171831027231
peak_all,191,Channel 1,126.3907,6,2,1.1123990146776337,0.4807984295117545
peak_all,191,Channel 2,-68.1113,1,2,0.19751914442792884,0.39203652698665126
peak_all,191,Channel 3,-0.2987,10,2,1.5624847005799025,0.41241747366874465
peak_all,191,Channel 4,-26.9657,0,1,0.41709704362251443,0.3629352665334672
peak_all,191,Channel 5,111.9242,4,1,0.6509583670554638,0.3277238420286175
peak_all,191,Channel 6,-18.2466,11,1,1.886055968311355,0.44486476496186267
peak_all,191,Channel 7,33.4408,2,1,0.3496992080980618,0.4059089614489374
peak_all,191,Channel 8,-9.8241,7,1,1.1682568244858897,0.4077463628371979
peak_all,191,Channel 9,139.1298,5,1,0.8817768364271918,0.520062446505134
peak_all,191,Channel 10,35.3141,8,1,1.5466468973201506,0.398779142087473
peak_all,191,Channel 11,23.4961,3,1,0.5376841523714295,0.4604552726733455
peak_all,191,Channel 12,28.8402,9,1,1.68942184262248,0.4010692034775744
peak_all,191,Channel 13,104.435,6,2,1.1123990146776337,0.47073035967635307
peak_all,191,Channel 14,131.1316,1,2,0.19751914442792884,0.4080156624208383
peak_all,191,Channel 15,6.6651,10,2,1.5624847005799025,0.4166356253187188
peak_12,191,Channel 1,152.2864,6,1,1.1123990146776337,0.4807984295117545
peak_12,191,Channel 2,19.0982,1,1,0.19751914442792884,0.39203652698665126
peak_12,191,Channel 3,-7.2971,10,1,1.5624847005799025,0.41241747366874465
peak_12,191,Channel 4,-47.887,0,1,0.41709704362251443,0.3629352665334672
peak_12,191,Channel 5,63.4421,4,1,0.6509583670554638,0.3277238420286175
peak_12,191,Channel 6,-33.7872,11,1,1.886055968311355,0.44486476496186267
peak_12,191,Channel 7,19.1124,2,1,0.3496992080980618,0.4059089614489374
peak_12,191,Channel 8,-20.8201,7,1,1.1682568244858897,0.4077463628371979
peak_12,191,Channel 9,121.3481,5,1,0.8817768364271918,0.520062446505134
peak_12,191,Channel 10,23.1501,8,1,1.5466468973201506,0.398779142087473
peak_12,191,Channel 11,14.7689,3,1,0.5376841523714295,0.4604552726733455
peak_12,191,Channel 12,10.1414,9,1,1.68942184262248,0.4010692034775744
peak_12,191,Channel 13,19.0262,-1,0,,0.6478307269379378
peak_12,191,Channel 14,220.0126,-1,0,,0.6558124233426098
peak_12,191,Channel 15,20.6203,-1,0,,0.6230171831027231
unphased,192,Channel 1,-115.873,-1,0,,0.6500355450382269
unphased,192,Channel 2,2.1048,-1,0,,0.6568045148516466
unphased,192,Channel 3,25.8694,-1,0,,0.6250722296378287
unphased,192,Channel 4,64.9874,-1,0,,0.672191766956959
unphased,192,Channel 5,-141.4887,-1,0,,0.6151694814358336
unphased,192,Channel 6,-66.9119,-1,0,,0.6278559816454611
unphased,192,Channel 7,11.2286,-1,0,,0.6833359415045052
unphased,192,Channel 8,-64.1029,-1,0,,0.6135317181199077
unphased,192,Channel 9,241.56,-1,0,,0.6784120833632732
unphased,192,Channel 10,-60.7313,-1,0,,0.6046663941280801
unphased,192,Channel 11,53.0711,-1,0,,0.6850978532499918
unphased,192,Channel 12,134.7899,-1,0,,0.6770262539607079
unphased,192,Channel 13,645.3283,-1,0,,0.7047022764658257
unphased,192,Channel 14,-31.2264,-1,0,,0.6371155448931235
unphased,192,Channel 15,-21.2605,-1,0,,0.618982414748633
peak_all,192,Channel 1,-192.2352,10,2,2.5042824587735666,0.43228138862269033
peak_all,192,Channel 2,-21.842,7,2,-1.1003120766552685,0.231052343704639
peak_all,192,Channel 3,65.6335,4,2,2.369418828042419,0.5038850966042696
peak_all,192,Channel 4,57.56,3,1,0.6229334731064332,0.4083230210971332
peak_all,192,Channel 5,174.2634,0,1,2.1573243580430677,0.4599679019868513
peak_all,192,Channel 6,35.869,2,1,0.21001343639280642,0.39536483933550176
peak_all,192,Channel 7,-29.25,8,1,-0.6393191371178101,0.2648900552892947
peak_all,192,Channel 8,45.7593,5,1,0.6698949331918925,0.40046737761204154
peak_all,192,Channel 9,321.1924,1,1,1.4328204296070413,0.5646334821772554
peak_all,192,Channel 10,30.7482,11,1,3.191699374839885,0.4255867960058763
peak_all,192,Channel 11,12.3514,9,1,1.4262264108449498,0.44137043689356115
peak_all,192,Channel 12,16.401,6,1,-0.8449824890689827,0.3375945198802595
peak_all,192,Channel 13,326.6438,10,2,2.5042824587735666,0.46782408209352366
peak_all,192,Channel 14,-43.6793,7,2,-1.1003120766552685,0.20544264061140444
peak_all,192,Channel 15,4.1348,4,2,2.369418828042419,0.5359305709760309
peak_12,192,Channel 1,75.3658,10,1,2.5042824587735666,0.43228138862269033
peak_12,192,Channel 2,-70.7218,7,1,-1.1003120766552685,0.231052343704639
peak_12,192,Channel 3,65.0268,4,1,2.369418828042419,0.5038850966042696
peak_12,192,Channel 4,50.718,3,1,0.6229334731064332,0.4083230210971332
peak_12,192,Channel 5,143.893,0,1,2.1573243580430677,0.4599679019868513
peak_12,192,Channel 6,32.0467,2,1,0.21001343639280642,0.39536483933550176
peak_12,192,Channel 7,-31.1951,8,1,-0.6393191371178101,0.2648900552892947
peak_12,192,Channel 8,32.1221,5,1,0.6698949331918925,0.40046737761204154
peak_12,192,Channel 9,290.8195,1,1,1.4328204296070413,0.5646334821772554
peak_12,192,Channel 10,27.5315,11,1,3.191699374839885,0.4255867960058763
peak_12,192,Channel 11,2.3048,9,1,1.4262264108449498,0.44137043689356115
peak_12,192,Channel 12,14.0051,6,1,-0.8449824890689827,0.3375945198802595
peak_12,192,Channel 13,412.9502,-1,0,,0.7047022764658257
peak_12,192,Channel 14,-9.3233,-1,0,,0.6371155448931235
peak_12,192,Channel 15,-40.7588,-1,0,,0.618982414748633
unphased,193,Channel 1,274.1052,-1,0,,0.6418963015047433
unphased,193,Channel 2,37.5207,-1,0,,0.6514501137415069
unphased,193,Channel 3,11.9686,-1,0,,0.6415763237140569
unphased,193,Channel 4,91.9099,-1,0,,0.7066436884990993
unphased,193,Channel 5,-159.8642,-1,0,,0.5945163698523209
unphased,193,Channel 6,-21.5502,-1,0,,0.6540590637960925
unphased,193,Channel 7,39.6808,-1,0,,0.6775210258717479
unphased,193,Channel 8,-117.4657,-1,0,,0.631487462589432
unphased,193,Channel 9,-131.8284,-1,0,,0.628719515085723
unphased,193,Channel 10,75.661,-1,0,,0.6725799398510273
unphased,193,Channel 11,96.0974,-1,0,,0.7081998228872446
unphased,193,Channel 12,6.9021,-1,0,,0.6396206179458426
unphased,193,Channel 13,365.0751,-1,0,,0.6589253391155165
unphased,193,Channel 14,66.8735,-1,0,,0.6528688262153344
unphased,193,Channel 15,-70.9239,-1,0,,0.589935589330316
peak_all,193,Channel 1,114.1505,4,2,1.0508281376437643,0.4225724638586355
peak_all,193,Channel 2,-6.4176,11,2,3.443307544849225,0.5004934415533577
peak_all,193,Channel 3,24.2255,6,2,0.7137881230750834,0.44387749007795
peak_all,193,Channel 4,61.2765,3,1,0.7095834063429443,0.42556873179376176
peak_all,193,Channel 5,83.3157,9,1,2.091969149480757,0.3998151246617265
peak_all,193,Channel 6,-22.1308,8,1,0.8406622247000124,0.36809233644257056
peak_all,193,Channel 7,47.8031,5,1,1.0864867861401022,0.4575350719365529
peak_all,193,Channel 8,30.0387,2,1,-0.17186256277230497,0.30356569314565435
peak_all,193,Channel 9,124.6835,10,1,3.076389599382125,0.5027547046391971
peak_all,193,Channel 10,-30.8365,0,1,-0.28727130731835576,0.3602788104863793
peak_all,193,Channel 11,26.1141,1,1,-0.8180964234665826,0.4128313786207637
peak_all,193,Channel 12,13.0336,7,1,0.26421532194322744,0.3070799918622145
peak_all,193,Channel 13,41.048,4,2,1.0508281376437643,0.4040417445443589
peak_all,193,Channel 14,56.8774,11,2,3.443307544849225,0.5008154008731088
peak_all,193,Channel 15,-3.9559,6,2,0.7137881230750834,0.36261384817441117
peak_12,193,Channel 1,88.4303,4,1,1.0508281376437643,0.4225724638586355
peak_12,193,Channel 2,35.2446,11,1,3.443307544849225,0.5004934415533577
peak_12,193,Channel 3,13.7905,6,1,0.7137881230750834,0.44387749007795
peak_12,193,Channel 4,45.1395,3,1,0.7095834063429443,0.42556873179376176
peak_12,193,Channel 5,25.4208,9,1,2.091969149480757,0.3998151246617265
peak_12,193,Channel 6,-35.6364,8,1,0.8406622247000124,0.36809233644257056
peak_12,193,Channel 7,38.9841,5,1,1.0864867861401022,0.4575350719365529
peak_12,193,Channel 8,20.0953,2,1,-0.17186256277230497,0.30356569314565435
peak_12,193,Channel 9,88.2787,10,1,3.076389599382125,0.5027547046391971
peak_12,193,Channel 10,-44.1892,0,1,-0.28727130731835576,0.3602788104863793
peak_12,193,Channel 11,12.8923,1,1,-0.8180964234665826,0.4128313786207637
peak_12,193,Channel 12,1.8315,7,1,0.26421532194322744,0.3070799918622145
peak_12,193,Channel 13,315.2294,-1,0,,0.6589253391155165
peak_12,193,Channel 14,86.5921,-1,0,,0.6528688262153344
peak_12,193,Channel 15,-26.9231,-1,0,,0.589935589330316
unphased,194,Channel 1,-56.4544,-1,0,,0.6439047777319928
unphased,194,Channel 2,66.7772,-1,0,,0.6574366240572236
unphased,194,Channel 3,6.7029,-1,0,,0.6317639650180573
unphased,194,Channel 4,26.6734,-1,0,,0.685619937955288
unphased,194,Channel 5,-35.0971,-1,0,,0.6151251209942076
unphased,194,Channel 6,18.1371,-1,0,,0.6451006207867876
unphased,194,Channel 7,-12.5891,-1,0,,0.6687187775449087
unphased,194,Channel 8,57.2161,-1,0,,0.6474451626450222
unphased,194,Channel 9,180.0454,-1,0,,0.6518560010165534
unphased,194,Channel 10,65.0713,-1,0,,0.6379693880605909
unphased,194,Channel 11,28.8269,-1,0,,0.6848774016283351
unphased,194,Channel 12,13.1081,-1,0,,0.6381905702798042
unphased,194,Channel 13,-106.7252,-1,0,,0.6465297262070824
unphased,194,Channel 14,129.9811,-1,0,,0.6624143109181607
unphased,194,Channel 15,-13.6386,-1,0,,0.6330476151559851
peak_all,194,Channel 1,90.6391,4,2,0.6806301117841815,0.3722255754346049
peak_all,194,Channel 2,15.6742,5,2,0.8740344674747539,0.4886425140477663
peak_all,194,Channel 3,33.1382,11,2,1.6291137050726126,0.42560326063752557
peak_all,194,Channel 4,57.7505,6,1,1.009381303536771,0.4535205067423654
peak_all,194,Channel 5,11.4873,9,1,1.3966547774930804,0.38887855757012013
peak_all,194,Channel 6,72.3621,2,1,0.5909964103423252,0.3944307865407575
peak_all,194,Channel 7,17.9577,10,1,1.4308716227168479,0.4225151731559919
peak_all,194,Channel 8,67.374,1,1,0.4732490413099322,0.45844993556428976
peak_all,194,Channel 9,108.2775,3,1,0.6122489144118248,0.43864752362146825
peak_all,194,Channel 10,-6.5158,8,1,1.4471892932444006,0.3858234007374377
peak_all,194,Channel 11,15.8279,7,1,1.242988432238628,0.42571607276912116
peak_all,194,Channel 12,0.1268,0,1,0.6126419203746399,0.3434291710143364
peak_all,194,Channel 13,-85.6405,4,2,0.6806301117841815,0.34367424331245566
peak_all,194,Channel 14,25.7316,5,2,0.8740344674747539,0.43274131189466164
peak_all,194,Channel 15,-9.0318,11,2,1.6291137050726126,0.4007466676246824
peak_12,194,Channel 1,-30.9819,4,1,0.6806301117841815,0.3722255754346049
peak_12,194,Channel 2,27.1785,5,1,0.8740344674747539,0.4886425140477663
peak_12,194,Channel 3,20.417,11,1,1.6291137050726126,0.42560326063752557
peak_12,194,Channel 4,45.6841,6,1,1.009381303536771,0.4535205067423654
peak_12,194,Channel 5,-25.2223,9,1,1.3966547774930804,0.38887855757012013
peak_12,194,Channel 6,58.5116,2,1,0.5909964103423252,0.3944307865407575
peak_12,194,Channel 7,9.7261,10,1,1.4308716227168479,0.4225151731559919
peak_12,194,Channel 8,57.5553,1,1,0.4732490413099322,0.45844993556428976
peak_12,194,Channel 9,69.1712,3,1,0.6122489144118248,0.43864752362146825
peak_12,194,Channel 10,-14.3407,8,1,1.4471892932444006,0.3858234007374377
peak_12,194,Channel 11,10.9975,7,1,1.242988432238628,0.42571607276912116
peak_12,194,Channel 12,-12.232,0,1,0.6126419203746399,0.3434291710143364
peak_12,194,Channel 13,22.5603,-1,0,,0.6465297262070824
peak_12,194,Channel 14,153.345,-1,0,,0.6624143109181607
peak_12,194,Channel 15,0.2465,-1,0,,0.6330476151559851
unphased,195,Channel 1,-15.8602,-1,0,,0.6537934795785395
unphased,195,Channel 2,52.3644,-1,0,,0.6608128383345189
unphased,195,Channel 3,12.2127,-1,0,,0.6261870457142317
unphased,195,Channel 4,91.1615,-1,0,,0.6777280066560281
unphased,195,Channel 5,-25.8203,-1,0,,0.6061805974471259
unphased,195,Channel 6,-19.1588,-1,0,,0.6499484990313881
unphased,195,Channel 7,81.6922,-1,0,,0.6801646327263603
unphased,195,Channel 8,-57.318,-1,0,,0.6319661556235261
unphased,195,Channel 9,7.4996,-1,0,,0.6362435814549745
unphased,195,Channel 10,169.146,-1,0,,0.6563178098247261
unphased,195,Channel 11,74.7693,-1,0,,0.6947787482615501
unphased,195,Channel 12,22.6733,-1,0,,0.6413327242636069
unphased,195,Channel 13,-138.2954,-1,0,,0.6486606311614488
unphased,195,Channel 14,20.5196,-1,0,,0.6618697294768812
unphased,195,Channel 15,-7.5499,-1,0,,0.6240155204450963
peak_all,195,Channel 1,46.2645,8,2,1.6252831532491854,0.43870583787417927
peak_all,195,Channel 2,10.6058,3,2,0.33167667459212674,0.42217361625569594
peak_all,195,Channel 3,36.2775,6,2,1.0933639443085021,0.4637032617484994
peak_all,195,Channel 4,64.12,10,1,1.8798255264133161,0.49201575823107463
peak_all,195,Channel 5,19.5638,11,1,1.989834014088729,0.407480866247419
peak_all,195,Channel 6,5.5045,2,1,0.32652175758038127,0.3549416815341793
peak_all,195,Channel 7,38.4071,7,1,1.1719593844777771,0.40612194348783454
peak_all,195,Channel 8,56.1734,5,1,1.044404419914717,0.42778544856184425
peak_all,195,Channel 9,97.0652,4,1,0.7064482820289439,0.38022395595491737
peak_all,195,Channel 10,51.1509,1,1,-0.02949560977619627,0.36044882052301136
peak_all,195,Channel 11,-16.5646,0,1,0.13152380941527936,0.3684056527002758
peak_all,195,Channel 12,26.3304,9,1,1.7286546437072372,0.4057754280285861
peak_all,195,Channel 13,-35.6285,8,2,1.6252831532491854,0.433409477363275
peak_all,195,Channel 14,-37.1089,3,2,0.33167667459212674,0.3760098496183014
peak_all,195,Channel 15,24.6023,6,2,1.0933639443085021,0.4178829961707384
peak_12,195,Channel 1,-20.2834,8,1,1.6252831532491854,0.43870583787417927
peak_12,195,Channel 2,-41.2264,3,1,0.33167667459212674,0.42217361625569594
peak_12,195,Channel 3,50.7724,6,1,1.0933639443085021,0.4637032617484994
peak_12,195,Channel 4,52.5159,10,1,1.8798255264133161,0.49201575823107463
peak_12,195,Channel 5,-10.156,11,1,1.989834014088729,0.407480866247419
peak_12,195,Channel 6,-3.7402,2,1,0.32652175758038127,0.3549416815341793
peak_12,195,Channel 7,32.0689,7,1,1.1719593844777771,0.40612194348783454
peak_12,195,Channel 8,42.0647,5,1,1.044404419914717,0.42778544856184425
peak_12,195,Channel 9,63.3678,4,1,0.7064482820289439,0.38022395595491737
peak_12,195,Channel 10,33.4717,1,1,-0.02949560977619627,0.36044882052301136
peak_12,195,Channel 11,-30.0176,0,1,0.13152380941527936,0.3684056527002758
peak_12,195,Channel 12,20.3537,9,1,1.7286546437072372,0.4057754280285861
peak_12,195,Channel 13,118.1675,-1,0,,0.6486606311614488
peak_12,195,Channel 14,54.0674,-1,0,,0.6618697294768812
peak_12,195,Channel 15,49.8334,-1,0,,0.6240155204450963
unphased,196,Channel 1,31.2649,-1,0,,0.6407955018217675
unphased,196,Channel 2,44.6449,-1,0,,0.6555050571863001
unphased,196,Channel 3,21.7699,-1,0,,0.6262437105861841
unphased,196,Channel 4,114.7785,-1,0,,0.6967617277091306
unphased,196,Channel 5,62.4991,-1,0,,0.6057059027627689
unphased,196,Channel 6,-82.0751,-1,0,,0.6400213896955123
unphased,196,Channel 7,42.8864,-1,0,,0.6736687888606343
unphased,196,Channel 8,-4.9972,-1,0,,0.6436289547658565
unphased,196,Channel 9,92.7221,-1,0,,0.647196560392375
unphased,196,Channel 10,-2.7983,-1,0,,0.6268284007874539
unphased,196,Channel 11,67.2988,-1,0,,0.6892612324505665
unphased,196,Channel 12,68.9514,-1,0,,0.6530982150212385
unphased,196,Channel 13,-20.2861,-1,0,,0.6559680721860528
unphased,196,Channel 14,62.3409,-1,0,,0.6612528214715124
unphased,196,Channel 15,-11.4463,-1,0,,0.634063664302649
peak_all,196,Channel 1,177.7161,0,2,0.4925846228878873,0.31341196435715907
peak_all,196,Channel 2,28.5197,3,2,0.9179072827223229,0.5013376837680845
peak_all,196,Channel 3,4.1596,10,2,1.274905137738563,0.3743003848066066
peak_all,196,Channel 4,67.0476,5,1,1.0000209441476415,0.4679387449337086
peak_all,196,Channel 5,246.0682,4,1,0.9387084812076512,0.37072844049755654
peak_all,196,Channel 6,9.6593,11,1,1.5795664978187354,0.4008415659527697
peak_all,196,Channel 7,53.4623,1,1,0.35158978076070097,0.46707810065812494
peak_all,196,Channel 8,-3.4553,8,1,1.3102379143185294,0.36493827886025015
peak_all,196,Channel 9,169.3376,6,1,0.9946870800389727,0.4773102994905801
peak_all,196,Channel 10,96.6764,2,1,0.7202590351404301,0.3806385450418511
peak_all,196,Channel 11,17.8782,9,1,1.3920907344275746,0.4684493795434911
peak_all,196,Channel 12,15.9911,7,1,1.0274424887909905,0.3902940354946748
peak_all,196,Channel 13,-299.2328,0,2,0.4925846228878873,0.3686666032603875
peak_all,196,Channel 14,62.6189,3,2,0.9179072827223229,0.4614326827135371
peak_all,196,Channel 15,3.8,10,2,1.274905137738563,0.3814580207040462
peak_12,196,Channel 1,-125.6156,0,1,0.4925846228878873,0.31341196435715907
peak_12,196,Channel 2,54.3075,3,1,0.9179072827223229,0.5013376837680845
peak_12,196,Channel 3,-1.7402,10,1,1.274905137738563,0.3743003848066066
peak_12,196,Channel 4,54.5736,5,1,1.0000209441476415,0.4679387449337086
peak_12,196,Channel 5,174.5818,4,1,0.9387084812076512,0.37072844049755654
peak_12,196,Channel 6,-8.715,11,1,1.5795664978187354,0.4008415659527697
peak_12,196,Channel 7,37.9614,1,1,0.35158978076070097,0.46707810065812494
peak_12,196,Channel 8,-18.3666,8,1,1.3102379143185294,0.36493827886025015
peak_12,196,Channel 9,102.8265,6,1,0.9946870800389727,0.4773102994905801
peak_12,196,Channel 10,82.0249,2,1,0.7202590351404301,0.3806385450418511
peak_12,196,Channel 11,7.3919,9,1,1.3920907344275746,0.4684493795434911
peak_12,196,Channel 12,9.6097,7,1,1.0274424887909905,0.3902940354946748
peak_12,196,Channel 13,-4.1317,-1,0,,0.6559680721860528
peak_12,196,Channel 14,153.9364,-1,0,,0.6612528214715124
peak_12,196,Channel 15,58.5085,-1,0,,0.634063664302649
unphased,197,Channel 1,-355.8612,-1,0,,0.6354153820771613
unphased,197,Channel 2,100.5115,-1,0,,0.6560299942052953
unphased,197,Channel 3,-40.3803,-1,0,,0.6127533637210134
unphased,197,Channel 4,21.0669,-1,0,,0.6576355347953785
unphased,197,Channel 5,-63.4171,-1,0,,0.6336198620954692
unphased,197,Channel 6,-50.6212,-1,0,,0.6527344600802815
unphased,197,Channel 7,12.7174,-1,0,,0.6621358127694341
unphased,197,Channel 8,40.8338,-1,0,,0.6500187334286601
unphased,197,Channel 9,226.0443,-1,0,,0.6443988964928371
unphased,197,Channel 10,41.9881,-1,0,,0.6548214619619053
unphased,197,Channel 11,87.5405,-1,0,,0.6818794449768701
unphased,197,Channel 12,89.6297,-1,0,,0.6606616405861417
unphased,197,Channel 13,66.3283,-1,0,,0.6609923295475562
unphased,197,Channel 14,73.6093,-1,0,,0.6565210954022674
unphased,197,Channel 15,29.115,-1,0,,0.6303819878597352
peak_all,197,Channel 1,-105.8338,6,2,0.6124558205202735,0.4015846579378704
peak_all,197,Channel 2,55.4357,10,2,1.911235931672826,0.4764288240567889
peak_all,197,Channel 3,-24.2993,1,2,0.23480204137037958,0.4779552503593412
peak_all,197,Channel 4,13.3929,11,1,2.156338427838559,0.46879572282853066
peak_all,197,Channel 5,13.9423,8,1,1.428471927028314,0.36177901087134506
peak_all,197,Channel 6,47.3277,5,1,0.6895983627547502,0.44221343902313565
peak_all,197,Channel 7,12.883,9,1,1.6736698998005928,0.43052549755138364
peak_all,197,Channel 8,25.0501,7,1,0.9397476336574843,0.36573019293381376
peak_all,197,Channel 9,208.3192,2,1,0.6038897300551838,0.4206247215083639
peak_all,197,Channel 10,-10.3557,0,1,0.3588969933876642,0.34960503971337675
peak_all,197,Channel 11,35.9297,4,1,0.7772637581014956,0.4070418347914158
peak_all,197,Channel 12,45.246,3,1,0.6136294738124789,0.4456272842518472
peak_all,197,Channel 13,116.8862,6,2,0.6124558205202735,0.4110258177204882
peak_all,197,Channel 14,0.9373,10,2,1.911235931672826,0.4550726232723858
peak_all,197,Channel 15,42.8885,1,2,0.23480204137037958,0.32426824667398707
peak_12,197,Channel 1,-76.0153,6,1,0.6124558205202735,0.4015846579378704
peak_12,197,Channel 2,29.594,10,1,1.911235931672826,0.4764288240567889
peak_12,197,Channel 3,-3.7643,1,1,0.23480204137037958,0.4779552503593412
peak_12,197,Channel 4,-3.7722,11,1,2.156338427838559,0.46879572282853066
peak_12,197,Channel 5,-41.1619,8,1,1.428471927028314,0.36177901087134506
peak_12,197,Channel 6,10.0919,5,1,0.6895983627547502,0.44221343902313565
peak_12,197,Channel 7,1.3344,9,1,1.6736698998005928,0.43052549755138364
peak_12,197,Channel 8,10.5772,7,1,0.9397476336574843,0.36573019293381376
peak_12,197,Channel 9,160.1652,2,1,0.6038897300551838,0.4206247215083639
peak_12,197,Channel 10,-53.4411,0,1,0.3588969933876642,0.34960503971337675
peak_12,197,Channel 11,19.1313,4,1,0.7772637581014956,0.4070418347914158
peak_12,197,Channel 12,19.0697,3,1,0.6136294738124789,0.4456272842518472
peak_12,197,Channel 13,271.4517,-1,0,,0.6609923295475562
peak_12,197,Channel 14,100.6763,-1,0,,0.6565210954022674
peak_12,197,Channel 15,81.2692,-1,0,,0.6303819878597352
unphased,198,Channel 1,-100.3354,-1,0,,0.6466149391526994
unphased,198,Channel 2,-42.016,-1,0,,0.6492148462591835
unphased,198,Channel 3,52.5075,-1,0,,0.6181367529701463
unphased,198,Channel 4,31.3041,-1,0,,0.6630228935388671
unphased,198,Channel 5,27.2434,-1,0,,0.628126708547436
unphased,198,Channel 6,39.4193,-1,0,,0.671920807482402
unphased,198,Channel 7,82.4579,-1,0,,0.6702800757701257
unphased,198,Channel 8,-24.2168,-1,0,,0.6347039888382522
unphased,198,Channel 9,66.7395,-1,0,,0.6537500828306718
unphased,198,Channel 10,89.6269,-1,0,,0.6357005621468163
unphased,198,Channel 11,43.1564,-1,0,,0.6847990189638036
unphased,198,Channel 12,28.8889,-1,0,,0.6506931274650516
unphased,198,Channel 13,-24.2218,-1,0,,0.6518406875614273
unphased,198,Channel 14,112.4334,-1,0,,0.6607502057154273
unphased,198,Channel 15,-36.2205,-1,0,,0.6304453027576957
peak_all,198,Channel 1,17.8682,8,2,1.5493150150367048,0.4274729470048115
peak_all,198,Channel 2,-57.9243,7,2,1.3457280439666668,0.4289758950821806
peak_all,198,Channel 3,72.0353,1,2,0.287565650078473,0.4877295367663751
peak_all,198,Channel 4,40.2837,10,1,1.5421907924730698,0.43451239901363664
peak_all,198,Channel 5,121.7785,3,1,0.5812225521175343,0.4034394660681159
peak_all,198,Channel 6,-2.8725,9,1,1.436972544935022,0.43004436022094344
peak_all,198,Channel 7,53.6624,6,1,1.0051996974706905,0.49370363597080735
peak_all,198,Channel 8,18.5804,5,1,0.749062108846514,0.3908957860291296
peak_all,198,Channel 9,-47.2979,0,1,0.515841374041139,0.3110591801841046
peak_all,198,Channel 10,32.6133,2,1,0.33797201956383643,0.3151917483657604
peak_all,198,Channel 11,10.4117,4,1,0.5805753823104135,0.3769999564964028
peak_all,198,Channel 12,31.3698,11,1,2.068354819159937,0.44149899069042803
peak_all,198,Channel 13,84.0811,8,2,1.5493150150367048,0.4276446222871111
peak_all,198,Channel 14,114.3185,7,2,1.3457280439666668,0.42914744427848056
peak_all,198,Channel 15,-32.4258,1,2,0.287565650078473,0.3292963754084818
peak_12,198,Channel 1,44.6905,8,1,1.5493150150367048,0.4274729470048115
peak_12,198,Channel 2,37.7094,7,1,1.3457280439666668,0.4289758950821806
peak_12,198,Channel 3,28.6776,1,1,0.287565650078473,0.4877295367663751
peak_12,198,Channel 4,25.1599,10,1,1.5421907924730698,0.43451239901363664
peak_12,198,Channel 5,91.6099,3,1,0.5812225521175343,0.4034394660681159
peak_12,198,Channel 6,-24.9941,9,1,1.436972544935022,0.43004436022094344
peak_12,198,Channel 7,39.2464,6,1,1.0051996974706905,0.49370363597080735
peak_12,198,Channel 8,13.1154,5,1,0.749062108846514,0.3908957860291296
peak_12,198,Channel 9,-97.2553,0,1,0.515841374041139,0.3110591801841046
peak_12,198,Channel 10,20.1608,2,1,0.33797201956383643,0.3151917483657604
peak_12,198,Channel 11,0.8148,4,1,0.5805753823104135,0.3769999564964028
peak_12,198,Channel 12,17.5591,11,1,2.068354819159937,0.44149899069042803
peak_12,198,Channel 13,179.3994,-1,0,,0.6518406875614273
peak_12,198,Channel 14,162.3286,-1,0,,0.6607502057154273
peak_12,198,Channel 15,-11.146,-1,0,,0.6304453027576957
unphased,199,Channel 1,110.7541,-1,0,,0.6503664735240632
unphased,199,Channel 2,227.2934,-1,0,,0.6756269458790726
unphased,199,Channel 3,1.6643,-1,0,,0.6462126922925633
unphased,199,Channel 4,167.5185,-1,0,,0.7254153944841363
unphased,199,Channel 5,144.862,-1,0,,0.6075941438920227
unphased,199,Channel 6,-109.5835,-1,0,,0.638782842597086
unphased,199,Channel 7,-71.8913,-1,0,,0.6240209201835171
unphased,199,Channel 8,67.2148,-1,0,,0.6663812580122511
unphased,199,Channel 9,-179.485,-1,0,,0.6206000264406601
unphased,199,Channel 10,-117.0128,-1,0,,0.5916362260300777
unphased,199,Channel 11,70.4718,-1,0,,0.6940911836657042
unphased,199,Channel 12,37.2372,-1,0,,0.6644917246282616
unphased,199,Channel 13,351.2034,-1,0,,0.651893856924326
unphased,199,Channel 14,-77.62,-1,0,,0.6334640556040619
unphased,199,Channel 15,-10.1187,-1,0,,0.659422255842197
peak_all,199,Channel 1,42.9175,5,2,-0.001694541376693248,0.4270093333418183
peak_all,199,Channel 2,169.5452,1,2,0.17850475828403664,0.4859135335690914
peak_all,199,Channel 3,61.1133,3,2,1.933644688886724,0.5215453452542863
peak_all,199,Channel 4,24.2402,10,1,1.2473212450976259,0.39957018186663545
peak_all,199,Channel 5,-24.4635,8,1,0.374449869043266,0.2702397170968754
peak_all,199,Channel 6,-25.0403,7,1,-0.8222958625755452,0.2693856405562529
peak_all,199,Channel 7,26.1872,0,1,2.2669533727815643,0.43624259695097856
peak_all,199,Channel 8,68.7055,4,1,1.531138836964219,0.46184310775405546
peak_all,199,Channel 9,39.1491,6,1,-0.6769050780741281,0.38976505440773174
peak_all,199,Channel 10,-6.2976,11,1,3.412186393206571,0.39170364211185166
peak_all,199,Channel 11,14.6245,9,1,0.8506189955541261,0.4141719190571674
peak_all,199,Channel 12,106.2031,2,1,1.7060773222082328,0.471779706554482
peak_all,199,Channel 13,85.5526,5,2,-0.001694541376693248,0.4191307522521141
peak_all,199,Channel 14,-52.7478,1,2,0.17850475828403664,0.4697559969667879
peak_all,199,Channel 15,17.2254,3,2,1.933644688886724,0.5092022275702963
peak_12,199,Channel 1,120.3469,5,1,-0.001694541376693248,0.4270093333418183
peak_12,199,Channel 2,136.76,1,1,0.17850475828403664,0.4859135335690914
peak_12,199,Channel 3,78.9504,3,1,1.933644688886724,0.5215453452542863
peak_12,199,Channel 4,25.8076,10,1,1.2473212450976259,0.39957018186663545
peak_12,199,Channel 5,-11.9087,8,1,0.374449869043266,0.2702397170968754
peak_12,199,Channel 6,-25.8645,7,1,-0.8222958625755452,0.2693856405562529
peak_12,199,Channel 7,27.6563,0,1,2.2669533727815643,0.43624259695097856
peak_12,199,Channel 8,72.1753,4,1,1.531138836964219,0.46184310775405546
peak_12,199,Channel 9,60.3572,6,1,-0.6769050780741281,0.38976505440773174
peak_12,199,Channel 10,-2.4088,11,1,3.412186393206571,0.39170364211185166
peak_12,199,Channel 11,17.1045,9,1,0.8506189955541261,0.4141719190571674
peak_12,199,Channel 12,108.4083,2,1,1.7060773222082328,0.471779706554482
peak_12,199,Channel 13,46.9565,-1,0,,0.651893856924326
peak_12,199,Channel 14,-52.165,-1,0,,0.6334640556040619
peak_12,199,Channel 15,-14.2242,-1,0,,0.659422255842197
